game_date,pitcher,batter,pitch_type,release_speed,release_spin_rate,pfx_x,pfx_z,plate_x,plate_z,balls,strikes,outs_when_up,inning,inning_topbot,on_1b,on_2b,on_3b,bat_score,fld_score,stand,p_throws,home_team,away_team,at_bat_number,pitch_number
2025-10-05,622554,519317,ST,85.8,2531,0.83,-0.22,1.1241839639602669,0.6717520643155486,0,2,2,9,Top,700250,592450,,7,13,R,R,TOR,NYY,82,3
2025-10-05,622554,519317,ST,86.0,2695,1.32,-0.16,1.1107252008617494,1.6672320254949002,0,1,2,9,Top,700250,592450,,7,13,R,R,TOR,NYY,82,2
2025-10-05,622554,519317,SI,97.3,2392,-1.22,0.5,-0.7455275937572314,1.9068157746287795,0,0,2,9,Top,700250,592450,,7,13,R,R,TOR,NYY,82,1
2025-10-05,622554,700250,FS,87.2,889,-0.49,0.73,0.9294246141540596,1.1365831669114446,3,2,2,9,Top,,592450,,7,13,L,R,TOR,NYY,81,7
2025-10-05,622554,700250,FS,85.8,764,-0.35,0.44,-1.2104296721757573,2.7274051176720286,2,2,2,9,Top,,592450,,7,13,L,R,TOR,NYY,81,6
2025-10-05,622554,700250,FS,85.4,820,-0.55,-0.02,0.2226650688455127,1.4813522869571267,2,2,2,9,Top,,592450,,7,13,L,R,TOR,NYY,81,5
2025-10-05,622554,700250,FF,97.2,2418,-0.21,1.09,-1.7596348064375302,5.081355288518999,1,2,2,9,Top,,592450,,7,13,L,R,TOR,NYY,81,4
2025-10-05,622554,700250,FF,97.4,2485,-0.09,1.19,0.2975187206798335,2.766945101201456,1,1,2,9,Top,,592450,,7,13,L,R,TOR,NYY,81,3
2025-10-05,622554,700250,FS,85.6,892,-0.85,0.41,-0.881570129609147,2.780981550873844,1,0,2,9,Top,,592450,,7,13,L,R,TOR,NYY,81,2
2025-10-05,622554,700250,FS,85.8,1001,-1.16,0.67,-1.766125600411837,2.662637850434622,0,0,2,9,Top,,592450,,7,13,L,R,TOR,NYY,81,1
2025-10-05,622554,641355,FF,98.3,2418,-0.26,1.19,-0.6815253025630477,3.06786876785813,3,2,1,9,Top,592450,,,7,13,L,R,TOR,NYY,80,6
2025-10-05,622554,641355,FF,96.7,2564,-0.37,1.27,0.4325133660148083,1.4875377807683885,2,2,1,9,Top,592450,,,7,13,L,R,TOR,NYY,80,5
2025-10-05,622554,641355,FF,97.4,2417,0.08,1.08,0.2319460585461129,3.3041751048855135,2,1,1,9,Top,592450,,,7,13,L,R,TOR,NYY,80,4
2025-10-05,622554,641355,FF,97.2,2407,-0.5,1.32,-1.13073790245533,2.6547820421398898,1,1,1,9,Top,592450,,,7,13,L,R,TOR,NYY,80,3
2025-10-05,622554,641355,FS,86.0,823,-0.76,-0.09,-1.3665240404288874,1.4276541054876677,0,1,1,9,Top,592450,,,7,13,L,R,TOR,NYY,80,2
2025-10-05,622554,641355,FF,96.8,2428,-0.5,0.99,-0.2094681835800407,2.622840009719913,0,0,1,9,Top,592450,,,7,13,L,R,TOR,NYY,80,1
2025-10-05,622554,592450,SI,96.2,2291,-1.03,0.78,0.6203933257849905,1.6773818619288148,3,1,1,9,Top,,,,7,13,R,R,TOR,NYY,79,5
2025-10-05,622554,592450,FF,97.9,2370,-0.17,1.25,-1.1956708565110548,3.0884788823807594,2,1,1,9,Top,,,,7,13,R,R,TOR,NYY,79,4
2025-10-05,622554,592450,FF,96.8,2439,-0.1,1.05,-0.0938778939256982,3.236088011047227,2,0,1,9,Top,,,,7,13,R,R,TOR,NYY,79,3
2025-10-05,622554,592450,ST,86.3,2552,1.01,0.51,1.2923680157354127,2.2705074578252495,1,0,1,9,Top,,,,7,13,R,R,TOR,NYY,79,2
2025-10-05,622554,592450,FF,97.5,2370,-0.11,1.2,-0.468370723018471,4.025719705531739,0,0,1,9,Top,,,,7,13,R,R,TOR,NYY,79,1
2025-10-05,622554,663757,FS,85.6,959,-0.67,0.19,0.7677014871922441,1.2741588304203009,1,2,0,9,Top,,,,7,13,L,R,TOR,NYY,78,4
2025-10-05,622554,663757,FS,86.7,907,-0.98,-0.19,-1.361564615222605,1.2132410601233374,0,2,0,9,Top,,,,7,13,L,R,TOR,NYY,78,3
2025-10-05,622554,663757,FS,84.8,973,-0.51,0.0,1.0238267209839833,2.1564153581062757,0,1,0,9,Top,,,,7,13,L,R,TOR,NYY,78,2
2025-10-05,622554,663757,FF,97.8,2213,-0.49,1.16,-0.6774395531412645,2.8095385543619704,0,0,0,9,Top,,,,7,13,L,R,TOR,NYY,78,1
2025-10-05,596133,662139,FF,97.1,2404,-0.73,1.48,-0.613376917125738,2.2494649049578728,0,0,2,8,Bot,,,,13,7,L,R,TOR,NYY,77,1
2025-10-05,701542,672386,SI,91.6,2144,-1.43,0.67,-0.8287561679110398,2.1538234595799324,0,2,1,8,Bot,,,,13,7,R,R,TOR,NYY,76,3
2025-10-05,701542,672386,SI,92.0,2318,-1.4,0.05,-0.9286352905768072,1.6621474454093312,0,1,1,8,Bot,,,,13,7,R,R,TOR,NYY,76,2
2025-10-05,701542,672386,SI,92.7,2275,-1.49,0.41,0.0492923791024735,0.950695421246885,0,0,1,8,Bot,,,,13,7,R,R,TOR,NYY,76,1
2025-10-05,701542,665489,FF,90.4,2376,-0.4,1.32,-0.0452155326313283,3.3285495838211334,0,1,0,8,Bot,,,,13,7,R,R,TOR,NYY,75,2
2025-10-05,701542,665489,FF,92.1,2374,-0.57,1.24,0.7882741581955951,2.0127902980009753,0,0,0,8,Bot,,,,13,7,R,R,TOR,NYY,75,1
2025-10-05,686973,502671,KC,89.1,2545,0.28,-0.73,0.1474214959411514,1.8442277913850496,0,1,2,8,Top,,,,7,13,R,R,TOR,NYY,74,2
2025-10-05,686973,502671,FF,98.1,2302,-0.67,1.25,-0.44791909626852,2.1856865288735228,0,0,2,8,Top,,,,7,13,R,R,TOR,NYY,74,1
2025-10-05,686973,683011,KC,89.5,2497,0.35,-0.12,0.6789580715472108,2.0253755882077975,3,2,1,8,Top,,,,7,13,R,R,TOR,NYY,73,6
2025-10-05,686973,683011,FF,100.0,2285,-0.65,1.21,1.102323924027698,1.8981143268144107,2,2,1,8,Top,,,,7,13,R,R,TOR,NYY,73,5
2025-10-05,686973,683011,KC,88.8,2700,0.66,-0.39,0.82368632443324,1.925160846628705,2,1,1,8,Top,,,,7,13,R,R,TOR,NYY,73,4
2025-10-05,686973,683011,KC,88.3,2669,0.49,-0.44,0.8999278258947547,2.0637510968067465,1,1,1,8,Top,,,,7,13,R,R,TOR,NYY,73,3
2025-10-05,686973,683011,KC,88.8,2443,0.39,-0.38,0.850920249341754,2.12814230819236,1,0,1,8,Top,,,,7,13,R,R,TOR,NYY,73,2
2025-10-05,686973,683011,SL,95.1,2411,0.07,0.88,1.4709412274472078,1.9654316562041303,0,0,1,8,Top,,,,7,13,R,R,TOR,NYY,73,1
2025-10-05,686973,641857,CH,93.0,1664,-0.99,0.0,-0.0892531210158752,1.3411767605622922,1,0,0,8,Top,,,,7,13,L,R,TOR,NYY,72,2
2025-10-05,686973,641857,SI,98.3,2257,-1.07,1.23,-0.7125443607045066,3.739392742374044,0,0,0,8,Top,,,,7,13,L,R,TOR,NYY,72,1
2025-10-05,701542,664770,FF,93.1,2365,-0.63,1.31,0.3714804689282077,3.710847370604737,2,2,2,7,Bot,,,543807,13,7,L,R,TOR,NYY,71,6
2025-10-05,701542,664770,FF,93.8,2421,-0.54,1.18,-0.8858085588451577,2.632732633764245,1,2,2,7,Bot,,,543807,13,7,L,R,TOR,NYY,71,5
2025-10-05,701542,664770,FF,94.0,2512,-0.63,1.4,0.4901898684863897,3.439415581644495,1,2,2,7,Bot,,,543807,13,7,L,R,TOR,NYY,71,4
2025-10-05,701542,664770,CU,82.4,2750,0.77,-0.54,1.5103822971997047,-0.7333764845522368,0,2,2,7,Bot,,543807,,13,7,L,R,TOR,NYY,71,3
2025-10-05,701542,664770,FF,92.6,2388,-0.61,1.44,0.6751564531403922,3.02012601459853,0,1,2,7,Bot,,543807,,13,7,L,R,TOR,NYY,71,2
2025-10-05,701542,664770,FF,92.7,2448,-0.67,1.37,0.6693506581989372,3.480808144662493,0,0,2,7,Bot,,543807,,13,7,L,R,TOR,NYY,71,1
2025-10-05,701542,543807,ST,82.4,2814,1.47,-0.26,0.0954489845146167,2.058025674566297,0,0,2,7,Bot,,,,13,7,R,R,TOR,NYY,70,1
2025-10-05,701542,664702,SI,92.6,2398,-1.07,0.45,1.1207344313705552,2.5450320391086603,2,2,1,7,Bot,,,,13,7,R,R,TOR,NYY,69,6
2025-10-05,701542,664702,FF,93.4,2418,-0.73,1.21,0.7164859410205753,2.3315660106325176,2,2,1,7,Bot,,,,13,7,R,R,TOR,NYY,69,5
2025-10-05,701542,664702,CU,79.7,2650,0.64,-0.87,0.0543426754161713,2.951717752481236,2,1,1,7,Bot,,,,13,7,R,R,TOR,NYY,69,4
2025-10-05,701542,664702,FF,92.3,2575,-0.63,1.48,0.5508192898481736,2.3596828631579063,2,0,1,7,Bot,,,,13,7,R,R,TOR,NYY,69,3
2025-10-05,701542,664702,SI,92.4,2356,-1.48,0.42,0.956775237333192,1.2711748141495511,1,0,1,7,Bot,,,,13,7,R,R,TOR,NYY,69,2
2025-10-05,701542,664702,FF,92.1,2612,-0.57,1.4,2.4759446585051306,1.439311211193819,0,0,1,7,Bot,,,,13,7,R,R,TOR,NYY,69,1
2025-10-05,701542,665926,CH,85.1,1525,-1.11,-0.13,-0.3404329883446453,1.8162069436800896,0,2,0,7,Bot,,,,13,7,L,R,TOR,NYY,68,3
2025-10-05,701542,665926,ST,80.8,2993,1.35,0.01,-1.056412692414391,2.346966486618153,0,1,0,7,Bot,,,,13,7,L,R,TOR,NYY,68,2
2025-10-05,701542,665926,FF,90.5,2390,-0.68,1.19,-0.733786600764143,3.095915938731685,0,0,0,7,Bot,,,,13,7,L,R,TOR,NYY,68,1
2025-10-05,689254,665862,ST,83.6,2767,-1.09,0.23,-0.4329950701338582,1.5367310758184265,0,1,2,7,Top,519317,,,7,13,L,L,TOR,NYY,67,2
2025-10-05,689254,665862,ST,82.3,2735,-1.35,0.3,-0.6259537239694763,1.7295162912609232,0,0,2,7,Top,519317,,,7,13,L,L,TOR,NYY,67,1
2025-10-05,667297,519317,CU,86.2,3175,0.8,-1.25,-0.0322861293922891,1.6504600617981868,2,2,2,7,Top,,700250,592450,5,13,R,R,TOR,NYY,66,5
2025-10-05,667297,519317,SL,89.7,2856,0.02,0.11,0.6530922482609617,2.788591871801155,2,1,2,7,Top,,700250,592450,5,13,R,R,TOR,NYY,66,4
2025-10-05,667297,519317,CU,85.6,2889,1.15,-1.15,0.0007950556882155,1.970498248300545,2,0,2,7,Top,,700250,592450,5,13,R,R,TOR,NYY,66,3
2025-10-05,667297,519317,SL,90.9,2863,0.08,0.29,1.0300363879448986,1.635420951774162,1,0,2,7,Top,,700250,592450,5,13,R,R,TOR,NYY,66,2
2025-10-05,667297,519317,SL,90.0,2930,0.01,0.13,1.141601160318279,2.3953175864927254,0,0,2,7,Top,,700250,592450,5,13,R,R,TOR,NYY,66,1
2025-10-05,667297,700250,SL,89.9,2693,0.08,0.08,0.1704401093994746,2.8008384945765936,2,1,2,7,Top,592450,663757,,4,13,L,R,TOR,NYY,65,4
2025-10-05,667297,700250,CU,85.3,2922,0.71,-1.31,-1.3304511148519556,2.189965198006002,1,1,2,7,Top,592450,663757,,4,13,L,R,TOR,NYY,65,3
2025-10-05,667297,700250,CU,86.3,2836,0.83,-1.26,-0.3908446820112369,1.8351799788918823,1,0,2,7,Top,592450,663757,,4,13,L,R,TOR,NYY,65,2
2025-10-05,667297,700250,CU,84.6,3103,0.95,-1.32,-1.0125577950968678,3.117692437322151,0,0,2,7,Top,592450,663757,,4,13,L,R,TOR,NYY,65,1
2025-10-05,667297,641355,CU,86.4,3188,0.98,-1.4,-0.9699920248349544,3.1838666491983165,1,1,1,7,Top,592450,663757,502671,3,13,L,R,TOR,NYY,64,3
2025-10-05,667297,641355,CU,85.2,3156,1.01,-1.35,0.1498823729604522,1.185654643558255,1,0,1,7,Top,592450,663757,502671,3,13,L,R,TOR,NYY,64,2
2025-10-05,667297,641355,CU,84.7,3211,1.21,-1.17,-1.0678263587357526,3.3811596763990703,0,0,1,7,Top,592450,663757,502671,3,13,L,R,TOR,NYY,64,1
2025-10-05,667297,592450,SI,94.6,2377,-1.18,1.05,-1.0336602916484776,2.987305263889705,1,1,1,7,Top,663757,502671,641857,2,13,R,R,TOR,NYY,63,3
2025-10-05,667297,592450,CU,84.9,2958,0.91,-1.08,-1.1630299239978628,3.0358773981464853,0,1,1,7,Top,663757,502671,641857,2,13,R,R,TOR,NYY,63,2
2025-10-05,667297,592450,SL,89.9,2877,-0.01,0.34,0.7156972798204342,2.431901657481743,0,0,1,7,Top,663757,502671,641857,2,13,R,R,TOR,NYY,63,1
2025-10-05,641778,663757,FF,94.4,2361,0.59,1.25,-0.1739588478686435,2.459313509327866,1,2,1,7,Top,502671,641857,,2,13,L,L,TOR,NYY,62,4
2025-10-05,641778,663757,SL,85.1,2147,-0.23,0.32,0.3729469450105786,2.3514584705096224,1,1,1,7,Top,502671,641857,,2,13,L,L,TOR,NYY,62,3
2025-10-05,641778,663757,FF,92.7,2249,0.71,1.18,-0.2132826252367198,2.8562962117816504,1,0,1,7,Top,502671,641857,,2,13,L,L,TOR,NYY,62,2
2025-10-05,641778,663757,SL,84.9,2097,-0.28,0.26,0.6983103971778846,3.538148020107236,0,0,1,7,Top,502671,641857,,2,13,L,L,TOR,NYY,62,1
2025-10-05,641778,502671,CU,76.6,2420,-0.91,-0.75,0.3915737384368863,2.0103930331807556,2,1,1,7,Top,641857,,,2,13,R,L,TOR,NYY,61,4
2025-10-05,641778,502671,FC,87.9,2446,-0.27,0.73,-0.1353107941520974,1.044934170900934,1,1,1,7,Top,641857,,,2,13,R,L,TOR,NYY,61,3
2025-10-05,641778,502671,FC,88.5,2350,-0.07,0.51,-1.9523342532589625,2.1502006508915685,0,1,1,7,Top,641857,,,2,13,R,L,TOR,NYY,61,2
2025-10-05,641778,502671,FF,93.0,2196,0.72,1.2,-0.7943951991692938,2.5025671943174914,0,0,1,7,Top,641857,,,2,13,R,L,TOR,NYY,61,1
2025-10-05,641778,683011,SL,85.2,2046,-0.08,0.22,0.0071705215387127,1.4991394433849037,1,2,0,7,Top,641857,,,2,13,R,L,TOR,NYY,60,5
2025-10-05,641778,683011,FF,93.5,2334,0.67,1.13,0.356011196112637,3.3005028152466074,1,2,0,7,Top,641857,,,2,13,R,L,TOR,NYY,60,4
2025-10-05,641778,683011,FC,87.3,2520,-0.43,0.53,-1.0544639514301406,2.5859719859716535,1,1,0,7,Top,641857,,,2,13,R,L,TOR,NYY,60,3
2025-10-05,641778,683011,CU,75.5,2546,-0.97,-0.92,-1.2133761826811822,1.6189860173541133,0,1,0,7,Top,641857,,,2,13,R,L,TOR,NYY,60,2
2025-10-05,641778,683011,CU,75.4,2491,-0.94,-1.0,-0.0384053018712701,2.2415459720801536,0,0,0,7,Top,641857,,,2,13,R,L,TOR,NYY,60,1
2025-10-05,641778,641857,SL,83.4,2235,-0.33,0.1,0.163216743773043,2.2047212867119272,1,1,0,7,Top,,,,2,13,L,L,TOR,NYY,59,3
2025-10-05,641778,641857,FF,93.1,2253,0.61,1.15,-1.0238391894125838,2.697338621375036,0,1,0,7,Top,,,,2,13,L,L,TOR,NYY,59,2
2025-10-05,641778,641857,FF,91.8,2225,0.65,1.08,-0.1752466849469008,1.7525833467979235,0,0,0,7,Top,,,,2,13,L,L,TOR,NYY,59,1
2025-10-05,701542,643396,SI,93.7,2270,-1.44,0.21,0.6312594652009118,2.942474320463314,2,2,2,6,Bot,676391,,,13,2,R,R,TOR,NYY,58,7
2025-10-05,701542,643396,ST,82.6,2837,1.16,-0.11,1.408558687185188,1.0351019040972442,1,2,2,6,Bot,676391,,,13,2,R,R,TOR,NYY,58,6
2025-10-05,701542,643396,CU,81.2,2919,1.01,-0.92,0.2403256686250354,1.444576419641288,1,2,2,6,Bot,676391,,,13,2,R,R,TOR,NYY,58,5
2025-10-05,701542,643396,FF,92.4,2591,-0.54,1.15,0.158047171078169,3.043578838120423,1,2,2,6,Bot,676391,,,13,2,R,R,TOR,NYY,58,4
2025-10-05,701542,643396,SI,94.2,2390,-1.3,0.64,-0.0842800728234391,1.0359692912636378,0,2,2,6,Bot,676391,,,13,2,R,R,TOR,NYY,58,3
2025-10-05,701542,643396,FF,92.4,2471,-0.43,1.06,0.787510618768811,3.1321191979792125,0,1,2,6,Bot,676391,,,13,2,R,R,TOR,NYY,58,2
2025-10-05,701542,643396,FF,92.4,2520,-0.29,1.33,0.85342854422875,1.512756064145595,0,0,2,6,Bot,676391,,,13,2,R,R,TOR,NYY,58,1
2025-10-05,701542,676391,FF,90.8,2514,-0.12,0.96,0.7983305660699143,1.3505284068869905,0,2,2,6,Bot,,,,13,2,R,R,TOR,NYY,57,3
2025-10-05,701542,676391,ST,82.6,2937,1.25,-0.23,-0.5445176984515208,2.585996271524772,0,1,2,6,Bot,,,,13,2,R,R,TOR,NYY,57,2
2025-10-05,701542,676391,ST,83.5,2956,1.13,-0.13,-0.5748014339416639,1.895435911102644,0,0,2,6,Bot,,,,13,2,R,R,TOR,NYY,57,1
2025-10-05,701542,662139,CU,82.8,2769,0.73,-0.78,0.3131401097237022,0.9783603673813096,1,2,2,6,Bot,,,,12,2,L,R,TOR,NYY,56,4
2025-10-05,701542,662139,FF,92.0,2391,-0.31,1.13,0.1278365601040145,3.608382555375429,1,1,2,6,Bot,,,,12,2,L,R,TOR,NYY,56,3
2025-10-05,701542,662139,ST,82.0,2800,1.47,0.22,-1.3379019262805405,3.3534578242790554,0,1,2,6,Bot,,,,12,2,L,R,TOR,NYY,56,2
2025-10-05,701542,662139,SI,93.0,2383,-1.44,0.26,-0.5046226596732335,2.321000543146069,0,0,2,6,Bot,,,,12,2,L,R,TOR,NYY,56,1
2025-10-05,701542,672386,ST,82.8,2872,1.17,-0.04,0.479643782227497,1.4829173936157138,0,1,1,6,Bot,,,,12,2,R,R,TOR,NYY,55,2
2025-10-05,701542,672386,FF,91.0,2523,-0.72,1.29,0.3770993723586801,1.896720613218432,0,0,1,6,Bot,,,,12,2,R,R,TOR,NYY,55,1
2025-10-05,701542,665489,FF,91.8,2567,-0.38,1.38,-0.1213501252888143,2.490424264649996,2,2,0,6,Bot,,,,12,2,R,R,TOR,NYY,54,5
2025-10-05,701542,665489,ST,83.2,2863,1.07,0.3,-0.2755081814886287,2.0093063333907932,2,1,0,6,Bot,,,,12,2,R,R,TOR,NYY,54,4
2025-10-05,701542,665489,FF,91.5,2549,-0.33,1.38,1.3546616025763845,2.4309976482075113,1,1,0,6,Bot,,,,12,2,R,R,TOR,NYY,54,3
2025-10-05,701542,665489,SI,91.6,2280,-1.29,0.42,-1.2810891440926595,2.0142534618279653,0,1,0,6,Bot,,,,12,2,R,R,TOR,NYY,54,2
2025-10-05,701542,665489,SI,91.4,2390,-1.21,0.51,0.2802657791575758,3.441934975163651,0,0,0,6,Bot,,,,12,2,R,R,TOR,NYY,54,1
2025-10-05,680755,665862,SL,88.8,2457,0.21,0.14,0.1006865670353792,3.752128729545216,1,2,2,6,Top,,519317,700250,2,12,L,R,TOR,NYY,53,5
2025-10-05,680755,665862,FF,96.9,2252,-0.57,1.35,-0.1619535479669728,3.3238276465780414,1,2,2,6,Top,,519317,700250,2,12,L,R,TOR,NYY,53,4
2025-10-05,680755,665862,CU,83.4,2601,0.32,-1.05,-0.1937098178069306,3.390928632269828,1,1,2,6,Top,,519317,700250,2,12,L,R,TOR,NYY,53,3
2025-10-05,680755,665862,CU,84.0,2633,0.27,-0.98,-0.0045510808953572,1.9631181743618955,1,0,2,6,Top,,519317,700250,2,12,L,R,TOR,NYY,53,2
2025-10-05,680755,665862,FF,97.4,2390,-0.62,1.41,0.1905379175008419,4.229598793804095,0,0,2,6,Top,,519317,700250,2,12,L,R,TOR,NYY,53,1
2025-10-05,680755,519317,CU,83.1,2671,0.3,-1.37,-0.4605101864404277,2.587242796508791,3,1,2,6,Top,700250,,,2,12,R,R,TOR,NYY,52,5
2025-10-05,680755,519317,FF,96.5,2330,-0.36,1.45,-0.7588861392116442,4.159844707719074,2,1,2,6,Top,700250,,,2,12,R,R,TOR,NYY,52,4
2025-10-05,680755,519317,FF,96.9,2350,-0.31,1.54,0.599175743043399,4.588981718655089,1,1,2,6,Top,700250,,,2,12,R,R,TOR,NYY,52,3
2025-10-05,680755,519317,SL,88.2,2312,0.03,0.33,0.7641215600184548,1.6551731712382418,1,0,2,6,Top,700250,,,2,12,R,R,TOR,NYY,52,2
2025-10-05,680755,519317,CU,83.0,2570,0.0,-1.18,-0.1620945302887806,0.8226410505827122,0,0,2,6,Top,700250,,,2,12,R,R,TOR,NYY,52,1
2025-10-05,677865,700250,SI,90.8,2234,1.18,0.28,0.6057458648529608,2.713074848557548,0,0,2,6,Top,,,,2,12,L,L,TOR,NYY,51,1
2025-10-05,677865,641355,ST,79.1,2677,-1.61,-0.41,0.4386665192419472,2.316897216941154,0,2,2,6,Top,,592450,,0,12,L,L,TOR,NYY,50,3
2025-10-05,677865,641355,SI,90.9,2134,1.35,0.16,-0.2366099067371243,1.9751964420220176,0,1,2,6,Top,,592450,,0,12,L,L,TOR,NYY,50,2
2025-10-05,677865,641355,ST,77.7,2656,-1.36,-0.54,-0.085892917530947,1.951371268225481,0,0,2,6,Top,592450,,,0,12,L,L,TOR,NYY,50,1
2025-10-05,677865,592450,ST,78.0,2569,-1.78,-0.25,-0.1250634565204076,1.8347886038041192,2,2,2,6,Top,,,,0,12,R,L,TOR,NYY,49,5
2025-10-05,677865,592450,FC,87.8,2469,-0.21,0.35,0.1559649518752702,4.023695794971908,2,1,2,6,Top,,,,0,12,R,L,TOR,NYY,49,4
2025-10-05,677865,592450,FC,88.5,2464,-0.27,0.48,-1.1602229912735351,1.6639792420313704,1,1,2,6,Top,,,,0,12,R,L,TOR,NYY,49,3
2025-10-05,677865,592450,ST,77.4,2666,-1.62,-0.22,-0.6643010422613709,2.495801795460447,1,0,2,6,Top,,,,0,12,R,L,TOR,NYY,49,2
2025-10-05,677865,592450,SI,90.4,2070,1.42,0.31,0.2610045784120263,1.6990101784405502,0,0,2,6,Top,,,,0,12,R,L,TOR,NYY,49,1
2025-10-05,677865,663757,ST,79.1,2657,-1.67,-0.14,-0.6369106912047375,2.2821385692825764,0,2,1,6,Top,,,,0,12,L,L,TOR,NYY,48,3
2025-10-05,677865,663757,ST,78.4,2675,-1.84,-0.21,-0.2641460202356143,2.3875312982487285,0,1,1,6,Top,,,,0,12,L,L,TOR,NYY,48,2
2025-10-05,677865,663757,FC,88.1,2476,-0.13,0.73,0.1079093366831473,2.174319933898402,0,0,1,6,Top,,,,0,12,L,L,TOR,NYY,48,1
2025-10-05,702056,669224,FS,82.5,1621,-0.98,0.26,-0.5024141559436922,2.3470774331946225,0,1,0,6,Top,,,,0,12,L,R,TOR,NYY,47,2
2025-10-05,702056,669224,FS,82.6,1732,-1.2,0.65,-0.0468097709788613,1.6506252791592422,0,0,0,6,Top,,,,0,12,L,R,TOR,NYY,47,1
2025-10-05,701542,676914,FF,93.7,2722,-0.4,1.31,-0.1842268955419785,3.851307343046477,3,2,2,5,Bot,,,,12,0,R,R,TOR,NYY,46,7
2025-10-05,701542,676914,SI,94.3,2615,-1.48,0.26,0.7855475480267191,3.2142474281377353,2,2,2,5,Bot,,,,12,0,R,R,TOR,NYY,46,6
2025-10-05,701542,676914,ST,85.0,3018,1.3,0.03,1.595125641493488,1.979729746611261,1,2,2,5,Bot,,,,12,0,R,R,TOR,NYY,46,5
2025-10-05,701542,676914,FF,93.4,2632,-0.71,1.3,0.2265602383166757,2.6674040111977395,1,2,2,5,Bot,,,,12,0,R,R,TOR,NYY,46,4
2025-10-05,701542,676914,CU,83.1,2816,0.63,-0.86,0.356611329837358,1.6563145259268437,1,1,2,5,Bot,,,,12,0,R,R,TOR,NYY,46,3
2025-10-05,701542,676914,ST,85.4,3038,1.37,0.34,2.3510339962671756,0.8962365201074065,0,1,2,5,Bot,,,,12,0,R,R,TOR,NYY,46,2
2025-10-05,701542,676914,FF,93.2,2624,-0.54,1.34,0.8775300963013001,2.894462751927367,0,0,2,5,Bot,,,,12,0,R,R,TOR,NYY,46,1
2025-10-05,701542,543807,SI,93.6,2415,-1.37,0.65,-0.6341336084060853,2.3156799006517472,0,0,2,5,Bot,,,,11,0,R,R,TOR,NYY,45,1
2025-10-05,701542,664702,FF,94.6,2637,-0.61,1.4,0.0076327734821161,3.2988109192451898,2,2,1,5,Bot,,,,11,0,R,R,TOR,NYY,44,5
2025-10-05,701542,664702,FF,93.3,2619,-0.52,1.4,0.2484322913215553,2.8736480366619075,2,1,1,5,Bot,,,,11,0,R,R,TOR,NYY,44,4
2025-10-05,701542,664702,ST,81.7,2912,1.37,-0.04,-1.7936839962226676,3.173571882729162,1,1,1,5,Bot,,,,11,0,R,R,TOR,NYY,44,3
2025-10-05,701542,664702,SI,93.1,2436,-1.53,0.44,-0.210060543543064,2.893021740168188,1,0,1,5,Bot,,,,11,0,R,R,TOR,NYY,44,2
2025-10-05,701542,664702,SI,91.9,2334,-1.34,0.41,-0.0140443778379171,3.880811368042953,0,0,1,5,Bot,,,,11,0,R,R,TOR,NYY,44,1
2025-10-05,701542,665926,ST,82.6,3066,1.62,-0.18,0.2102535950913304,2.7948629871432993,0,0,0,5,Bot,,,,11,0,L,R,TOR,NYY,43,1
2025-10-05,702056,683011,FS,84.7,1587,-1.14,0.71,-0.4820696392170887,0.8218207230434893,1,2,2,5,Top,665862,,,0,11,R,R,TOR,NYY,42,4
2025-10-05,702056,683011,FS,84.4,1462,-0.95,0.8,-0.945344918586476,3.2318818317060956,0,2,2,5,Top,665862,,,0,11,R,R,TOR,NYY,42,3
2025-10-05,702056,683011,FF,94.6,2266,-0.43,1.58,0.6041465746948987,2.395169658324314,0,1,2,5,Top,665862,,,0,11,R,R,TOR,NYY,42,2
2025-10-05,702056,683011,SL,89.9,2140,-0.76,0.37,-0.9763654748974028,1.4764735731035217,0,0,2,5,Top,665862,,,0,11,R,R,TOR,NYY,42,1
2025-10-05,702056,641857,FS,84.0,1440,-1.09,0.06,-0.315505848871357,2.605260780851807,1,2,1,5,Top,665862,,,0,11,L,R,TOR,NYY,41,5
2025-10-05,702056,641857,FF,95.1,2272,-0.55,1.49,0.1683196561571242,1.731056933718365,1,2,1,5,Top,665862,,,0,11,L,R,TOR,NYY,41,4
2025-10-05,702056,641857,FS,83.2,1312,-1.19,0.43,-0.9415176659602372,1.3860695092731294,0,2,1,5,Top,665862,,,0,11,L,R,TOR,NYY,41,3
2025-10-05,702056,641857,FS,82.0,1470,-1.24,0.38,-0.0618738508027738,1.6446311157102895,0,1,1,5,Top,665862,,,0,11,L,R,TOR,NYY,41,2
2025-10-05,702056,641857,FF,94.2,2246,-0.49,1.56,0.6025948259824714,2.1403262238744785,0,0,1,5,Top,665862,,,0,11,L,R,TOR,NYY,41,1
2025-10-05,702056,665862,FS,83.3,1383,-0.89,0.47,-0.1349019755137038,2.2823252999777917,0,1,1,5,Top,,,,0,11,L,R,TOR,NYY,40,2
2025-10-05,702056,665862,FS,82.7,1498,-0.97,0.46,-0.6199482770099151,2.764761873638989,0,0,1,5,Top,,,,0,11,L,R,TOR,NYY,40,1
2025-10-05,702056,519317,SL,88.4,2231,-0.57,0.25,-0.3539855785354722,2.1397695817887814,2,0,0,5,Top,,,,0,11,R,R,TOR,NYY,39,3
2025-10-05,702056,519317,FF,93.2,2339,-0.34,1.66,1.0635919509445708,1.546065597138718,1,0,0,5,Top,,,,0,11,R,R,TOR,NYY,39,2
2025-10-05,702056,519317,FF,92.8,2313,-0.44,1.66,1.35409931753557,1.827997237974751,0,0,0,5,Top,,,,0,11,R,R,TOR,NYY,39,1
2025-10-05,701542,643396,SI,94.1,2513,-1.43,0.33,-0.2915846745488479,2.0235083542173515,1,1,2,4,Bot,,,,11,0,R,R,TOR,NYY,38,3
2025-10-05,701542,643396,FF,94.0,2632,-0.85,1.26,0.8482400101048669,2.818532772399927,1,0,2,4,Bot,,,,11,0,R,R,TOR,NYY,38,2
2025-10-05,701542,643396,FF,94.5,2675,-0.65,1.25,-0.6845228264221165,3.9795024636000473,0,0,2,4,Bot,,,,11,0,R,R,TOR,NYY,38,1
2025-10-05,701542,676391,ST,84.5,3037,1.67,0.12,0.6966672353189516,2.449075833961672,0,0,1,4,Bot,,,,11,0,R,R,TOR,NYY,37,1
2025-10-05,701542,662139,CH,88.4,1638,-1.13,0.0,-0.2797220377707148,2.06605082156595,2,2,1,4,Bot,672386,,,9,0,L,R,TOR,NYY,36,5
2025-10-05,701542,662139,CH,88.3,1570,-1.43,0.19,-1.2957113603006394,2.4186712165214304,1,2,1,4,Bot,672386,,,9,0,L,R,TOR,NYY,36,4
2025-10-05,701542,662139,CU,80.9,2946,0.96,-1.05,0.6305690669595124,1.7394287400991026,1,1,1,4,Bot,672386,,,9,0,L,R,TOR,NYY,36,3
2025-10-05,701542,662139,FF,94.0,2563,-0.66,1.47,0.2230961461933616,3.268780712729617,1,0,1,4,Bot,672386,,,9,0,L,R,TOR,NYY,36,2
2025-10-05,701542,662139,FF,92.6,2476,-0.63,1.06,0.9601756260244476,3.550879858139985,0,0,1,4,Bot,672386,,,9,0,L,R,TOR,NYY,36,1
2025-10-05,701542,672386,SI,95.9,2484,-1.43,0.39,0.39010705138364,2.9784174164290222,3,2,1,4,Bot,,,,9,0,R,R,TOR,NYY,35,6
2025-10-05,701542,672386,SI,95.2,2570,-1.37,0.27,-0.1648260824434024,3.097165194601492,3,1,1,4,Bot,,,,9,0,R,R,TOR,NYY,35,5
2025-10-05,701542,672386,SI,94.5,2479,-1.31,0.29,-0.9411498163501326,3.2176414078406497,2,1,1,4,Bot,,,,9,0,R,R,TOR,NYY,35,4
2025-10-05,701542,672386,FF,94.2,2727,-0.57,1.3,1.1721362501526478,2.860353982756746,2,0,1,4,Bot,,,,9,0,R,R,TOR,NYY,35,3
2025-10-05,701542,672386,SI,94.6,2535,-1.49,0.48,1.099465298166816,2.2230457497848213,1,0,1,4,Bot,,,,9,0,R,R,TOR,NYY,35,2
2025-10-05,701542,672386,ST,85.2,2920,1.55,0.12,1.7244157235969624,2.1406914999111453,0,0,1,4,Bot,,,,9,0,R,R,TOR,NYY,35,1
2025-10-05,701542,665489,FF,95.8,2708,-0.67,1.33,-0.7917221904163381,2.8488913643060085,2,1,1,4,Bot,543807,664702,665926,5,0,R,R,TOR,NYY,34,4
2025-10-05,701542,665489,SI,96.4,2634,-1.3,0.42,0.0865165096828153,3.1063200590187785,2,0,1,4,Bot,543807,664702,665926,5,0,R,R,TOR,NYY,34,3
2025-10-05,701542,665489,SI,95.8,2483,-1.69,0.21,0.1368676460843858,1.5122944265680371,1,0,1,4,Bot,543807,664702,665926,5,0,R,R,TOR,NYY,34,2
2025-10-05,701542,665489,ST,86.2,3137,1.56,-0.06,1.92883408845072,1.0852115452207558,0,0,1,4,Bot,543807,664702,665926,5,0,R,R,TOR,NYY,34,1
2025-10-05,701542,676914,FF,97.3,2764,-0.71,1.49,0.525689891835937,2.3377973057954886,1,2,0,4,Bot,543807,664702,665926,5,0,R,R,TOR,NYY,33,4
2025-10-05,701542,676914,SI,96.9,2498,-1.55,0.5,-0.4660687702346857,3.003937896335711,1,1,0,4,Bot,543807,664702,665926,5,0,R,R,TOR,NYY,33,3
2025-10-05,701542,676914,FF,96.4,2679,-0.61,1.41,0.2947285437794477,2.911014140327985,1,0,0,4,Bot,543807,664702,665926,5,0,R,R,TOR,NYY,33,2
2025-10-05,701542,676914,FF,95.9,2664,-0.83,1.21,1.1736602844531072,1.0553569569267391,0,0,0,4,Bot,543807,664702,665926,5,0,R,R,TOR,NYY,33,1
2025-10-05,701542,543807,SI,95.3,2517,-1.48,0.57,1.2419814433941665,2.2732572045471744,3,1,0,4,Bot,664702,665926,,5,0,R,R,TOR,NYY,32,5
2025-10-05,701542,543807,SI,96.4,2509,-1.38,0.88,1.5896104674898497,1.65560331214275,2,1,0,4,Bot,664702,665926,,5,0,R,R,TOR,NYY,32,4
2025-10-05,701542,543807,ST,85.5,3077,1.17,0.33,1.4892829254443067,2.0520553468947433,1,1,0,4,Bot,664702,665926,,5,0,R,R,TOR,NYY,32,3
2025-10-05,701542,543807,SI,95.0,2422,-1.46,0.24,-1.098581729961551,2.5264239831829736,0,1,0,4,Bot,664702,665926,,5,0,R,R,TOR,NYY,32,2
2025-10-05,701542,543807,SI,95.5,2351,-1.42,0.17,-0.2189714206561794,1.863865994710019,0,0,0,4,Bot,664702,665926,,5,0,R,R,TOR,NYY,32,1
2025-10-05,608331,664702,FC,94.7,2209,0.1,0.85,1.1760166475676677,2.4703098321289927,3,2,0,4,Bot,665926,,,5,0,R,L,TOR,NYY,31,6
2025-10-05,608331,664702,FF,92.4,2124,0.43,1.03,0.7085508107730351,1.9484517680715383,3,1,0,4,Bot,665926,,,5,0,R,L,TOR,NYY,31,5
2025-10-05,608331,664702,FF,96.3,2221,0.55,1.3,0.2878114316647275,1.109231249125902,2,1,0,4,Bot,665926,,,5,0,R,L,TOR,NYY,31,4
2025-10-05,608331,664702,FC,91.4,2179,0.0,0.73,-0.3886152032753196,2.3005515518989146,2,0,0,4,Bot,665926,,,5,0,R,L,TOR,NYY,31,3
2025-10-05,608331,664702,SI,93.2,1995,0.81,0.23,1.498386719809072,2.728352280804962,1,0,0,4,Bot,665926,,,5,0,R,L,TOR,NYY,31,2
2025-10-05,608331,664702,CH,86.0,1620,1.34,0.07,-0.0416032917582558,1.551602798318949,0,0,0,4,Bot,665926,,,5,0,R,L,TOR,NYY,31,1
2025-10-05,608331,665926,FF,97.5,2235,0.17,1.22,-0.1148678328686857,3.823269587028906,2,2,0,4,Bot,,,,5,0,L,L,TOR,NYY,30,5
2025-10-05,608331,665926,SI,93.3,2154,0.46,0.73,0.1184725225345588,3.116709690167042,2,1,0,4,Bot,,,,5,0,L,L,TOR,NYY,30,4
2025-10-05,608331,665926,SI,95.5,2246,0.45,0.68,-1.5712441990387234,1.3933929367256406,1,1,0,4,Bot,,,,5,0,L,L,TOR,NYY,30,3
2025-10-05,608331,665926,CU,77.6,2892,-0.58,-1.66,-1.7954596010286004,-0.2077035128706263,0,1,0,4,Bot,,,,5,0,L,L,TOR,NYY,30,2
2025-10-05,608331,665926,FF,95.0,2140,0.19,1.22,0.2282752144895306,3.361519063165246,0,0,0,4,Bot,,,,5,0,L,L,TOR,NYY,30,1
2025-10-05,702056,700250,FS,84.9,1407,-1.08,0.52,-0.5319009029443532,2.0095209883645873,2,2,2,4,Top,,,,0,5,L,R,TOR,NYY,29,5
2025-10-05,702056,700250,FF,93.9,2229,-0.46,1.57,1.2702186669720987,3.592445709750121,1,2,2,4,Top,,,,0,5,L,R,TOR,NYY,29,4
2025-10-05,702056,700250,FF,94.1,2242,-0.29,1.58,0.2221662664745287,2.1086147750791464,1,1,2,4,Top,,,,0,5,L,R,TOR,NYY,29,3
2025-10-05,702056,700250,FS,83.2,1362,-0.91,0.57,0.0985452806385361,2.388989352140467,1,0,2,4,Top,,,,0,5,L,R,TOR,NYY,29,2
2025-10-05,702056,700250,FF,94.4,2324,-0.52,1.6,0.1017304097493633,0.7151359172819858,0,0,2,4,Top,,,,0,5,L,R,TOR,NYY,29,1
2025-10-05,702056,641355,FS,84.3,1565,-0.99,0.81,-0.3699539321589287,1.0351604799848195,3,2,1,4,Top,,,,0,5,L,R,TOR,NYY,28,6
2025-10-05,702056,641355,FF,94.7,2354,-0.21,1.52,0.0863014838068776,3.3412738588158657,3,1,1,4,Top,,,,0,5,L,R,TOR,NYY,28,5
2025-10-05,702056,641355,FF,94.8,2277,0.08,1.52,1.1880880634880315,3.169355676921124,2,1,1,4,Top,,,,0,5,L,R,TOR,NYY,28,4
2025-10-05,702056,641355,FF,94.1,2184,-0.25,1.43,0.0934453872544874,3.33712268159485,2,0,1,4,Top,,,,0,5,L,R,TOR,NYY,28,3
2025-10-05,702056,641355,SL,87.2,2240,-0.23,0.28,-0.5634165590873805,0.3904502651047932,1,0,1,4,Top,,,,0,5,L,R,TOR,NYY,28,2
2025-10-05,702056,641355,FF,94.3,2234,-0.33,1.66,-1.0633627802325205,2.880814842901108,0,0,1,4,Top,,,,0,5,L,R,TOR,NYY,28,1
2025-10-05,702056,592450,FF,94.2,2215,-0.36,1.56,-0.2713581397503393,4.234665395673346,3,2,0,4,Top,,,,0,5,R,R,TOR,NYY,27,6
2025-10-05,702056,592450,SL,88.1,2175,-0.34,0.39,1.0919782802474367,0.8594532369472829,2,2,0,4,Top,,,,0,5,R,R,TOR,NYY,27,5
2025-10-05,702056,592450,SL,89.5,2190,-0.52,0.36,-1.0888634681335945,2.6098148848082277,2,1,0,4,Top,,,,0,5,R,R,TOR,NYY,27,4
2025-10-05,702056,592450,FF,94.7,2310,-0.29,1.6,1.1077111780362432,3.0624783679555376,1,1,0,4,Top,,,,0,5,R,R,TOR,NYY,27,3
2025-10-05,702056,592450,FS,83.2,1540,-1.03,0.88,-0.5598209941502998,1.17684011574972,0,1,0,4,Top,,,,0,5,R,R,TOR,NYY,27,2
2025-10-05,702056,592450,FF,93.8,2263,-0.49,1.68,-0.265551651033625,2.95071247179007,0,0,0,4,Top,,,,0,5,R,R,TOR,NYY,27,1
2025-10-05,608331,643396,CU,74.7,2795,-0.93,-0.96,0.3189808006159459,2.698317977633006,1,0,2,3,Bot,,676391,,5,0,R,L,TOR,NYY,26,2
2025-10-05,608331,643396,CU,75.7,3013,-1.11,-1.25,-0.8468843102321458,3.2741049670243214,0,0,2,3,Bot,,676391,,5,0,R,L,TOR,NYY,26,1
2025-10-05,608331,676391,CH,86.1,1465,1.28,0.11,-0.3891015220904705,1.3307164424666111,1,2,2,3,Bot,,662139,,4,0,R,L,TOR,NYY,25,4
2025-10-05,608331,676391,FC,95.1,2390,-0.23,0.53,-0.8627060899456152,3.8164913417464974,1,1,2,3,Bot,,662139,,4,0,R,L,TOR,NYY,25,3
2025-10-05,608331,676391,FF,97.6,2217,0.03,1.25,-0.1976605523631787,4.906410657258555,0,1,2,3,Bot,,662139,,4,0,R,L,TOR,NYY,25,2
2025-10-05,608331,676391,SI,94.2,2092,0.64,0.23,0.247872039600619,3.1025834531897063,0,0,2,3,Bot,,662139,,4,0,R,L,TOR,NYY,25,1
2025-10-05,608331,662139,SI,96.4,2219,0.76,0.4,0.2017963607618337,1.931315003779849,0,0,2,3,Bot,,665489,,3,0,L,L,TOR,NYY,24,1
2025-10-05,608331,672386,SI,98.9,2188,0.98,0.49,0.8566409122324813,1.7896875282072953,2,2,1,3,Bot,665489,,676914,2,0,R,L,TOR,NYY,23,5
2025-10-05,608331,672386,CH,87.8,1578,1.44,0.4,0.5009304878692737,0.7023883344619648,2,1,1,3,Bot,665489,,676914,2,0,R,L,TOR,NYY,23,4
2025-10-05,608331,672386,SI,98.0,2105,0.8,0.56,1.1980230657810096,2.3742546038420773,1,1,1,3,Bot,665489,,676914,2,0,R,L,TOR,NYY,23,3
2025-10-05,608331,672386,SI,99.2,2172,0.8,0.53,1.1121529900842415,1.352753825101558,0,1,1,3,Bot,665489,,676914,2,0,R,L,TOR,NYY,23,2
2025-10-05,608331,672386,CH,86.9,1747,1.28,0.55,0.5631722699169655,2.7316429242261413,0,0,1,3,Bot,665489,,676914,2,0,R,L,TOR,NYY,23,1
2025-10-05,608331,665489,FC,97.4,2427,0.05,0.51,-0.2417081168636819,2.389065149032726,0,0,1,3,Bot,676914,,,2,0,R,L,TOR,NYY,22,1
2025-10-05,608331,676914,SI,97.9,2071,1.17,0.34,1.4607846094432904,2.6364699649169685,3,2,1,3,Bot,,,,2,0,R,L,TOR,NYY,21,6
2025-10-05,608331,676914,CH,86.5,1530,1.2,0.5,2.096670609759598,1.865742429634229,2,2,1,3,Bot,,,,2,0,R,L,TOR,NYY,21,5
2025-10-05,608331,676914,CU,77.7,3064,-0.62,-1.56,1.099965005323337,1.830008199955224,1,2,1,3,Bot,,,,2,0,R,L,TOR,NYY,21,4
2025-10-05,608331,676914,SI,91.9,1836,1.28,0.5,0.1318153703921329,1.8349924853237023,1,1,1,3,Bot,,,,2,0,R,L,TOR,NYY,21,3
2025-10-05,608331,676914,CH,88.0,1813,1.42,0.54,0.86742481464907,2.271171273201601,1,0,1,3,Bot,,,,2,0,R,L,TOR,NYY,21,2
2025-10-05,608331,676914,ST,85.0,2885,-1.1,-0.22,-1.0351588775965443,0.7133598275065887,0,0,1,3,Bot,,,,2,0,R,L,TOR,NYY,21,1
2025-10-05,608331,543807,FC,95.5,2351,0.01,0.62,0.1770534604815665,2.6638783970679087,0,0,0,3,Bot,,,,2,0,R,L,TOR,NYY,20,1
2025-10-05,702056,663757,FS,85.3,1544,-0.75,0.73,0.3760716937707729,2.3515946455207666,3,2,2,3,Top,,,,0,2,L,R,TOR,NYY,19,6
2025-10-05,702056,663757,SL,90.0,2312,-0.19,0.53,-1.2335393016939644,-0.5031738617097508,2,2,2,3,Top,,,,0,2,L,R,TOR,NYY,19,5
2025-10-05,702056,663757,FF,95.1,2160,-0.13,1.54,0.7532688372870268,1.5012996618345724,1,2,2,3,Top,,,,0,2,L,R,TOR,NYY,19,4
2025-10-05,702056,663757,FS,84.2,1417,-1.16,0.67,-0.5487361373067451,1.5108854249303865,1,1,2,3,Top,,,,0,2,L,R,TOR,NYY,19,3
2025-10-05,702056,663757,SL,88.3,2105,-0.04,0.18,-0.0753995439850181,1.366427379003568,1,0,2,3,Top,,,,0,2,L,R,TOR,NYY,19,2
2025-10-05,702056,663757,FF,94.7,2225,-0.01,1.62,0.6823071792883223,4.60003111251015,0,0,2,3,Top,,,,0,2,L,R,TOR,NYY,19,1
2025-10-05,702056,669224,FS,83.9,1366,-1.07,0.27,-0.9115017765742084,0.8371858006773398,0,2,1,3,Top,,,,0,2,L,R,TOR,NYY,18,3
2025-10-05,702056,669224,FS,83.3,1324,-1.2,0.31,-0.1789325201085766,3.3403771821085,0,1,1,3,Top,,,,0,2,L,R,TOR,NYY,18,2
2025-10-05,702056,669224,FS,84.0,1518,-1.34,0.52,-0.4378474417322457,1.991198245189986,0,0,1,3,Top,,,,0,2,L,R,TOR,NYY,18,1
2025-10-05,702056,683011,FF,95.3,2266,-0.44,1.67,-0.213938727677503,2.3989380238414575,2,2,0,3,Top,,,,0,2,R,R,TOR,NYY,17,5
2025-10-05,702056,683011,FF,94.2,2204,-0.11,1.58,0.6017550762117994,2.619668419774421,2,1,0,3,Top,,,,0,2,R,R,TOR,NYY,17,4
2025-10-05,702056,683011,FF,93.5,2184,-0.21,1.51,-0.6261387907999987,2.513305729569002,2,0,0,3,Top,,,,0,2,R,R,TOR,NYY,17,3
2025-10-05,702056,683011,SL,88.7,2270,-0.13,0.5,-1.017800292923775,2.3455251287360133,1,0,0,3,Top,,,,0,2,R,R,TOR,NYY,17,2
2025-10-05,702056,683011,FF,94.4,2168,-0.17,1.65,0.338629646562965,3.8404865293053425,0,0,0,3,Top,,,,0,2,R,R,TOR,NYY,17,1
2025-10-05,608331,664702,FF,97.5,2151,0.31,1.25,-0.5290016066612468,2.67012922734554,0,0,2,2,Bot,,,,2,0,R,L,TOR,NYY,16,1
2025-10-05,608331,665926,SI,96.4,2103,1.16,0.34,0.7912984455469276,1.5838784696765258,0,2,1,2,Bot,,,,2,0,L,L,TOR,NYY,15,3
2025-10-05,608331,665926,SI,96.1,2101,0.83,0.2,0.2119035338728114,1.3138688198892503,0,1,1,2,Bot,,,,2,0,L,L,TOR,NYY,15,2
2025-10-05,608331,665926,SI,94.9,2084,1.14,0.31,-0.4823427871439125,1.1536165892965724,0,0,1,2,Bot,,,,2,0,L,L,TOR,NYY,15,1
2025-10-05,608331,643396,FC,95.2,2257,-0.11,0.48,0.2115326450611008,2.924658870972087,1,1,0,2,Bot,,,,2,0,R,L,TOR,NYY,14,3
2025-10-05,608331,643396,SI,94.0,2089,1.04,0.38,0.5885750534347522,1.86866215500254,1,0,0,2,Bot,,,,2,0,R,L,TOR,NYY,14,2
2025-10-05,608331,643396,FC,95.6,2330,-0.11,0.9,0.6173959842439335,3.733786304530801,0,0,0,2,Bot,,,,2,0,R,L,TOR,NYY,14,1
2025-10-05,608331,676391,CU,75.1,2822,-0.62,-1.2,0.0991928517063224,1.896938682056179,0,0,0,2,Bot,,,662139,0,0,R,L,TOR,NYY,13,1
2025-10-05,608331,662139,ST,81.8,2732,-1.28,0.02,-0.5939461992353483,2.426581199725359,0,1,0,2,Bot,,,,0,0,L,L,TOR,NYY,12,2
2025-10-05,608331,662139,SI,94.9,2074,0.92,0.2,-0.4139580265520632,1.5727934674952624,0,0,0,2,Bot,,,,0,0,L,L,TOR,NYY,12,1
2025-10-05,702056,641857,FF,92.7,2293,-0.2,1.76,-0.9086190825495783,3.1133013723212133,2,2,2,2,Top,,,,0,0,L,R,TOR,NYY,11,5
2025-10-05,702056,641857,FS,84.6,1542,-0.86,1.1,0.0474196759505798,0.7717524078341542,1,2,2,2,Top,,,,0,0,L,R,TOR,NYY,11,4
2025-10-05,702056,641857,FS,84.1,1650,-0.99,0.83,-0.822332138201527,1.2690883259498322,1,1,2,2,Top,,,,0,0,L,R,TOR,NYY,11,3
2025-10-05,702056,641857,FS,84.9,1365,-0.57,1.14,0.10096396652488,3.1772988487774247,1,0,2,2,Top,,,,0,0,L,R,TOR,NYY,11,2
2025-10-05,702056,641857,FF,94.8,2167,-0.14,1.46,-0.1278310062790349,4.754165249323787,0,0,2,2,Top,,,,0,0,L,R,TOR,NYY,11,1
2025-10-05,702056,665862,FF,95.2,2207,-0.2,1.62,-0.131538562891429,3.861385261984592,0,0,1,2,Top,,,,0,0,L,R,TOR,NYY,10,1
2025-10-05,702056,519317,SL,90.6,2279,-0.59,0.17,0.0731953334904591,0.6268095014430637,3,2,0,2,Top,,,,0,0,R,R,TOR,NYY,9,7
2025-10-05,702056,519317,FF,95.5,2266,-0.4,1.59,-0.9536255152227128,2.024086457562345,3,2,0,2,Top,,,,0,0,R,R,TOR,NYY,9,6
2025-10-05,702056,519317,SL,90.5,2213,-0.06,0.67,-0.6016522331295397,0.9178070463518652,2,2,0,2,Top,,,,0,0,R,R,TOR,NYY,9,5
2025-10-05,702056,519317,FF,95.3,2294,-0.34,1.74,0.4592924055552406,4.454487885252374,1,2,0,2,Top,,,,0,0,R,R,TOR,NYY,9,4
2025-10-05,702056,519317,SL,88.9,2254,-0.35,0.44,0.1718511466966327,0.2767245865661354,0,2,0,2,Top,,,,0,0,R,R,TOR,NYY,9,3
2025-10-05,702056,519317,SL,89.2,2356,-0.31,0.65,0.5209826613341151,1.2573598922215403,0,1,0,2,Top,,,,0,0,R,R,TOR,NYY,9,2
2025-10-05,702056,519317,FF,94.8,2261,-0.29,1.42,0.1998254396451496,2.7194949606157084,0,0,0,2,Top,,,,0,0,R,R,TOR,NYY,9,1
2025-10-05,608331,672386,SI,96.8,2119,0.69,0.43,0.6214316034069286,2.4963828411829585,1,0,1,1,Bot,665489,676914,,0,0,R,L,TOR,NYY,8,2
2025-10-05,608331,672386,CU,76.0,2895,-0.9,-1.44,1.0885721311559382,4.043828664278311,0,0,1,1,Bot,665489,676914,,0,0,R,L,TOR,NYY,8,1
2025-10-05,608331,665489,SI,98.9,2277,1.13,0.32,0.6401042840513564,1.998361970406987,1,1,1,1,Bot,676914,,,0,0,R,L,TOR,NYY,7,3
2025-10-05,608331,665489,SI,97.8,2154,1.16,0.4,0.2518274700555518,1.5672814647506903,1,0,1,1,Bot,676914,,,0,0,R,L,TOR,NYY,7,2
2025-10-05,608331,665489,SI,97.5,2081,0.68,0.41,-0.3340656776548928,1.0113215327782623,0,0,1,1,Bot,676914,,,0,0,R,L,TOR,NYY,7,1
2025-10-05,608331,676914,FC,96.0,2289,-0.09,0.51,-0.3594593333099256,1.9973564536046455,1,0,1,1,Bot,,,,0,0,R,L,TOR,NYY,6,2
2025-10-05,608331,676914,SI,96.9,2092,1.11,0.31,0.0316203978997871,0.7605214553310995,0,0,1,1,Bot,,,,0,0,R,L,TOR,NYY,6,1
2025-10-05,608331,543807,FC,96.9,2262,-0.07,0.64,-0.0274528064152666,2.0434929349190223,1,1,0,1,Bot,,,,0,0,R,L,TOR,NYY,5,3
2025-10-05,608331,543807,FC,94.0,2308,-0.04,0.83,-0.1468997104713376,2.038638773787313,1,0,0,1,Bot,,,,0,0,R,L,TOR,NYY,5,2
2025-10-05,608331,543807,FC,95.2,2302,0.09,0.96,1.4078317826391629,3.071127764030367,0,0,0,1,Bot,,,,0,0,R,L,TOR,NYY,5,1
2025-10-05,702056,700250,FS,85.0,1181,-1.0,0.42,-0.2227935854272511,0.7742002459877151,1,2,2,1,Top,592450,,,0,0,L,R,TOR,NYY,4,4
2025-10-05,702056,700250,FS,85.4,1429,-0.99,0.29,-0.2758951641461498,2.8664393915586333,1,1,2,1,Top,592450,,,0,0,L,R,TOR,NYY,4,3
2025-10-05,702056,700250,FF,95.7,2303,-0.23,1.6,0.5900591526465826,1.7160956025768654,0,1,2,1,Top,592450,,,0,0,L,R,TOR,NYY,4,2
2025-10-05,702056,700250,FS,84.6,1500,-0.89,0.27,0.822862264673755,2.739988859734258,0,0,2,1,Top,592450,,,0,0,L,R,TOR,NYY,4,1
2025-10-05,702056,641355,FS,85.7,1464,-0.97,0.15,0.3903209097520522,1.3578958490150184,2,2,1,1,Top,592450,,,0,0,L,R,TOR,NYY,3,6
2025-10-05,702056,641355,FS,85.7,1558,-1.06,0.88,0.0619112227121759,0.87060157148655,2,2,1,1,Top,592450,,,0,0,L,R,TOR,NYY,3,5
2025-10-05,702056,641355,FF,94.5,2223,-0.41,1.59,-0.4732268681914581,3.4021171925696043,2,1,1,1,Top,592450,,,0,0,L,R,TOR,NYY,3,4
2025-10-05,702056,641355,FF,95.1,2229,-0.48,1.51,-0.4401088257618886,2.454931550366716,2,0,1,1,Top,592450,,,0,0,L,R,TOR,NYY,3,3
2025-10-05,702056,641355,FF,94.6,2292,-0.28,1.66,-1.3971766649943236,3.70447679990237,1,0,1,1,Top,592450,,,0,0,L,R,TOR,NYY,3,2
2025-10-05,702056,641355,FF,95.0,2270,-0.51,1.57,-0.4867314936281736,1.556606986426096,0,0,1,1,Top,592450,,,0,0,L,R,TOR,NYY,3,1
2025-10-05,702056,592450,FF,96.2,2370,-0.31,1.56,1.2533540198811153,3.125512718020007,3,0,1,1,Top,,,,0,0,R,R,TOR,NYY,2,4
2025-10-05,702056,592450,SL,88.8,2205,-0.17,0.32,0.9824362438234476,2.4555928680869172,2,0,1,1,Top,,,,0,0,R,R,TOR,NYY,2,3
2025-10-05,702056,592450,FS,84.8,1598,-1.04,0.52,-1.5723572703874802,2.76394598558619,1,0,1,1,Top,,,,0,0,R,R,TOR,NYY,2,2
2025-10-05,702056,592450,SL,89.5,2277,-0.37,0.41,1.2136394271149775,2.3077172836731914,0,0,1,1,Top,,,,0,0,R,R,TOR,NYY,2,1
2025-10-05,702056,663757,FS,85.6,1481,-0.96,0.4,-0.3924185282768918,1.743216804357706,1,2,0,1,Top,,,,0,0,L,R,TOR,NYY,1,4
2025-10-05,702056,663757,FS,85.5,1552,-1.08,0.56,-0.4375689026530103,1.2087526829393718,1,1,0,1,Top,,,,0,0,L,R,TOR,NYY,1,3
2025-10-05,702056,663757,FF,95.3,2333,-0.33,1.67,-0.5900574526746962,0.2203037886946738,0,1,0,1,Top,,,,0,0,L,R,TOR,NYY,1,2
2025-10-05,702056,663757,FF,95.9,2294,-0.35,1.53,0.2486954785785212,2.728234724149824,0,0,0,1,Top,,,,0,0,L,R,TOR,NYY,1,1
2025-10-05,662253,678009,SL,83.7,2295,0.64,-0.46,0.0948680754900163,2.0669951120003947,3,2,2,9,Top,,,,2,3,L,R,SEA,DET,69,9
2025-10-05,662253,678009,SL,84.1,2378,0.77,-0.15,1.325649189607939,1.5440758123999334,2,2,2,9,Top,,,,2,3,L,R,SEA,DET,69,8
2025-10-05,662253,678009,FF,96.6,2335,-0.89,1.08,-0.4048049559756068,3.6864591868876433,2,2,2,9,Top,,,,2,3,L,R,SEA,DET,69,7
2025-10-05,662253,678009,SL,84.5,2305,0.56,0.04,0.0973330925189426,1.5923240162746874,2,2,2,9,Top,,,,2,3,L,R,SEA,DET,69,6
2025-10-05,662253,678009,SL,82.6,2310,0.63,-0.15,-0.5828081810264454,1.5325929754746157,2,2,2,9,Top,,,,2,3,L,R,SEA,DET,69,5
2025-10-05,662253,678009,SL,83.7,2306,0.68,-0.3,0.7805204182020016,0.5399057845942101,2,1,2,9,Top,,,,2,3,L,R,SEA,DET,69,4
2025-10-05,662253,678009,SL,82.4,2377,0.85,0.02,-0.8789785370549572,2.6268793510109942,2,0,2,9,Top,,,,2,3,L,R,SEA,DET,69,3
2025-10-05,662253,678009,SL,81.4,2287,0.69,-0.21,-1.4937270804922296,2.8172349198494957,1,0,2,9,Top,,,,2,3,L,R,SEA,DET,69,2
2025-10-05,662253,678009,SL,84.1,2260,0.62,-0.1,-1.079276398891991,2.6059366539586533,0,0,2,9,Top,,,,2,3,L,R,SEA,DET,69,1
2025-10-05,662253,595879,SL,83.2,2339,0.68,-0.14,-0.3293929537521844,3.2224495710675423,0,1,1,9,Top,,,,2,3,R,R,SEA,DET,68,2
2025-10-05,662253,595879,SL,83.3,2368,0.65,-0.3,0.2650413181300133,1.6071827626942166,0,0,1,9,Top,,,,2,3,R,R,SEA,DET,68,1
2025-10-05,662253,656716,SL,85.1,2345,0.75,0.21,1.2049659832607935,0.8752554875178622,0,2,0,9,Top,,,,2,3,L,R,SEA,DET,67,3
2025-10-05,662253,656716,SL,84.0,2307,0.7,-0.08,0.7772804871154142,1.219356584194892,0,1,0,9,Top,,,,2,3,L,R,SEA,DET,67,2
2025-10-05,662253,656716,FF,96.2,2296,-1.04,1.11,0.1286771031193037,2.2969807376750433,0,0,0,9,Top,,,,2,3,L,R,SEA,DET,67,1
2025-10-05,676428,647304,ST,81.2,2710,-0.99,-0.2,-0.2757741453584323,1.0713924666307633,1,2,2,8,Bot,553993,660844,,3,2,L,L,SEA,DET,66,5
2025-10-05,676428,647304,SI,92.3,2057,1.18,0.06,-0.7295918457463493,1.487809930954203,1,2,2,8,Bot,553993,660844,,3,2,L,L,SEA,DET,66,4
2025-10-05,676428,647304,ST,80.4,2540,-0.95,0.08,-1.8603819615598425,0.7986389338819384,0,2,2,8,Bot,553993,660844,,3,2,L,L,SEA,DET,66,3
2025-10-05,676428,647304,SI,91.0,2057,1.61,0.38,0.1346908441560201,2.6979691906801544,0,1,2,8,Bot,553993,660844,,3,2,L,L,SEA,DET,66,2
2025-10-05,676428,647304,ST,78.6,2588,-1.38,-0.1,-1.5070346883455308,1.3500912372551728,0,0,2,8,Bot,553993,660844,,3,2,L,L,SEA,DET,66,1
2025-10-05,640448,553993,FS,88.7,1156,-0.98,0.35,-0.5188240350333646,1.7460239194198517,3,2,1,8,Bot,593871,,677594,3,2,R,R,SEA,DET,65,6
2025-10-05,640448,553993,FF,95.9,2301,-1.0,1.55,-0.409863572011122,3.0625860496299127,3,1,1,8,Bot,593871,,677594,3,2,R,R,SEA,DET,65,5
2025-10-05,640448,553993,FF,95.8,2257,-0.83,1.62,0.1186075402010846,3.3150652748974436,3,0,1,8,Bot,593871,,677594,3,2,R,R,SEA,DET,65,4
2025-10-05,640448,553993,FS,87.1,901,-0.6,0.38,0.0713400551712987,1.2248762561146145,2,0,1,8,Bot,593871,,677594,3,2,R,R,SEA,DET,65,3
2025-10-05,640448,553993,FS,87.8,982,-1.08,0.65,-0.5371998434236565,1.056427009938362,1,0,1,8,Bot,593871,,677594,3,2,R,R,SEA,DET,65,2
2025-10-05,640448,553993,FF,96.3,2274,-0.77,1.51,1.2314731893536686,2.2465846858287466,0,0,1,8,Bot,593871,,677594,3,2,R,R,SEA,DET,65,1
2025-10-05,640448,593871,FF,95.8,2291,-0.23,1.53,0.9036225520185912,2.8136635844672044,2,1,1,8,Bot,,677594,,3,2,L,R,SEA,DET,64,4
2025-10-05,640448,593871,FS,87.4,954,-0.93,0.29,-0.2969560216324994,0.4502420282980086,2,0,1,8,Bot,,677594,,3,2,L,R,SEA,DET,64,3
2025-10-05,640448,593871,FS,87.3,961,-0.71,0.33,-1.7528249713735864,1.945697111589947,1,0,1,8,Bot,,677594,,3,2,L,R,SEA,DET,64,2
2025-10-05,640448,593871,FF,96.6,2317,-0.93,1.5,0.8040960936799576,1.9224383074713396,0,0,1,8,Bot,,677594,,3,2,L,R,SEA,DET,64,1
2025-10-05,640448,677594,FS,85.1,740,-0.53,0.39,-0.2816751692473123,1.8933749215462543,1,0,1,8,Bot,,663728,,2,2,R,R,SEA,DET,63,2
2025-10-05,640448,677594,FS,86.0,749,-0.35,0.49,-0.7690931381130522,3.721497291155413,0,0,1,8,Bot,,663728,,2,2,R,R,SEA,DET,63,1
2025-10-05,640448,663728,FS,87.3,892,-0.36,0.16,-0.1816647819926788,1.975396526190268,0,0,1,8,Bot,,,,2,2,L,R,SEA,DET,62,1
2025-10-05,640448,668227,FS,87.0,995,-0.83,0.62,0.4994355707990837,1.4962529105345177,2,2,0,8,Bot,,,,2,2,R,R,SEA,DET,61,5
2025-10-05,640448,668227,FS,87.7,845,-0.95,0.3,-0.1807114380575557,0.5934917518217615,1,2,0,8,Bot,,,,2,2,R,R,SEA,DET,61,4
2025-10-05,640448,668227,FS,86.8,885,-1.02,0.75,-0.6802188080060435,1.978656305033124,1,1,0,8,Bot,,,,2,2,R,R,SEA,DET,61,3
2025-10-05,640448,668227,FF,97.6,2378,-0.85,1.67,0.8810719717275272,1.9696354080017124,0,1,0,8,Bot,,,,2,2,R,R,SEA,DET,61,2
2025-10-05,640448,668227,FS,87.1,894,-1.2,0.34,-0.0639526669084213,1.5401495520903858,0,0,0,8,Bot,,,,2,2,R,R,SEA,DET,61,1
2025-10-05,666374,693307,SL,85.9,2808,1.21,0.21,1.2947486999046791,1.3199585656426849,0,2,2,8,Top,,679529,,2,2,R,R,SEA,DET,60,3
2025-10-05,666374,693307,SL,86.1,2862,1.38,0.21,1.365314563777434,1.628683866373943,0,1,2,8,Top,,679529,,2,2,R,R,SEA,DET,60,2
2025-10-05,666374,693307,SL,86.4,2827,1.01,0.3,-0.2863811123766535,3.0080799502998716,0,0,2,8,Top,,679529,,2,2,R,R,SEA,DET,60,1
2025-10-05,666374,672761,CH,91.3,1560,-1.28,-0.22,0.1867500568663911,2.4259208648830177,0,2,1,8,Top,,679529,,2,2,L,R,SEA,DET,59,3
2025-10-05,666374,672761,SL,87.1,2864,0.91,-0.21,0.0231121583909309,2.4054427173289716,0,1,1,8,Top,,679529,,2,2,L,R,SEA,DET,59,2
2025-10-05,666374,672761,SL,86.4,2690,1.24,0.07,0.8584751657985822,0.9626100113125462,0,0,1,8,Top,,679529,,2,2,L,R,SEA,DET,59,1
2025-10-05,666374,679529,SI,96.8,2127,-1.61,0.57,-0.1525671185173014,2.8879899507204803,2,2,1,8,Top,682985,650402,,0,2,R,R,SEA,DET,58,5
2025-10-05,666374,679529,SL,86.9,2894,1.23,0.22,1.599826197599311,2.186084874780025,1,2,1,8,Top,682985,650402,,0,2,R,R,SEA,DET,58,4
2025-10-05,666374,679529,SL,85.4,2760,1.29,0.1,1.2660763399467725,1.529772058718232,1,1,1,8,Top,682985,650402,,0,2,R,R,SEA,DET,58,3
2025-10-05,666374,679529,SL,85.5,2927,1.69,-0.04,1.1124423203424776,1.8066746751734808,0,1,1,8,Top,682985,650402,,0,2,R,R,SEA,DET,58,2
2025-10-05,666374,679529,SL,88.7,2869,1.14,0.16,0.933313407471212,2.342559458712098,0,0,1,8,Top,682985,650402,,0,2,R,R,SEA,DET,58,1
2025-10-05,666374,682985,SL,86.8,2803,0.69,0.18,-0.6955117644137193,2.139160699832194,0,2,1,8,Top,650402,,,0,2,L,R,SEA,DET,57,4
2025-10-05,666374,682985,SL,86.7,2960,1.03,-0.05,-0.5338034140914734,1.727558177393954,0,2,1,8,Top,650402,,,0,2,L,R,SEA,DET,57,3
2025-10-05,666374,682985,CH,90.2,1511,-1.09,-0.51,-1.0033472943907478,2.5382548140640897,0,1,1,8,Top,650402,,,0,2,L,R,SEA,DET,57,2
2025-10-05,666374,682985,SL,87.5,2904,0.99,0.01,0.424063718160747,1.7102131467861177,0,0,1,8,Top,650402,,,0,2,L,R,SEA,DET,57,1
2025-10-05,666374,681481,SL,85.7,2894,1.45,0.14,-0.6051205913933781,2.3941248397477484,3,2,0,8,Top,650402,,,0,2,L,R,SEA,DET,56,8
2025-10-05,666374,681481,SI,97.6,2174,-1.38,0.69,-0.9038995003735496,4.0127328079232205,2,2,0,8,Top,650402,,,0,2,L,R,SEA,DET,56,7
2025-10-05,666374,681481,CH,90.3,1759,-1.33,-0.69,-0.2184099622530906,2.045510924792679,2,2,0,8,Top,650402,,,0,2,L,R,SEA,DET,56,6
2025-10-05,666374,681481,SL,87.9,2903,0.86,0.13,0.3020545036303984,1.9345105503821824,2,2,0,8,Top,650402,,,0,2,L,R,SEA,DET,56,5
2025-10-05,666374,681481,CH,91.0,1887,-1.51,-0.07,-2.2598008257155966,2.7633512130649973,1,2,0,8,Top,650402,,,0,2,L,R,SEA,DET,56,4
2025-10-05,666374,681481,SL,87.4,2891,0.89,0.28,0.7186596698888634,3.239870679930388,1,1,0,8,Top,650402,,,0,2,L,R,SEA,DET,56,3
2025-10-05,666374,681481,SL,88.2,2891,0.9,0.11,0.6675462685105089,1.1403124222448513,0,1,0,8,Top,650402,,,0,2,L,R,SEA,DET,56,2
2025-10-05,666374,681481,SL,87.9,2680,0.92,0.14,-0.1612697163575223,2.6272553965901366,0,0,0,8,Top,650402,,,0,2,L,R,SEA,DET,56,1
2025-10-05,666374,650402,SL,87.1,2647,0.67,0.19,-1.458892231540286,3.6809782317309505,3,2,0,8,Top,,,,0,2,R,R,SEA,DET,55,8
2025-10-05,666374,650402,SL,85.0,2813,1.03,-0.03,0.1777853640999739,2.6673043768964986,3,2,0,8,Top,,,,0,2,R,R,SEA,DET,55,7
2025-10-05,666374,650402,SL,86.4,2903,1.12,-0.09,0.9593100973066796,1.9878519656110845,2,2,0,8,Top,,,,0,2,R,R,SEA,DET,55,6
2025-10-05,666374,650402,SI,96.4,2256,-1.58,0.64,-0.4974070780821438,2.223365214657792,2,2,0,8,Top,,,,0,2,R,R,SEA,DET,55,5
2025-10-05,666374,650402,SL,85.8,2874,1.04,-0.16,1.3896555883532349,3.4849505929918454,1,2,0,8,Top,,,,0,2,R,R,SEA,DET,55,4
2025-10-05,666374,650402,SL,85.2,2931,1.47,0.13,-0.0908372561684065,3.05597523228968,1,1,0,8,Top,,,,0,2,R,R,SEA,DET,55,3
2025-10-05,666374,650402,SL,86.6,2865,0.92,0.13,0.3465614813122938,3.1138126313491723,1,0,0,8,Top,,,,0,2,R,R,SEA,DET,55,2
2025-10-05,666374,650402,SL,86.0,2835,1.1,0.1,1.0246216078246793,1.7068897384776882,0,0,0,8,Top,,,,0,2,R,R,SEA,DET,55,1
2025-10-05,669373,641487,SI,98.9,2244,1.1,0.99,0.4032196749042422,2.2837708741402585,0,1,2,7,Bot,670042,,,2,0,L,L,SEA,DET,54,2
2025-10-05,669373,641487,SI,97.9,2251,1.15,1.03,-0.71450868312278,2.860673259636333,0,0,2,7,Bot,670042,,,2,0,L,L,SEA,DET,54,1
2025-10-05,669373,645302,FF,99.3,2466,-0.18,1.53,-0.7477370924737079,2.8471639524732044,1,2,1,7,Bot,670042,,,2,0,R,L,SEA,DET,53,4
2025-10-05,669373,645302,CH,88.9,1854,1.36,0.65,0.6375803567862179,1.2709749188902473,1,1,1,7,Bot,670042,,,2,0,R,L,SEA,DET,53,3
2025-10-05,669373,645302,SL,91.3,2266,-0.41,0.41,-2.041707304829636,2.299871462840642,0,1,1,7,Bot,670042,,,2,0,R,L,SEA,DET,53,2
2025-10-05,669373,645302,FF,97.6,2464,0.39,1.39,0.0928973899790008,3.678516877797635,0,0,1,7,Bot,670042,,,2,0,R,L,SEA,DET,53,1
2025-10-05,669373,641598,FF,97.1,2402,0.18,1.55,0.1077873897710791,1.8676035156211,1,1,1,7,Bot,,,,2,0,R,L,SEA,DET,52,3
2025-10-05,669373,641598,CH,85.1,1798,1.48,0.2,0.7577105737831447,2.9757686679406596,1,0,1,7,Bot,,,,2,0,R,L,SEA,DET,52,2
2025-10-05,669373,641598,CH,86.6,1721,1.3,0.47,-0.2253301369432709,0.9518125332910968,0,0,1,7,Bot,,,,2,0,R,L,SEA,DET,52,1
2025-10-05,669373,647304,SI,97.9,2232,1.06,1.12,-0.3640990780813473,2.915052124247027,0,0,0,7,Bot,,,,2,0,L,L,SEA,DET,51,1
2025-10-05,660825,678009,FS,88.3,1950,-1.25,0.83,-0.1668506554706239,2.5760718180305613,2,2,2,7,Top,595879,,,0,2,L,R,SEA,DET,50,6
2025-10-05,660825,678009,SI,94.6,2321,-1.49,0.76,1.0806766476730114,2.302005450646059,1,2,2,7,Top,595879,,,0,2,L,R,SEA,DET,50,5
2025-10-05,660825,678009,ST,83.8,2699,1.54,-0.12,0.614710030282019,1.0286291384299355,1,2,2,7,Top,595879,,,0,2,L,R,SEA,DET,50,4
2025-10-05,660825,678009,SI,95.8,2237,-1.56,0.89,0.0440603326922433,2.218355279598174,1,1,2,7,Top,595879,,,0,2,L,R,SEA,DET,50,3
2025-10-05,660825,678009,ST,83.0,2636,1.39,-0.24,0.396897003888323,1.8270034551658776,1,0,2,7,Top,595879,,,0,2,L,R,SEA,DET,50,2
2025-10-05,660825,678009,ST,82.9,2612,1.16,-0.09,0.7467610337500942,1.6584881056438825,0,0,2,7,Top,595879,,,0,2,L,R,SEA,DET,50,1
2025-10-05,660825,595879,SI,94.1,2159,-1.45,1.01,-0.5286924905847068,2.857623059049698,2,1,2,7,Top,,,,0,2,R,R,SEA,DET,49,4
2025-10-05,660825,595879,SI,96.2,2130,-1.38,1.01,1.4413463166844929,2.320896092168919,1,1,2,7,Top,,,,0,2,R,R,SEA,DET,49,3
2025-10-05,660825,595879,SI,95.3,2096,-1.39,0.98,1.7435652884407642,1.8317577324425292,0,1,2,7,Top,,,,0,2,R,R,SEA,DET,49,2
2025-10-05,660825,595879,ST,82.9,2437,1.49,-0.44,-0.1508615818863015,0.8009405552104494,0,0,2,7,Top,,,,0,2,R,R,SEA,DET,49,1
2025-10-05,660825,656716,ST,84.3,2674,1.2,-0.01,0.4925783213715576,1.1670291201888665,2,2,1,7,Top,,,,0,2,L,R,SEA,DET,48,6
2025-10-05,660825,656716,SI,96.3,2197,-1.48,0.68,0.4174976076581476,1.2954357362708768,2,2,1,7,Top,,,,0,2,L,R,SEA,DET,48,5
2025-10-05,660825,656716,SI,96.3,2330,-1.69,0.63,0.2362302443242467,0.6628842429670381,1,2,1,7,Top,,,,0,2,L,R,SEA,DET,48,4
2025-10-05,660825,656716,ST,82.7,2637,1.56,-0.21,0.3648517504950139,1.2946922935141658,1,1,1,7,Top,,,,0,2,L,R,SEA,DET,48,3
2025-10-05,660825,656716,SI,95.7,2154,-1.48,0.85,1.6622011000896584,1.15911598042736,0,1,1,7,Top,,,,0,2,L,R,SEA,DET,48,2
2025-10-05,660825,656716,SI,94.5,2139,-1.53,0.64,-0.9316444805364844,2.3822526587066957,0,0,1,7,Top,,,,0,2,L,R,SEA,DET,48,1
2025-10-05,660825,693307,SI,95.9,2163,-1.49,0.67,-0.7388481345048405,2.578971896324654,0,2,0,7,Top,,,,0,2,R,R,SEA,DET,47,3
2025-10-05,660825,693307,ST,82.1,2616,1.22,-0.07,-0.37394211675042,2.9565977378607142,0,1,0,7,Top,,,,0,2,R,R,SEA,DET,47,2
2025-10-05,660825,693307,SI,93.8,2119,-1.48,0.84,-0.6514848510309272,2.6769951342959404,0,0,0,7,Top,,,,0,2,R,R,SEA,DET,47,1
2025-10-05,669373,553993,FF,98.9,2371,0.45,1.42,-0.0611606207442355,3.892362949143759,0,2,2,6,Bot,,,,2,0,R,L,SEA,DET,46,3
2025-10-05,669373,553993,FF,97.2,2447,0.32,1.53,0.5708633186582724,2.8988954530507867,0,1,2,6,Bot,,,,2,0,R,L,SEA,DET,46,2
2025-10-05,669373,553993,SI,99.2,2247,1.29,0.86,-0.0025964938048936,3.316516021584638,0,0,2,6,Bot,,,,2,0,R,L,SEA,DET,46,1
2025-10-05,669373,593871,SI,99.1,2239,1.15,1.0,-0.1266264055189199,2.527191981391495,3,2,2,6,Bot,,,,1,0,R,L,SEA,DET,45,6
2025-10-05,669373,593871,CH,88.4,1675,1.18,0.57,0.0674900533225517,1.2156885992388198,2,2,2,6,Bot,,,,1,0,R,L,SEA,DET,45,5
2025-10-05,669373,593871,CH,89.3,1765,0.88,0.69,0.2332492973409743,0.456663919640687,1,2,2,6,Bot,,,,1,0,R,L,SEA,DET,45,4
2025-10-05,669373,593871,FF,99.0,2379,0.38,1.46,-0.8340891565778994,1.960825038597089,1,1,2,6,Bot,,,,1,0,R,L,SEA,DET,45,3
2025-10-05,669373,593871,FF,97.2,2305,0.37,1.34,0.1832284426626351,3.0648184947408956,1,0,2,6,Bot,,,,1,0,R,L,SEA,DET,45,2
2025-10-05,669373,593871,FF,97.8,2304,0.33,1.27,0.3288205879193014,4.2057629106831325,0,0,2,6,Bot,,,,1,0,R,L,SEA,DET,45,1
2025-10-05,669373,677594,SI,98.0,2189,1.3,0.92,0.910149134162543,3.220081626382404,0,0,1,6,Bot,,,,1,0,R,L,SEA,DET,44,1
2025-10-05,669373,663728,FF,99.5,2371,0.09,1.54,-0.3823135642259629,3.2525053818314293,1,2,0,6,Bot,,,,1,0,R,L,SEA,DET,43,4
2025-10-05,669373,663728,SL,92.0,2186,-0.47,0.22,-0.028174729889471,3.2824498231316888,1,1,0,6,Bot,,,,1,0,R,L,SEA,DET,43,3
2025-10-05,669373,663728,FF,97.6,2353,0.09,1.52,-0.294980331854789,4.643615847445074,0,1,0,6,Bot,,,,1,0,R,L,SEA,DET,43,2
2025-10-05,669373,663728,FF,97.7,2341,0.21,1.59,-0.912675161161524,3.586109795707811,0,0,0,6,Bot,,,,1,0,R,L,SEA,DET,43,1
2025-10-05,642100,672761,FF,94.6,2335,1.15,1.14,-0.2666624168697116,2.394581467157553,1,1,2,6,Top,,,,0,1,R,L,SEA,DET,42,3
2025-10-05,642100,672761,FF,95.2,2434,1.13,1.31,1.0635799837620534,2.188582390781487,0,1,2,6,Top,,,,0,1,R,L,SEA,DET,42,2
2025-10-05,642100,672761,SI,94.3,2196,1.5,0.72,-0.0023501015192979,2.8435579038385477,0,0,2,6,Top,,,,0,1,R,L,SEA,DET,42,1
2025-10-05,642100,679529,SL,83.8,2160,-0.48,-0.09,0.384997229715806,1.8361313795637733,1,2,1,6,Top,,,,0,1,R,L,SEA,DET,41,5
2025-10-05,642100,679529,FF,96.6,2390,0.95,1.26,-0.3904120694303132,3.050609114535342,1,2,1,6,Top,,,,0,1,R,L,SEA,DET,41,4
2025-10-05,642100,679529,FF,95.1,2247,1.08,1.06,0.2160705951460806,2.214073231253976,1,1,1,6,Top,,,,0,1,R,L,SEA,DET,41,3
2025-10-05,642100,679529,SL,84.6,2264,-0.4,-0.05,-0.3522703604429754,1.2000728966827945,1,0,1,6,Top,,,,0,1,R,L,SEA,DET,41,2
2025-10-05,642100,679529,FF,95.4,2245,0.95,1.04,1.1778483370458628,1.860175219200126,0,0,1,6,Top,,,,0,1,R,L,SEA,DET,41,1
2025-10-05,642100,682985,FF,95.3,2186,0.78,1.18,-0.5556254377834056,3.062857905811925,1,2,0,6,Top,,,,0,1,L,L,SEA,DET,40,5
2025-10-05,642100,682985,SL,85.1,2152,-0.37,0.01,-0.3125818419446392,1.5398889492953285,1,2,0,6,Top,,,,0,1,L,L,SEA,DET,40,4
2025-10-05,642100,682985,SL,84.5,2136,-0.44,0.08,-1.4551060988730198,1.2332946416766837,0,2,0,6,Top,,,,0,1,L,L,SEA,DET,40,3
2025-10-05,642100,682985,SI,94.9,2084,1.45,0.48,1.2772635201974476,2.7331282303317224,0,1,0,6,Top,,,,0,1,L,L,SEA,DET,40,2
2025-10-05,642100,682985,SL,84.0,2108,-0.66,-0.07,-0.1421512440404685,2.5431288939434102,0,0,0,6,Top,,,,0,1,L,L,SEA,DET,40,1
2025-10-05,669373,668227,CH,89.0,1775,1.38,0.44,0.507816762154049,1.057165318150702,2,2,2,5,Bot,641487,,,1,0,R,L,SEA,DET,39,5
2025-10-05,669373,668227,CH,89.8,1774,1.39,0.21,2.105347964943035,1.8551485587934191,1,2,2,5,Bot,641487,,,1,0,R,L,SEA,DET,39,4
2025-10-05,669373,668227,SL,93.0,2276,-0.32,0.46,-1.2352837038885591,1.859553105028969,1,1,2,5,Bot,641487,,,1,0,R,L,SEA,DET,39,3
2025-10-05,669373,668227,FF,97.4,2365,0.16,1.42,-0.7207237502584836,4.111010030848405,0,1,2,5,Bot,641487,,,1,0,R,L,SEA,DET,39,2
2025-10-05,669373,668227,FF,98.3,2364,0.28,1.43,0.3366309051174266,2.257767415057123,0,0,2,5,Bot,641487,,,1,0,R,L,SEA,DET,39,1
2025-10-05,669373,641487,CH,87.8,1765,0.9,0.38,0.7832685353015764,2.5639526003581774,0,1,2,5,Bot,,,,1,0,L,L,SEA,DET,38,2
2025-10-05,669373,641487,SI,97.0,2177,1.08,0.85,-0.5472539668756717,2.147647970482656,0,0,2,5,Bot,,,,1,0,L,L,SEA,DET,38,1
2025-10-05,669373,645302,CH,87.8,1896,1.21,0.3,0.3075800112198115,2.510139456498281,1,1,1,5,Bot,,,,1,0,R,L,SEA,DET,37,3
2025-10-05,669373,645302,SI,97.4,2218,1.05,0.77,-0.8387931863913298,3.401688121350319,0,1,1,5,Bot,,,,1,0,R,L,SEA,DET,37,2
2025-10-05,669373,645302,FF,96.9,2259,-0.01,1.47,-0.6225635488566079,3.4723034358585214,0,0,1,5,Bot,,,,1,0,R,L,SEA,DET,37,1
2025-10-05,669373,641598,FF,97.4,2326,0.51,1.45,0.0225489632929122,2.1779511552377206,0,0,0,5,Bot,,,,1,0,R,L,SEA,DET,36,1
2025-10-05,642100,681481,FF,96.1,2272,0.83,1.14,0.1220032149661779,2.6652277509196756,1,2,2,5,Top,650402,,678009,0,1,L,L,SEA,DET,35,4
2025-10-05,642100,681481,FF,95.8,2286,0.8,1.27,-1.1050468394046202,5.157761807642174,0,2,2,5,Top,650402,,678009,0,1,L,L,SEA,DET,35,3
2025-10-05,642100,681481,SI,96.0,2164,1.57,0.71,0.4503523127624043,1.9154907526829916,0,1,2,5,Top,650402,,678009,0,1,L,L,SEA,DET,35,2
2025-10-05,642100,681481,SI,94.2,2064,1.5,0.5,1.4648783129474154,3.2483652598473745,0,0,2,5,Top,650402,,678009,0,1,L,L,SEA,DET,35,1
2025-10-05,622491,650402,SI,95.3,2157,-1.61,0.33,0.118709570019176,2.2483319151636936,1,2,2,5,Top,678009,,,0,1,R,R,SEA,DET,34,5
2025-10-05,622491,650402,FF,95.5,2213,-1.26,1.01,0.3346650805508508,3.6066500303006097,1,2,2,5,Top,678009,,,0,1,R,R,SEA,DET,34,4
2025-10-05,622491,650402,FF,94.4,2144,-0.85,0.94,0.7132358143006083,2.8611666511886895,1,1,2,5,Top,678009,,,0,1,R,R,SEA,DET,34,3
2025-10-05,622491,650402,FF,93.0,2322,-1.02,1.14,1.5897456203674412,3.6953130266776615,0,1,2,5,Top,678009,,,0,1,R,R,SEA,DET,34,2
2025-10-05,622491,650402,FF,95.4,2150,-0.91,1.08,-0.3367931898239358,3.302461539102516,0,0,2,5,Top,678009,,,0,1,R,R,SEA,DET,34,1
2025-10-05,622491,678009,SI,94.7,1871,-1.6,0.2,-0.5352813372811089,2.9078563937457194,2,1,1,5,Top,595879,,,0,1,L,R,SEA,DET,33,4
2025-10-05,622491,678009,SI,95.3,1864,-1.56,0.17,0.5320114086809289,1.739216795456762,2,0,1,5,Top,595879,,,0,1,L,R,SEA,DET,33,3
2025-10-05,622491,678009,CH,85.3,1883,-1.57,-0.31,-1.198191680088858,1.2254905682019266,1,0,1,5,Top,595879,,,0,1,L,R,SEA,DET,33,2
2025-10-05,622491,678009,FF,92.6,2118,-1.19,1.29,0.857217425289412,1.5896038305631188,0,0,1,5,Top,595879,,,0,1,L,R,SEA,DET,33,1
2025-10-05,622491,595879,FF,95.6,2238,-1.01,0.95,1.0705098057208542,1.9535868129967913,3,2,1,5,Top,,,,0,1,R,R,SEA,DET,32,6
2025-10-05,622491,595879,SL,85.1,2308,-0.06,0.05,1.9123554270484244,1.1338177275420094,2,2,1,5,Top,,,,0,1,R,R,SEA,DET,32,5
2025-10-05,622491,595879,SL,86.3,2177,-0.12,0.29,1.525941223111988,1.6881218151154211,1,2,1,5,Top,,,,0,1,R,R,SEA,DET,32,4
2025-10-05,622491,595879,SL,85.2,2273,0.03,0.12,0.8551603477295601,1.5243364432520825,1,1,1,5,Top,,,,0,1,R,R,SEA,DET,32,3
2025-10-05,622491,595879,SI,94.6,1943,-1.76,0.44,-0.2347532122545019,1.9975225441575435,1,0,1,5,Top,,,,0,1,R,R,SEA,DET,32,2
2025-10-05,622491,595879,FF,94.7,2253,-1.37,1.1,-1.134558346575422,2.8178510716510576,0,0,1,5,Top,,,,0,1,R,R,SEA,DET,32,1
2025-10-05,622491,656716,FF,93.4,2197,-1.24,0.92,-0.8258437406759715,3.180867819918333,0,0,0,5,Top,,,,0,1,L,R,SEA,DET,31,1
2025-10-05,669373,647304,SL,92.6,2240,-0.43,0.3,-1.5316225539546091,2.1721299864903045,1,2,2,4,Bot,,,,1,0,L,L,SEA,DET,30,4
2025-10-05,669373,647304,SI,98.3,2281,1.24,1.11,0.4973815794660521,1.585722775977933,1,1,2,4,Bot,,,,1,0,L,L,SEA,DET,30,3
2025-10-05,669373,647304,SI,99.0,2233,1.28,0.94,-0.6374389157813249,2.0719109133222813,1,0,2,4,Bot,,,,1,0,L,L,SEA,DET,30,2
2025-10-05,669373,647304,SL,91.7,2291,-0.23,0.5,-1.572369690564633,-1.0141829262760151,0,0,2,4,Bot,,,,1,0,L,L,SEA,DET,30,1
2025-10-05,669373,553993,FF,98.5,2391,0.12,1.55,0.7625287946274637,2.5538244519377433,2,2,1,4,Bot,,,,1,0,R,L,SEA,DET,29,5
2025-10-05,669373,553993,CH,86.5,1853,1.05,0.25,1.020546004975272,1.2514998239701025,2,1,1,4,Bot,,,,1,0,R,L,SEA,DET,29,4
2025-10-05,669373,553993,CH,87.1,1837,1.04,0.56,1.302783534766565,2.92319394616873,1,1,1,4,Bot,,,,1,0,R,L,SEA,DET,29,3
2025-10-05,669373,553993,FF,97.2,2429,0.25,1.35,0.8204424097411174,2.769270127202714,1,0,1,4,Bot,,,,1,0,R,L,SEA,DET,29,2
2025-10-05,669373,553993,FF,98.6,2360,0.05,1.42,0.3028867199280778,3.8591901291852073,0,0,1,4,Bot,,,,1,0,R,L,SEA,DET,29,1
2025-10-05,669373,593871,SL,91.6,2217,-0.22,0.44,-0.1942022723358561,2.632069496686407,2,0,1,4,Bot,,,,0,0,R,L,SEA,DET,28,3
2025-10-05,669373,593871,CH,88.3,1788,1.2,0.61,-0.256767397158709,1.4152087246569185,1,0,1,4,Bot,,,,0,0,R,L,SEA,DET,28,2
2025-10-05,669373,593871,FF,99.1,2416,0.3,1.42,1.5412954363795806,2.39183436006502,0,0,1,4,Bot,,,,0,0,R,L,SEA,DET,28,1
2025-10-05,669373,677594,SL,93.9,2300,-0.24,0.57,-0.687705552166432,2.684644260774665,3,2,0,4,Bot,,,,0,0,R,L,SEA,DET,27,6
2025-10-05,669373,677594,SI,100.7,2358,0.95,1.17,-1.6006515884938717,2.5769731201503188,2,2,0,4,Bot,,,,0,0,R,L,SEA,DET,27,5
2025-10-05,669373,677594,SL,91.9,2286,-0.27,0.46,0.0524751972073578,2.514431408868038,2,1,0,4,Bot,,,,0,0,R,L,SEA,DET,27,4
2025-10-05,669373,677594,SI,98.4,2247,1.22,1.1,-1.0152873549275272,3.8710076245874334,1,1,0,4,Bot,,,,0,0,R,L,SEA,DET,27,3
2025-10-05,669373,677594,FF,97.7,2372,0.27,1.48,-0.4036849372151692,2.7242322557665117,1,0,0,4,Bot,,,,0,0,R,L,SEA,DET,27,2
2025-10-05,669373,677594,SL,89.9,2205,-0.21,0.39,0.0806359960624775,3.898166937269979,0,0,0,4,Bot,,,,0,0,R,L,SEA,DET,27,1
2025-10-05,622491,693307,FF,95.3,2241,-1.31,1.22,-0.4252377658065089,2.5497518204145075,0,1,2,4,Top,,,,0,0,R,R,SEA,DET,26,2
2025-10-05,622491,693307,FF,95.1,2289,-0.93,1.2,0.8098592149088703,3.6079823023021858,0,0,2,4,Top,,,,0,0,R,R,SEA,DET,26,1
2025-10-05,622491,690993,SL,85.6,2111,-0.01,0.16,-0.0122022027251273,1.692829181117831,1,1,1,4,Top,,,,0,0,L,R,SEA,DET,25,3
2025-10-05,622491,690993,SI,94.9,1990,-1.46,0.58,-1.7820603981785224,2.8646572827866077,0,1,1,4,Top,,,,0,0,L,R,SEA,DET,25,2
2025-10-05,622491,690993,FF,95.0,2394,-1.26,1.17,0.158736633482774,2.6668546247975726,0,0,1,4,Top,,,,0,0,L,R,SEA,DET,25,1
2025-10-05,622491,679529,FF,96.0,2325,-1.03,1.22,0.9566027720140052,2.9995909423654465,1,2,0,4,Top,,,,0,0,R,R,SEA,DET,24,4
2025-10-05,622491,679529,SI,95.6,2192,-1.68,0.23,-0.1378247540990194,2.5073018009868724,1,1,0,4,Top,,,,0,0,R,R,SEA,DET,24,3
2025-10-05,622491,679529,FF,95.4,2289,-1.24,1.06,-0.94042372153897,3.6487266833409455,0,1,0,4,Top,,,,0,0,R,R,SEA,DET,24,2
2025-10-05,622491,679529,FF,94.7,2377,-1.24,0.85,-0.6549467522882637,3.19832676948267,0,0,0,4,Top,,,,0,0,R,R,SEA,DET,24,1
2025-10-05,669373,663728,CH,88.8,1909,1.2,0.52,0.5432445459088797,1.7387586052220387,0,0,2,3,Bot,645302,,,0,0,R,L,SEA,DET,23,1
2025-10-05,669373,668227,SI,99.1,2382,1.06,1.04,-0.0108499532745276,3.124384035940027,2,2,1,3,Bot,645302,,,0,0,R,L,SEA,DET,22,7
2025-10-05,669373,668227,SL,91.5,2325,-0.47,0.28,0.720327703919303,1.8437007284566316,2,2,1,3,Bot,645302,,,0,0,R,L,SEA,DET,22,6
2025-10-05,669373,668227,FF,99.6,2534,0.51,1.33,-0.7952759343592264,3.262503920780445,2,2,1,3,Bot,645302,,,0,0,R,L,SEA,DET,22,5
2025-10-05,669373,668227,SI,98.9,2278,0.96,1.01,-0.6682864071535856,2.7594215903653048,2,1,1,3,Bot,645302,,,0,0,R,L,SEA,DET,22,4
2025-10-05,669373,668227,SL,92.1,2267,-0.39,0.26,-0.5892662689480263,1.279579972810266,2,0,1,3,Bot,645302,,,0,0,R,L,SEA,DET,22,3
2025-10-05,669373,668227,FF,98.5,2414,0.33,1.46,1.286800063355627,2.3748148512922955,1,0,1,3,Bot,645302,,,0,0,R,L,SEA,DET,22,2
2025-10-05,669373,668227,CH,87.9,1828,1.12,0.15,-0.9361043608426634,1.9666773886187603,0,0,1,3,Bot,645302,,,0,0,R,L,SEA,DET,22,1
2025-10-05,669373,641487,CH,88.7,1608,1.33,0.19,0.6176109295838745,1.6809661602578654,0,2,0,3,Bot,645302,,,0,0,L,L,SEA,DET,21,5
2025-10-05,669373,641487,SL,92.1,2275,-0.23,0.57,-0.2566052096437867,2.788280046887661,0,2,0,3,Bot,645302,,,0,0,L,L,SEA,DET,21,4
2025-10-05,669373,641487,FF,98.9,2366,0.32,1.48,1.1600739433810898,2.3231384888070563,0,2,0,3,Bot,645302,,,0,0,L,L,SEA,DET,21,3
2025-10-05,669373,641487,SI,96.6,2373,0.87,1.19,-0.1304140389530071,2.9653991557394868,0,1,0,3,Bot,645302,,,0,0,L,L,SEA,DET,21,2
2025-10-05,669373,641487,SI,96.5,2246,1.14,1.06,-0.668577523946563,2.0872055101668003,0,0,0,3,Bot,645302,,,0,0,L,L,SEA,DET,21,1
2025-10-05,669373,645302,FF,99.7,2465,0.21,1.54,0.7139753323735704,1.4533520599613126,3,2,0,3,Bot,,,,0,0,R,L,SEA,DET,20,6
2025-10-05,669373,645302,FF,97.8,2318,0.21,1.42,-0.3498206156160965,2.2707024590454163,3,1,0,3,Bot,,,,0,0,R,L,SEA,DET,20,5
2025-10-05,669373,645302,CH,88.1,1458,1.23,-0.23,0.424157023632099,0.2630603508532338,2,1,0,3,Bot,,,,0,0,R,L,SEA,DET,20,4
2025-10-05,669373,645302,SI,97.4,2151,1.21,0.67,-1.357014467821781,3.1579524018117926,1,1,0,3,Bot,,,,0,0,R,L,SEA,DET,20,3
2025-10-05,669373,645302,FF,97.7,2334,0.0,1.32,-0.2577685442655437,5.376501344118756,0,1,0,3,Bot,,,,0,0,R,L,SEA,DET,20,2
2025-10-05,669373,645302,FF,98.3,2461,0.22,1.65,-0.2276509325120605,1.974530636243817,0,0,0,3,Bot,,,,0,0,R,L,SEA,DET,20,1
2025-10-05,622491,682985,FF,95.7,2359,-1.11,1.06,0.2239633233868836,3.1194104180503057,1,1,2,3,Top,,,,0,0,L,R,SEA,DET,19,3
2025-10-05,622491,682985,CH,85.6,1821,-1.44,-0.26,-0.5825425960931496,1.250792405169646,1,0,2,3,Top,,,,0,0,L,R,SEA,DET,19,2
2025-10-05,622491,682985,FF,94.5,2412,-1.16,1.23,0.836743483895463,3.2052436539018325,0,0,2,3,Top,,,,0,0,L,R,SEA,DET,19,1
2025-10-05,622491,681481,SL,84.0,2178,0.25,-0.14,-0.5799573465145693,1.808805501322067,0,2,1,3,Top,,,,0,0,L,R,SEA,DET,18,3
2025-10-05,622491,681481,SL,85.0,2231,0.12,0.01,-0.2536859370812027,1.7580318564345712,0,1,1,3,Top,,,,0,0,L,R,SEA,DET,18,2
2025-10-05,622491,681481,SL,81.8,2255,0.31,-0.18,-0.3016994693521254,2.1123687211999576,0,0,1,3,Top,,,,0,0,L,R,SEA,DET,18,1
2025-10-05,622491,650402,FF,95.8,2379,-1.15,0.85,-0.1433692776394002,3.611705344942599,0,2,0,3,Top,,,,0,0,R,R,SEA,DET,17,3
2025-10-05,622491,650402,FF,94.4,2335,-1.26,1.05,-0.3276139203492814,2.8465482513512264,0,1,0,3,Top,,,,0,0,R,R,SEA,DET,17,2
2025-10-05,622491,650402,SL,83.7,2190,0.12,-0.05,0.670063930806226,1.85317424675825,0,0,0,3,Top,,,,0,0,R,R,SEA,DET,17,1
2025-10-05,669373,641598,FF,98.9,2384,0.44,1.3,-0.294340672430524,3.176919588499467,0,2,2,2,Bot,,,,0,0,R,L,SEA,DET,16,4
2025-10-05,669373,641598,FF,98.8,2465,0.16,1.46,-0.0866910626673886,3.8684802786290033,0,2,2,2,Bot,,,,0,0,R,L,SEA,DET,16,3
2025-10-05,669373,641598,SI,97.2,2225,1.26,0.92,-0.5301525497772555,2.4279596080635626,0,1,2,2,Bot,,,,0,0,R,L,SEA,DET,16,2
2025-10-05,669373,641598,FF,96.8,2353,0.28,1.29,-0.2701453523068847,2.090750450859308,0,0,2,2,Bot,,,,0,0,R,L,SEA,DET,16,1
2025-10-05,669373,647304,SI,97.1,2194,0.8,1.35,-0.6108243662331131,2.703096914063093,0,0,1,2,Bot,,,,0,0,L,L,SEA,DET,15,1
2025-10-05,669373,553993,CH,87.2,1752,0.87,0.42,-0.0870015175235914,2.024779224425609,1,1,0,2,Bot,,,,0,0,R,L,SEA,DET,14,3
2025-10-05,669373,553993,SL,89.4,2113,-0.24,0.16,-0.8793003666599749,3.14448968279281,0,1,0,2,Bot,,,,0,0,R,L,SEA,DET,14,2
2025-10-05,669373,553993,FF,96.8,2307,0.3,1.35,-0.2522509138807063,3.053130407764411,0,0,0,2,Bot,,,,0,0,R,L,SEA,DET,14,1
2025-10-05,622491,678009,FF,95.8,2281,-1.12,1.04,0.2020541037591263,2.9159275078192266,2,2,2,2,Top,,656716,690993,0,0,L,R,SEA,DET,13,7
2025-10-05,622491,678009,SI,95.6,2200,-1.69,0.23,-0.3649559490497569,2.729620856073289,2,2,2,2,Top,,656716,690993,0,0,L,R,SEA,DET,13,6
2025-10-05,622491,678009,SL,85.1,2329,0.07,-0.06,0.9341410687190552,1.751372585631649,2,2,2,2,Top,,656716,690993,0,0,L,R,SEA,DET,13,5
2025-10-05,622491,678009,FF,96.2,2289,-1.07,0.99,-1.0431768707957283,3.48591382573182,1,2,2,2,Top,,656716,690993,0,0,L,R,SEA,DET,13,4
2025-10-05,622491,678009,FF,96.0,2364,-1.1,0.98,0.7454340975989997,4.48812925175306,0,2,2,2,Top,,656716,690993,0,0,L,R,SEA,DET,13,3
2025-10-05,622491,678009,FF,95.9,2238,-1.19,0.88,0.7372609763258484,2.938380988335479,0,1,2,2,Top,,656716,690993,0,0,L,R,SEA,DET,13,2
2025-10-05,622491,678009,SI,95.5,2137,-1.7,0.31,-0.518656876433,2.538060610755455,0,0,2,2,Top,,656716,690993,0,0,L,R,SEA,DET,13,1
2025-10-05,622491,595879,SL,85.4,2271,0.14,0.02,1.857933164325209,2.3424679000559823,2,2,1,2,Top,656716,690993,,0,0,R,R,SEA,DET,12,5
2025-10-05,622491,595879,SL,84.7,2199,-0.04,0.15,2.1940638580031675,0.6775045495621672,1,2,1,2,Top,656716,690993,,0,0,R,R,SEA,DET,12,4
2025-10-05,622491,595879,SL,84.2,2194,0.15,0.03,2.9390354418011126,0.6924679318863078,0,2,1,2,Top,656716,690993,,0,0,R,R,SEA,DET,12,3
2025-10-05,622491,595879,FF,95.8,2259,-1.19,0.97,0.1045377170528529,3.3619713790556407,0,1,1,2,Top,656716,690993,,0,0,R,R,SEA,DET,12,2
2025-10-05,622491,595879,SL,84.9,2325,-0.07,0.15,1.4943676132931776,1.4255229215331782,0,0,1,2,Top,656716,690993,,0,0,R,R,SEA,DET,12,1
2025-10-05,622491,656716,SI,95.7,2103,-1.77,0.47,0.9317530275720294,1.978482534913028,3,2,1,2,Top,690993,,,0,0,L,R,SEA,DET,11,6
2025-10-05,622491,656716,FF,96.1,2347,-1.2,1.08,0.800738965029012,2.85433425225965,2,2,1,2,Top,690993,,,0,0,L,R,SEA,DET,11,5
2025-10-05,622491,656716,FF,95.5,2136,-1.02,1.04,-0.4779410916889151,3.18088547380696,2,1,1,2,Top,690993,,,0,0,L,R,SEA,DET,11,4
2025-10-05,622491,656716,SI,95.2,2015,-1.56,0.26,-1.8019646617627925,1.8251782051794336,1,1,1,2,Top,690993,,,0,0,L,R,SEA,DET,11,3
2025-10-05,622491,656716,FF,95.6,2273,-1.01,1.16,0.5051565426556299,4.02192909200373,0,1,1,2,Top,690993,,,0,0,L,R,SEA,DET,11,2
2025-10-05,622491,656716,SI,94.9,2036,-1.73,0.45,0.1890660237182175,2.223708146958984,0,0,1,2,Top,690993,,,0,0,L,R,SEA,DET,11,1
2025-10-05,622491,693307,FF,95.4,2372,-1.37,0.95,-0.3591552383856227,2.855030749847913,0,1,0,2,Top,690993,,,0,0,R,R,SEA,DET,10,2
2025-10-05,622491,693307,SL,83.6,2289,0.25,-0.05,0.1143127821104645,2.380924046103409,0,0,0,2,Top,690993,,,0,0,R,R,SEA,DET,10,1
2025-10-05,622491,690993,FF,95.1,2314,-0.97,1.29,-1.2853142459216684,4.240481629010548,3,2,0,2,Top,,,,0,0,L,R,SEA,DET,9,6
2025-10-05,622491,690993,CH,86.7,2074,-1.62,0.08,0.7233717659834256,1.104475896418461,2,2,0,2,Top,,,,0,0,L,R,SEA,DET,9,5
2025-10-05,622491,690993,CH,86.9,2084,-1.57,-0.28,-0.7191945184260977,1.0536383585559754,1,2,0,2,Top,,,,0,0,L,R,SEA,DET,9,4
2025-10-05,622491,690993,SI,94.6,2150,-1.53,0.37,-0.6027783221198728,3.6313272013894378,1,1,0,2,Top,,,,0,0,L,R,SEA,DET,9,3
2025-10-05,622491,690993,SI,94.0,2100,-1.55,0.44,-0.2314676039957308,2.280596471880623,1,0,0,2,Top,,,,0,0,L,R,SEA,DET,9,2
2025-10-05,622491,690993,SI,94.6,2177,-1.63,0.5,0.0790529412442293,3.8605251498492494,0,0,0,2,Top,,,,0,0,L,R,SEA,DET,9,1
2025-10-05,669373,593871,FF,98.3,2427,0.05,1.39,-0.6249974359443068,3.448943233460635,0,0,2,1,Bot,,668227,,0,0,R,L,SEA,DET,8,1
2025-10-05,669373,677594,SL,91.9,2375,-0.35,0.5,0.2406668562306927,3.455021252184892,1,2,1,1,Bot,668227,,,0,0,R,L,SEA,DET,7,7
2025-10-05,669373,677594,FF,98.5,2366,-0.01,1.44,-0.335653883326157,3.1190101754558346,1,2,1,1,Bot,668227,,,0,0,R,L,SEA,DET,7,6
2025-10-05,669373,677594,CH,90.7,1822,0.82,0.73,1.7429471486300758,1.3207275216085457,0,2,1,1,Bot,668227,,,0,0,R,L,SEA,DET,7,5
2025-10-05,669373,677594,SL,92.7,2388,-0.22,0.32,-1.1779671480048075,2.3298813400877787,0,2,1,1,Bot,668227,,,0,0,R,L,SEA,DET,7,4
2025-10-05,669373,677594,SI,98.5,2247,1.21,1.22,-0.1095170517866217,2.8938547871840803,0,2,1,1,Bot,668227,,,0,0,R,L,SEA,DET,7,3
2025-10-05,669373,677594,FF,98.2,2438,0.25,1.43,-0.7373156170862865,2.9610309163733617,0,1,1,1,Bot,668227,,,0,0,R,L,SEA,DET,7,2
2025-10-05,669373,677594,SI,97.1,2342,0.73,1.49,-0.6946711346798846,3.1786734629030864,0,0,1,1,Bot,668227,,,0,0,R,L,SEA,DET,7,1
2025-10-05,669373,663728,CH,88.1,1780,0.95,0.62,0.4184996774389234,1.619615603046689,3,2,0,1,Bot,668227,,,0,0,R,L,SEA,DET,6,6
2025-10-05,669373,663728,CH,88.3,1765,1.23,0.76,0.9271795333748832,1.3674817831289754,2,2,0,1,Bot,668227,,,0,0,R,L,SEA,DET,6,5
2025-10-05,669373,663728,FF,98.8,2444,-0.16,1.49,-0.3046004458511562,5.02060640415026,1,2,0,1,Bot,668227,,,0,0,R,L,SEA,DET,6,4
2025-10-05,669373,663728,SL,91.5,2274,-0.54,0.26,0.1521325626067801,3.6281863239563825,1,1,0,1,Bot,668227,,,0,0,R,L,SEA,DET,6,3
2025-10-05,669373,663728,SL,92.0,2383,-0.4,0.54,-1.1298602134152318,0.7826817157293384,0,1,0,1,Bot,668227,,,0,0,R,L,SEA,DET,6,2
2025-10-05,669373,663728,FF,96.6,2405,-0.21,1.45,-0.447745595977222,3.990876871826504,0,0,0,1,Bot,668227,,,0,0,R,L,SEA,DET,6,1
2025-10-05,669373,668227,CH,88.5,1751,1.14,0.66,0.2333394224251954,1.842607411480068,1,1,0,1,Bot,,,,0,0,R,L,SEA,DET,5,3
2025-10-05,669373,668227,SI,97.1,2242,1.0,0.99,-0.4170563294133407,2.4314995775322368,1,0,0,1,Bot,,,,0,0,R,L,SEA,DET,5,2
2025-10-05,669373,668227,FF,97.7,2375,0.1,1.42,1.0063171473617922,3.3512348208298044,0,0,0,1,Bot,,,,0,0,R,L,SEA,DET,5,1
2025-10-05,622491,679529,SL,86.3,2182,0.15,0.12,0.6815574910953984,2.049414317006404,2,2,2,1,Top,681481,,,0,0,R,R,SEA,DET,4,5
2025-10-05,622491,679529,FF,95.4,2263,-1.25,0.97,0.6787350406547212,2.024808893119495,2,1,2,1,Top,681481,,,0,0,R,R,SEA,DET,4,4
2025-10-05,622491,679529,FF,96.1,2419,-1.21,1.04,1.2621093166664925,2.0956507484826874,1,1,2,1,Top,681481,,,0,0,R,R,SEA,DET,4,3
2025-10-05,622491,679529,FF,96.3,2272,-1.04,0.97,0.6801313518044099,2.236178771681945,1,0,2,1,Top,681481,,,0,0,R,R,SEA,DET,4,2
2025-10-05,622491,679529,FF,95.7,2340,-1.01,1.31,1.8742204538129137,3.361973697798965,0,0,2,1,Top,681481,,,0,0,R,R,SEA,DET,4,1
2025-10-05,622491,682985,FF,96.6,2323,-1.17,1.04,0.0370442757152178,2.9302316593686593,2,2,1,1,Top,681481,,,0,0,L,R,SEA,DET,3,5
2025-10-05,622491,682985,FF,96.1,2391,-1.06,1.0,0.3984223894496659,3.0100990397228236,2,1,1,1,Top,681481,,,0,0,L,R,SEA,DET,3,4
2025-10-05,622491,682985,SL,83.7,2174,0.18,0.07,0.3471084549656046,2.2516270173573782,2,0,1,1,Top,681481,,,0,0,L,R,SEA,DET,3,3
2025-10-05,622491,682985,FF,95.5,2210,-0.98,1.04,-0.5098525177909661,4.132296232975403,1,0,1,1,Top,681481,,,0,0,L,R,SEA,DET,3,2
2025-10-05,622491,682985,FF,95.6,2202,-0.98,1.26,1.0910423713176851,4.002249433358665,0,0,1,1,Top,681481,,,0,0,L,R,SEA,DET,3,1
2025-10-05,622491,681481,SI,96.6,2176,-1.5,0.23,1.1476460365999952,3.0709046489230585,3,2,1,1,Top,,,,0,0,L,R,SEA,DET,2,7
2025-10-05,622491,681481,SL,86.3,2285,-0.02,0.09,1.8353364735799491,1.160790217619307,2,2,1,1,Top,,,,0,0,L,R,SEA,DET,2,6
2025-10-05,622491,681481,SL,86.4,2222,0.03,0.12,2.005726134696469,1.7550666880593044,1,2,1,1,Top,,,,0,0,L,R,SEA,DET,2,5
2025-10-05,622491,681481,SL,86.1,2203,-0.01,0.16,1.092865727677755,1.39771900923544,1,2,1,1,Top,,,,0,0,L,R,SEA,DET,2,4
2025-10-05,622491,681481,FF,96.4,2236,-0.9,1.15,0.0922207036218888,4.018543328308241,1,1,1,1,Top,,,,0,0,L,R,SEA,DET,2,3
2025-10-05,622491,681481,CH,87.9,1935,-1.54,-0.18,-0.4377823040473663,2.1512716555457208,1,0,1,1,Top,,,,0,0,L,R,SEA,DET,2,2
2025-10-05,622491,681481,SI,96.8,1975,-1.69,0.14,-1.414327267004085,2.2994494324038217,0,0,1,1,Top,,,,0,0,L,R,SEA,DET,2,1
2025-10-05,622491,650402,SL,86.1,2178,0.08,0.12,0.7102754307300959,1.884443637219652,2,2,0,1,Top,,,,0,0,R,R,SEA,DET,1,8
2025-10-05,622491,650402,SL,85.7,2264,0.18,0.06,-0.0051490378354231,2.431689998030853,2,2,0,1,Top,,,,0,0,R,R,SEA,DET,1,7
2025-10-05,622491,650402,SL,85.3,2228,0.12,0.12,0.3757015660664133,2.5633492013431227,2,2,0,1,Top,,,,0,0,R,R,SEA,DET,1,6
2025-10-05,622491,650402,FF,97.0,2253,-1.26,1.07,0.0107520155004929,2.724670781521085,2,2,0,1,Top,,,,0,0,R,R,SEA,DET,1,5
2025-10-05,622491,650402,FF,96.3,2311,-1.28,1.07,1.3250555448776071,3.359923094484917,1,2,0,1,Top,,,,0,0,R,R,SEA,DET,1,4
2025-10-05,622491,650402,FF,96.5,2250,-1.2,0.94,-1.1311118129226834,3.3707030314537665,1,1,0,1,Top,,,,0,0,R,R,SEA,DET,1,3
2025-10-05,622491,650402,SL,85.1,2432,0.21,0.09,1.481786767729385,1.8033180746782844,1,0,0,1,Top,,,,0,0,R,R,SEA,DET,1,2
2025-10-05,622491,650402,SI,95.1,2171,-1.63,0.14,-1.0947281731099143,3.1241800116467737,0,0,0,1,Top,,,,0,0,R,R,SEA,DET,1,1
2025-10-04,656546,683011,FS,91.3,1787,-1.4,0.6,-0.4006528417502417,1.7328793849333617,2,2,2,9,Top,,676609,,1,10,R,R,TOR,NYY,75,5
2025-10-04,656546,683011,FF,97.1,2554,-0.84,1.33,1.4659817179858452,3.212234122212516,1,2,2,9,Top,,676609,,1,10,R,R,TOR,NYY,75,4
2025-10-04,656546,683011,FF,96.6,2589,-0.91,1.38,0.7104634172189158,3.3903610938988753,0,2,2,9,Top,,676609,,1,10,R,R,TOR,NYY,75,3
2025-10-04,656546,683011,FF,96.4,2555,-0.88,1.45,0.02351346187112,2.6242492051931383,0,1,2,9,Top,,676609,,1,10,R,R,TOR,NYY,75,2
2025-10-04,656546,683011,FF,95.6,2467,-1.16,1.28,0.2012216542758169,2.298947820075079,0,0,2,9,Top,676609,,,1,10,R,R,TOR,NYY,75,1
2025-10-04,656546,676609,FF,96.8,2540,-1.09,1.38,-1.9426243621815276,4.67362374312812,0,2,2,9,Top,,,,1,10,R,R,TOR,NYY,74,3
2025-10-04,656546,676609,FF,95.2,2371,-1.02,1.42,0.9705435151624436,2.655486644553372,0,1,2,9,Top,,,,1,10,R,R,TOR,NYY,74,2
2025-10-04,656546,676609,SI,95.6,2372,-1.27,1.34,0.1000965638479827,2.421782968175846,0,0,2,9,Top,,,,1,10,R,R,TOR,NYY,74,1
2025-10-04,656546,665862,FF,97.1,2546,-1.08,1.35,-0.2629412789565362,3.210150305662623,3,2,1,9,Top,,,,1,10,L,R,TOR,NYY,73,7
2025-10-04,656546,665862,FF,96.3,2567,-1.14,1.46,-0.8840417506089093,4.034731838065138,3,2,1,9,Top,,,,1,10,L,R,TOR,NYY,73,6
2025-10-04,656546,665862,FS,90.3,1727,-1.44,0.64,0.6092610559472713,0.8529789563320809,2,2,1,9,Top,,,,1,10,L,R,TOR,NYY,73,5
2025-10-04,656546,665862,SL,87.3,2674,0.29,0.14,0.4796260067365711,2.7986712964759133,2,1,1,9,Top,,,,1,10,L,R,TOR,NYY,73,4
2025-10-04,656546,665862,FS,90.6,1719,-1.34,0.63,-1.556210301928442,2.719582454535936,1,1,1,9,Top,,,,1,10,L,R,TOR,NYY,73,3
2025-10-04,656546,665862,FF,95.6,2570,-1.18,1.25,0.8961202787300138,2.9772682131099564,0,1,1,9,Top,,,,1,10,L,R,TOR,NYY,73,2
2025-10-04,656546,665862,FF,96.8,2631,-1.03,1.39,-0.3385894997478832,2.139856031705522,0,0,1,9,Top,,,,1,10,L,R,TOR,NYY,73,1
2025-10-04,656546,519317,FF,96.5,2637,-1.18,1.37,-0.173985052664076,3.827989156313173,0,1,0,9,Top,,,,1,10,R,R,TOR,NYY,72,2
2025-10-04,656546,519317,FF,96.8,2570,-1.18,1.43,0.5383377146529513,2.477347194645477,0,0,0,9,Top,,,,1,10,R,R,TOR,NYY,72,1
2025-10-04,621112,643396,ST,82.7,2808,1.45,-0.08,1.1291029485833644,2.2491012290263455,1,2,2,8,Bot,665489,664770,,10,1,R,R,TOR,NYY,71,4
2025-10-04,621112,643396,SL,83.8,2719,0.81,-0.11,1.2248429063402275,2.3179206099120746,1,1,2,8,Bot,665489,664770,,10,1,R,R,TOR,NYY,71,3
2025-10-04,621112,643396,SI,93.4,2040,-1.06,0.88,-0.2075854700926216,1.0864321891543545,0,1,2,8,Bot,665489,664770,,10,1,R,R,TOR,NYY,71,2
2025-10-04,621112,643396,SI,91.9,1947,-1.11,0.82,0.8208336997874448,1.972150675081492,0,0,2,8,Bot,665489,664770,,10,1,R,R,TOR,NYY,71,1
2025-10-04,621112,665489,FC,90.6,2426,0.39,0.43,0.9457811384245258,3.1714051854357654,3,1,2,8,Bot,664770,,,10,1,R,R,TOR,NYY,70,5
2025-10-04,621112,665489,SI,93.4,2025,-0.96,0.71,0.6574497879180723,2.2596330540183636,3,0,2,8,Bot,664770,,,10,1,R,R,TOR,NYY,70,4
2025-10-04,621112,665489,FC,89.6,2485,0.48,0.38,1.0623175035834644,2.8693806975292655,2,0,2,8,Bot,664770,,,10,1,R,R,TOR,NYY,70,3
2025-10-04,621112,665489,SI,92.8,1976,-0.93,0.77,1.3437637570437673,2.748997356623943,1,0,2,8,Bot,664770,,,10,1,R,R,TOR,NYY,70,2
2025-10-04,621112,665489,SI,94.0,1908,-1.1,0.77,0.5094454430022088,4.78127584049059,0,0,2,8,Bot,664770,,,10,1,R,R,TOR,NYY,70,1
2025-10-04,621112,664770,CH,87.6,1658,-1.08,0.41,-0.2945242240855688,1.2332638348445806,1,2,2,8,Bot,,665926,,9,1,L,R,TOR,NYY,69,6
2025-10-04,621112,664770,SI,94.1,1949,-1.1,0.82,0.6106709380724697,3.0631144443534977,1,2,2,8,Bot,,665926,,9,1,L,R,TOR,NYY,69,5
2025-10-04,621112,664770,CU,81.3,2696,0.61,-1.49,-0.4535867466797861,1.82837477438101,1,2,2,8,Bot,,665926,,9,1,L,R,TOR,NYY,69,4
2025-10-04,621112,664770,FC,90.8,2506,0.35,0.56,0.3987986790224933,3.545072158031126,1,1,2,8,Bot,,665926,,9,1,L,R,TOR,NYY,69,3
2025-10-04,621112,664770,CU,80.6,2580,0.47,-1.5,-0.0067828387176839,1.122742770625739,1,0,2,8,Bot,,665926,,9,1,L,R,TOR,NYY,69,2
2025-10-04,621112,664770,FC,90.4,2397,0.41,0.66,-0.1832236167580129,1.0833932988914488,0,0,2,8,Bot,,665926,,9,1,L,R,TOR,NYY,69,1
2025-10-04,621112,543807,CH,88.7,1821,-1.05,0.64,0.38343250322704,2.2682072437321494,2,1,1,8,Bot,,665926,,9,1,R,R,TOR,NYY,68,4
2025-10-04,621112,543807,FC,91.2,2469,-0.01,0.59,0.6509816864944445,3.020941139081667,2,0,1,8,Bot,,665926,,9,1,R,R,TOR,NYY,68,3
2025-10-04,621112,543807,SL,85.6,2679,0.72,0.37,1.4157956616789746,1.5607311940233637,1,0,1,8,Bot,,665926,,9,1,R,R,TOR,NYY,68,2
2025-10-04,621112,543807,FC,91.4,2412,0.06,0.58,1.5823898308104498,1.605067597382719,0,0,1,8,Bot,,665926,,9,1,R,R,TOR,NYY,68,1
2025-10-04,621112,676391,SI,93.3,2023,-1.3,0.65,-0.2975682052626021,2.0839193029177103,0,2,0,8,Bot,,665926,664702,8,1,R,R,TOR,NYY,67,3
2025-10-04,621112,676391,ST,82.3,2651,1.2,-0.32,0.9836853550115384,3.1788836707867407,0,1,0,8,Bot,,665926,664702,8,1,R,R,TOR,NYY,67,2
2025-10-04,621112,676391,SI,92.9,1892,-1.16,0.72,-1.0180597260815474,1.6281450047960746,0,0,0,8,Bot,,665926,664702,8,1,R,R,TOR,NYY,67,1
2025-10-04,621112,665926,FC,91.3,2349,-0.01,0.63,-0.2023269834246191,3.071026943902516,2,1,0,8,Bot,664702,,662139,7,1,L,R,TOR,NYY,66,4
2025-10-04,621112,665926,FC,90.7,2332,0.3,0.57,1.3858234330528392,3.8614166326970594,1,1,0,8,Bot,664702,,662139,7,1,L,R,TOR,NYY,66,3
2025-10-04,621112,665926,CH,86.6,1730,-1.01,0.38,-0.0416085081874644,2.106510824571191,1,0,0,8,Bot,664702,,662139,7,1,L,R,TOR,NYY,66,2
2025-10-04,621112,665926,FC,89.8,2293,0.14,0.61,0.6556396175151056,3.6149447658963583,0,0,0,8,Bot,664702,,662139,7,1,L,R,TOR,NYY,66,1
2025-10-04,621112,664702,FC,89.1,2502,0.5,0.36,0.8207298962583942,2.398515509088677,1,1,0,8,Bot,,662139,,7,1,R,R,TOR,NYY,65,3
2025-10-04,621112,664702,SL,83.7,2754,0.86,0.16,2.454825201606364,1.9430333157681583,0,1,0,8,Bot,,662139,,7,1,R,R,TOR,NYY,65,2
2025-10-04,621112,664702,FC,90.4,2291,0.31,0.66,0.3277438475373841,2.438974135483363,0,0,0,8,Bot,,662139,,7,1,R,R,TOR,NYY,65,1
2025-10-04,621112,662139,SI,93.3,2044,-1.07,0.9,-0.6349545694545224,2.5714968669706075,0,0,0,8,Bot,,,,7,1,L,R,TOR,NYY,64,1
2025-10-04,621112,672386,SI,94.3,1773,-1.03,0.74,-0.237454261315657,1.7417020356703916,2,1,0,8,Bot,,,,6,1,R,R,TOR,NYY,63,4
2025-10-04,621112,672386,SI,94.3,1854,-1.09,0.69,0.848112123609859,0.8194292892984474,1,1,0,8,Bot,,,,6,1,R,R,TOR,NYY,63,3
2025-10-04,621112,672386,FC,90.2,2386,0.4,0.47,0.2177494517305609,3.3645477469478697,1,0,0,8,Bot,,,,6,1,R,R,TOR,NYY,63,2
2025-10-04,621112,672386,SI,93.1,1855,-1.04,0.63,1.0493895670326117,3.0582767354959524,0,0,0,8,Bot,,,,6,1,R,R,TOR,NYY,63,1
2025-10-04,663893,700250,SI,93.8,2052,1.28,-0.2,-0.3358053370245841,2.277825165828079,1,1,2,8,Top,,592450,,1,6,L,L,TOR,NYY,62,3
2025-10-04,663893,700250,SI,94.0,1988,1.1,-0.34,-0.42486386409351,1.8253568403214808,1,0,2,8,Top,,592450,,1,6,L,L,TOR,NYY,62,2
2025-10-04,663893,700250,SI,94.1,2043,1.38,-0.44,0.0572020286033605,1.1095346607259322,0,0,2,8,Top,,592450,,1,6,L,L,TOR,NYY,62,1
2025-10-04,663893,641355,SI,94.0,2117,1.25,-0.31,1.1630197465743752,2.9736221507048497,0,0,1,8,Top,,592450,,1,6,L,L,TOR,NYY,61,1
2025-10-04,663893,592450,SI,93.3,2126,1.24,-0.15,0.4248495279079154,2.2876575264808716,3,1,1,8,Top,,,,1,6,R,L,TOR,NYY,60,5
2025-10-04,663893,592450,FC,93.4,2224,0.24,0.61,-0.7737349813060201,1.933454954352801,3,0,1,8,Top,,,,1,6,R,L,TOR,NYY,60,4
2025-10-04,663893,592450,SI,93.8,2046,1.13,-0.02,0.1334272728507333,1.2364236230536547,2,0,1,8,Top,,,,1,6,R,L,TOR,NYY,60,3
2025-10-04,663893,592450,SI,94.4,2129,1.18,-0.13,0.4526784370600902,0.1903540657731426,1,0,1,8,Top,,,,1,6,R,L,TOR,NYY,60,2
2025-10-04,663893,592450,FC,94.9,2295,0.04,0.44,1.4042376990641223,3.849558274580118,0,0,1,8,Top,,,,1,6,R,L,TOR,NYY,60,1
2025-10-04,663893,663757,FC,94.8,2310,0.25,0.23,-0.1997083876399819,2.1353584073872076,2,2,0,8,Top,,,,1,6,L,L,TOR,NYY,59,5
2025-10-04,663893,663757,FC,94.9,2248,0.44,0.69,-0.345536288216868,1.468572540888265,2,1,0,8,Top,,,,1,6,L,L,TOR,NYY,59,4
2025-10-04,663893,663757,KC,87.5,1503,-0.69,-0.76,-1.0936726810751995,0.9763338161217212,1,1,0,8,Top,,,,1,6,L,L,TOR,NYY,59,3
2025-10-04,663893,663757,KC,87.8,2154,-0.37,-1.04,-0.2775892501543843,1.08335241325487,0,1,0,8,Top,,,,1,6,L,L,TOR,NYY,59,2
2025-10-04,663893,663757,SI,94.9,2076,1.11,0.02,-0.0526277144936764,1.720841123227434,0,0,0,8,Top,,,,1,6,L,L,TOR,NYY,59,1
2025-10-04,621112,680718,FC,90.0,2282,0.15,0.83,1.0061282758511303,2.813645356454193,0,1,2,7,Bot,,,664770,6,1,L,R,TOR,NYY,58,2
2025-10-04,621112,680718,FC,90.0,2435,0.23,0.86,0.6619075179217848,1.817820865697401,0,0,2,7,Bot,,,664770,6,1,L,R,TOR,NYY,58,1
2025-10-04,518585,665489,FF,94.7,2304,-0.5,1.59,-0.3868869850967739,2.802662270166934,3,0,1,7,Bot,,664770,543807,5,1,R,R,TOR,NYY,57,4
2025-10-04,518585,665489,FF,95.9,2360,-0.79,1.32,-0.205279180182958,0.6860612039764056,2,0,1,7,Bot,,664770,543807,5,1,R,R,TOR,NYY,57,3
2025-10-04,518585,665489,SL,83.1,2818,0.76,0.0,1.5175294219859272,1.862743548946825,1,0,1,7,Bot,,664770,543807,5,1,R,R,TOR,NYY,57,2
2025-10-04,518585,665489,FF,94.9,2243,-0.71,1.33,0.4263654682997214,0.8236960635605132,0,0,1,7,Bot,,664770,543807,5,1,R,R,TOR,NYY,57,1
2025-10-04,518585,664770,FF,94.1,2336,-0.48,1.32,0.5357127655735131,3.476948732852991,3,1,1,7,Bot,543807,676391,665926,3,1,L,R,TOR,NYY,56,5
2025-10-04,518585,664770,FF,95.3,2368,-0.59,1.4,0.3328927233623497,1.9041936635464465,3,0,1,7,Bot,543807,676391,665926,3,1,L,R,TOR,NYY,56,4
2025-10-04,518585,664770,FF,94.2,2319,-0.46,1.55,0.1324533883117274,3.7767060286714966,2,0,1,7,Bot,543807,676391,665926,3,1,L,R,TOR,NYY,56,3
2025-10-04,518585,664770,FF,95.4,2381,-0.29,1.46,0.8193222149433321,1.5133699819219515,1,0,1,7,Bot,543807,676391,665926,3,1,L,R,TOR,NYY,56,2
2025-10-04,518585,664770,FF,95.5,2332,-0.64,1.37,-1.4179109030569448,1.8274336150305992,0,0,1,7,Bot,543807,676391,665926,3,1,L,R,TOR,NYY,56,1
2025-10-04,518585,543807,FS,82.8,884,-0.69,-0.02,1.2248398239521634,0.2676900108964193,3,2,1,7,Bot,676391,665926,,3,1,R,R,TOR,NYY,55,6
2025-10-04,518585,543807,FS,81.5,760,-0.59,0.0,1.476261213261859,1.3694723947324323,2,2,1,7,Bot,676391,665926,,3,1,R,R,TOR,NYY,55,5
2025-10-04,518585,543807,FF,95.3,2189,-0.54,1.41,1.2493181208901123,2.6796469977568065,2,1,1,7,Bot,676391,665926,,3,1,R,R,TOR,NYY,55,4
2025-10-04,518585,543807,FS,81.9,807,-0.74,0.08,1.3998483290032888,0.4404249260121715,1,1,1,7,Bot,676391,665926,,3,1,R,R,TOR,NYY,55,3
2025-10-04,518585,543807,FS,81.5,879,-0.42,0.1,1.6052465047417828,0.5919639443889011,0,1,1,7,Bot,676391,665926,,3,1,R,R,TOR,NYY,55,2
2025-10-04,518585,543807,FS,81.4,681,-0.44,0.36,0.7333806319019218,0.2558604970242917,0,0,1,7,Bot,676391,665926,,3,1,R,R,TOR,NYY,55,1
2025-10-04,518585,676391,FS,77.5,659,-0.22,-0.19,-0.3224657565203908,3.9575530988164984,0,0,0,7,Bot,665926,664702,,3,1,R,R,TOR,NYY,54,1
2025-10-04,596133,665926,CH,88.5,2113,-1.34,0.64,-0.2740993770620379,3.2314494444854955,0,1,0,7,Bot,664702,,662139,2,1,L,R,TOR,NYY,53,2
2025-10-04,596133,665926,FF,96.4,2502,-0.91,1.5,0.5380873248627465,3.0220553840509092,0,0,0,7,Bot,664702,,662139,2,1,L,R,TOR,NYY,53,1
2025-10-04,596133,623993,CH,89.3,2054,-1.36,0.62,-0.8343986296573169,2.41646131383684,1,1,0,7,Bot,662139,,,2,1,L,R,TOR,NYY,52,3
2025-10-04,596133,623993,FF,96.7,2405,-0.47,1.64,-0.0420012044221148,3.192685662991673,1,0,0,7,Bot,662139,,,2,1,L,R,TOR,NYY,52,2
2025-10-04,596133,623993,CH,89.6,2105,-1.37,0.54,-1.4178690200886197,2.484567037753047,0,0,0,7,Bot,662139,,,2,1,L,R,TOR,NYY,52,1
2025-10-04,596133,662139,FF,95.5,2420,-0.52,1.65,-0.2672385442910882,4.2979057180552145,3,1,0,7,Bot,,,,2,1,L,R,TOR,NYY,51,5
2025-10-04,596133,662139,FF,95.4,2482,-0.74,1.63,0.5805880995523598,2.4726259151126873,3,0,0,7,Bot,,,,2,1,L,R,TOR,NYY,51,4
2025-10-04,596133,662139,FF,96.3,2456,-0.72,1.66,1.3248136758076043,3.136423503069289,2,0,0,7,Bot,,,,2,1,L,R,TOR,NYY,51,3
2025-10-04,596133,662139,FF,95.6,2457,-0.7,1.65,-0.3549450400755097,3.969359443387473,1,0,0,7,Bot,,,,2,1,L,R,TOR,NYY,51,2
2025-10-04,596133,662139,FF,96.0,2429,-0.7,1.65,0.7644657478049374,4.363446234036738,0,0,0,7,Bot,,,,2,1,L,R,TOR,NYY,51,1
2025-10-04,622554,669224,FS,85.0,1007,-0.9,0.6,-0.3580080429811471,2.781570764748921,0,1,2,7,Top,676609,,,1,2,L,R,TOR,NYY,50,2
2025-10-04,622554,669224,FS,85.3,1010,-0.74,0.69,-0.4570015027349856,0.9328337716951054,0,0,2,7,Top,676609,,,1,2,L,R,TOR,NYY,50,1
2025-10-04,622554,683011,FF,97.7,2354,-0.61,1.26,0.7047071612692979,1.9967993665617332,2,2,1,7,Top,676609,,,1,2,R,R,TOR,NYY,49,5
2025-10-04,622554,683011,FF,96.9,2249,-0.52,1.16,-0.4077479963246411,2.5149509022137035,2,1,1,7,Top,676609,,,1,2,R,R,TOR,NYY,49,4
2025-10-04,622554,683011,ST,85.8,2482,0.54,0.73,-0.1063392069316041,4.138977203686119,1,1,1,7,Top,641857,,,1,2,R,R,TOR,NYY,49,3
2025-10-04,622554,683011,FF,96.6,2294,-0.42,1.32,1.399969591980029,2.7439625736995588,0,1,1,7,Top,641857,,,1,2,R,R,TOR,NYY,49,2
2025-10-04,622554,683011,FF,96.5,2258,-0.52,1.16,0.6118656633410757,2.4050241129919843,0,0,1,7,Top,641857,,,1,2,R,R,TOR,NYY,49,1
2025-10-04,686973,641857,KC,90.6,2532,0.22,-0.21,0.2819423562919653,2.291047202395807,2,2,1,7,Top,,,,1,2,L,R,TOR,NYY,48,6
2025-10-04,686973,641857,CH,94.8,1663,-1.42,0.37,-0.6087764910002906,2.666150961151528,2,2,1,7,Top,,,,1,2,L,R,TOR,NYY,48,5
2025-10-04,686973,641857,CH,94.8,1600,-1.34,0.38,-1.102895216479035,1.4189049535959426,1,2,1,7,Top,,,,1,2,L,R,TOR,NYY,48,4
2025-10-04,686973,641857,FF,99.1,2471,-0.71,1.46,-2.411708813913615,4.473247262923626,0,2,1,7,Top,,,,1,2,L,R,TOR,NYY,48,3
2025-10-04,686973,641857,FF,100.2,2390,-0.97,1.26,-0.2788450747058161,3.1321555371418635,0,1,1,7,Top,,,,1,2,L,R,TOR,NYY,48,2
2025-10-04,686973,641857,FF,99.6,2269,-0.48,1.48,0.6679399530688321,2.9845417139905654,0,0,1,7,Top,,,,1,2,L,R,TOR,NYY,48,1
2025-10-04,686973,665862,CH,94.8,1767,-1.06,0.16,-1.1429686478213363,2.869446064103318,2,2,0,7,Top,,,,1,2,L,R,TOR,NYY,47,6
2025-10-04,686973,665862,FF,99.6,2294,-0.73,1.38,-1.2329361643515857,4.125499847048804,1,2,0,7,Top,,,,1,2,L,R,TOR,NYY,47,5
2025-10-04,686973,665862,KC,90.1,2371,0.29,-0.26,-0.5028838933799578,2.573220456879593,1,2,0,7,Top,,,,1,2,L,R,TOR,NYY,47,4
2025-10-04,686973,665862,CH,94.5,1750,-1.1,0.11,-0.4689413458998255,2.6975482682443213,1,1,0,7,Top,,,,1,2,L,R,TOR,NYY,47,3
2025-10-04,686973,665862,CH,94.1,1523,-0.99,-0.01,0.2026372753273637,1.4179502291653736,0,1,0,7,Top,,,,1,2,L,R,TOR,NYY,47,2
2025-10-04,686973,665862,KC,89.0,2383,0.17,-0.63,-0.3048059287893033,2.0918002309261516,0,0,0,7,Top,,,,1,2,L,R,TOR,NYY,47,1
2025-10-04,666808,672386,FC,98.7,2626,0.1,0.89,0.7258016566036415,3.3412446739074984,1,2,2,6,Bot,,,,2,1,R,R,TOR,NYY,46,4
2025-10-04,666808,672386,SL,87.9,2657,0.82,-0.14,-0.7677520040164332,1.5219136496654886,1,1,2,6,Bot,,,,2,1,R,R,TOR,NYY,46,3
2025-10-04,666808,672386,FC,97.5,2509,-0.04,0.83,0.3938451601146653,2.823881993896249,1,0,2,6,Bot,,,,2,1,R,R,TOR,NYY,46,2
2025-10-04,666808,672386,SL,89.5,2569,0.3,-0.11,-1.7191398572869436,4.45305483116481,0,0,2,6,Bot,,,,2,1,R,R,TOR,NYY,46,1
2025-10-04,666808,680718,FC,98.0,2515,-0.2,0.86,-0.1930451323519721,2.5923332533293073,0,0,1,6,Bot,,,,2,1,L,R,TOR,NYY,45,1
2025-10-04,666808,665489,SL,88.8,2803,1.03,-0.23,-0.2474283407072807,2.106807842580733,2,2,0,6,Bot,,,,2,1,R,R,TOR,NYY,44,5
2025-10-04,666808,665489,SI,95.9,2465,-0.3,0.63,0.5801216471992812,2.714634572847787,2,1,0,6,Bot,,,,2,1,R,R,TOR,NYY,44,4
2025-10-04,666808,665489,SL,87.8,2720,0.69,-0.15,-0.9111236096880576,2.620639166541479,1,1,0,6,Bot,,,,2,1,R,R,TOR,NYY,44,3
2025-10-04,666808,665489,SI,96.7,2366,-0.67,0.53,-0.5699444092594209,2.5420209978033537,1,0,0,6,Bot,,,,2,1,R,R,TOR,NYY,44,2
2025-10-04,666808,665489,SI,95.8,2473,-0.69,0.88,-0.6504213254923707,4.164190030679927,0,0,0,6,Bot,,,,2,1,R,R,TOR,NYY,44,1
2025-10-04,686973,519317,FF,100.7,2401,-0.84,1.29,-0.0836442845564708,3.183929173177172,1,2,2,6,Top,641355,663757,669224,1,2,R,R,TOR,NYY,43,4
2025-10-04,686973,519317,FF,99.9,2345,-0.76,1.27,-0.423735917606508,3.77732071208254,1,1,2,6,Top,641355,663757,669224,1,2,R,R,TOR,NYY,43,3
2025-10-04,686973,519317,KC,90.2,2434,0.22,-0.42,0.1432698761799481,2.243948790551252,1,0,2,6,Top,641355,663757,669224,1,2,R,R,TOR,NYY,43,2
2025-10-04,686973,519317,KC,90.2,2364,0.14,-0.16,0.980617892971051,1.9209821887010787,0,0,2,6,Top,641355,663757,669224,1,2,R,R,TOR,NYY,43,1
2025-10-04,592332,700250,FF,95.7,2317,-1.15,1.41,0.6663629945882192,2.278820656912865,1,1,1,6,Top,641355,663757,669224,1,2,L,R,TOR,NYY,42,3
2025-10-04,592332,700250,FS,85.7,1670,-1.29,0.28,1.0495330847694258,0.6598563397656227,0,1,1,6,Top,641355,663757,669224,1,2,L,R,TOR,NYY,42,2
2025-10-04,592332,700250,FS,86.1,1727,-1.36,0.36,0.4774664947673275,1.3002085692212957,0,0,1,6,Top,641355,663757,669224,1,2,L,R,TOR,NYY,42,1
2025-10-04,592332,641355,FF,94.3,2292,-0.95,1.33,-0.3585099123488147,1.3527776719889704,3,0,1,6,Top,663757,669224,683011,0,2,L,R,TOR,NYY,41,4
2025-10-04,592332,641355,FS,83.0,1572,-1.43,0.42,0.385414532584537,1.2598528825499065,2,0,1,6,Top,663757,669224,683011,0,2,L,R,TOR,NYY,41,3
2025-10-04,592332,641355,FF,95.3,2329,-0.98,1.44,-0.9125128865142786,1.36511921761825,1,0,1,6,Top,663757,669224,683011,0,2,L,R,TOR,NYY,41,2
2025-10-04,592332,641355,FS,84.7,1431,-1.12,0.64,1.3246095685784909,1.7040964315316889,0,0,1,6,Top,663757,669224,683011,0,2,L,R,TOR,NYY,41,1
2025-10-04,592332,592450,FS,86.1,1476,-1.34,-0.09,1.0976681863171176,1.0016887714842175,3,2,0,6,Top,663757,669224,683011,0,2,R,R,TOR,NYY,40,8
2025-10-04,592332,592450,FF,97.0,2248,-0.98,1.32,-0.8485847826506496,3.0351540129671424,3,2,0,6,Top,663757,669224,683011,0,2,R,R,TOR,NYY,40,7
2025-10-04,592332,592450,FS,87.7,1606,-1.43,0.49,-0.0810998425503224,0.8449582335216688,2,2,0,6,Top,663757,669224,683011,0,2,R,R,TOR,NYY,40,6
2025-10-04,592332,592450,FS,85.3,1257,-0.94,0.3,-0.3214460283315942,3.805724315546735,2,2,0,6,Top,663757,669224,683011,0,2,R,R,TOR,NYY,40,5
2025-10-04,592332,592450,FS,87.4,1426,-1.4,0.4,-0.4181391884379808,2.0408488666529534,2,1,0,6,Top,663757,669224,683011,0,2,R,R,TOR,NYY,40,4
2025-10-04,592332,592450,FF,96.5,2096,-0.92,1.06,0.2720301637281894,1.1574676877951655,1,1,0,6,Top,663757,669224,683011,0,2,R,R,TOR,NYY,40,3
2025-10-04,592332,592450,FS,87.7,1576,-1.41,0.11,1.5469965813698323,-0.0941717922710494,0,1,0,6,Top,663757,669224,683011,0,2,R,R,TOR,NYY,40,2
2025-10-04,592332,592450,FF,96.9,2355,-1.01,1.5,0.5120728019246015,2.257941008494491,0,0,0,6,Top,663757,669224,683011,0,2,R,R,TOR,NYY,40,1
2025-10-04,592332,663757,FS,85.7,1437,-1.22,0.17,-1.248770089989881,3.0307481282123994,3,2,0,6,Top,669224,,683011,0,2,L,R,TOR,NYY,39,6
2025-10-04,592332,663757,FF,95.5,2274,-1.08,1.35,-0.0489907283795778,2.400985136853138,3,1,0,6,Top,669224,,683011,0,2,L,R,TOR,NYY,39,5
2025-10-04,592332,663757,FF,95.0,2347,-1.23,1.33,-0.8439861321264837,2.304763639975854,3,0,0,6,Top,669224,,683011,0,2,L,R,TOR,NYY,39,4
2025-10-04,592332,663757,FS,86.0,1609,-1.34,0.56,1.0522834582901224,0.8029549307893107,2,0,0,6,Top,669224,,683011,0,2,L,R,TOR,NYY,39,3
2025-10-04,592332,663757,FS,86.1,1211,-1.16,0.41,0.5487826655629249,0.5087749018629282,1,0,0,6,Top,669224,,683011,0,2,L,R,TOR,NYY,39,2
2025-10-04,592332,663757,FS,84.8,1133,-1.02,-0.23,-1.3732513641174466,2.5564192503255088,0,0,0,6,Top,669224,,683011,0,2,L,R,TOR,NYY,39,1
2025-10-04,592332,669224,FF,94.9,2009,-0.84,1.23,0.4479381880767292,1.9746689105092483,0,0,0,6,Top,,683011,,0,2,L,R,TOR,NYY,38,1
2025-10-04,592332,683011,SL,85.3,2234,0.13,0.21,0.3841859235900682,2.561698123626303,0,2,0,6,Top,,,,0,2,R,R,TOR,NYY,37,3
2025-10-04,592332,683011,SL,85.6,2156,0.07,0.26,0.901776602217392,1.8095445229089364,0,1,0,6,Top,,,,0,2,R,R,TOR,NYY,37,2
2025-10-04,592332,683011,FF,95.1,1967,-0.72,1.12,-0.5757686309824621,2.2979502515347456,0,0,0,6,Top,,,,0,2,R,R,TOR,NYY,37,1
2025-10-04,666808,664770,FC,97.1,2520,0.22,0.53,0.2628997162650949,2.146878782067642,2,0,2,5,Bot,,,,2,0,L,R,TOR,NYY,36,3
2025-10-04,666808,664770,FC,97.7,2541,0.09,0.61,0.3939087701365453,3.4297185683560896,1,0,2,5,Bot,,,,2,0,L,R,TOR,NYY,36,2
2025-10-04,666808,664770,FC,98.7,2477,0.07,0.78,-0.302270864293663,3.84809431327205,0,0,2,5,Bot,,,,2,0,L,R,TOR,NYY,36,1
2025-10-04,666808,543807,SL,88.1,2759,1.28,-0.05,1.013610656346917,1.450604144961956,2,2,1,5,Bot,,,,2,0,R,R,TOR,NYY,35,5
2025-10-04,666808,543807,SL,87.8,2790,1.13,-0.03,-0.768794597735788,2.4698053809056524,2,1,1,5,Bot,,,,2,0,R,R,TOR,NYY,35,4
2025-10-04,666808,543807,SL,88.3,2852,1.18,-0.05,0.4726261065977022,1.0228470688592592,1,1,1,5,Bot,,,,2,0,R,R,TOR,NYY,35,3
2025-10-04,666808,543807,SL,88.2,2724,1.07,-0.04,-1.6392345861162545,2.827613275126222,0,1,1,5,Bot,,,,2,0,R,R,TOR,NYY,35,2
2025-10-04,666808,543807,SL,88.8,2636,0.78,-0.06,0.0540046767203516,2.8482332743923977,0,0,1,5,Bot,,,,2,0,R,R,TOR,NYY,35,1
2025-10-04,666808,676391,FC,98.2,2747,-0.28,0.46,-0.2190590189920095,1.83528146395593,1,0,0,5,Bot,,,,2,0,R,R,TOR,NYY,34,2
2025-10-04,666808,676391,FC,98.8,2729,-0.34,0.52,1.1383147809680965,2.1157335659775782,0,0,0,5,Bot,,,,2,0,R,R,TOR,NYY,34,1
2025-10-04,592332,641857,FS,86.1,1346,-1.33,-0.24,-0.5380822040930202,1.511957745719986,1,2,2,5,Top,,,,0,2,L,R,TOR,NYY,33,5
2025-10-04,592332,641857,FF,96.6,2290,-0.88,1.31,0.5026447204308866,2.2038253754782455,1,2,2,5,Top,,,,0,2,L,R,TOR,NYY,33,4
2025-10-04,592332,641857,FF,97.3,2151,-0.91,1.14,-1.1652233358474922,3.135564023026231,0,2,2,5,Top,,,,0,2,L,R,TOR,NYY,33,3
2025-10-04,592332,641857,FF,96.3,2168,-0.92,1.25,-0.7638170989602234,2.725043849376431,0,1,2,5,Top,,,,0,2,L,R,TOR,NYY,33,2
2025-10-04,592332,641857,FF,95.1,2089,-0.89,1.34,-0.2052515354318513,2.3105578333421173,0,0,2,5,Top,,,,0,2,L,R,TOR,NYY,33,1
2025-10-04,592332,665862,FS,85.3,1640,-1.38,0.34,-0.1083348275483808,1.6490684964291118,1,1,1,5,Top,,,,0,2,L,R,TOR,NYY,32,3
2025-10-04,592332,665862,FS,84.8,1528,-1.21,0.54,-0.1481967183831587,1.5177050831345689,1,0,1,5,Top,,,,0,2,L,R,TOR,NYY,32,2
2025-10-04,592332,665862,FF,94.8,1972,-0.75,1.19,-0.1966904395225772,1.4299539957867575,0,0,1,5,Top,,,,0,2,L,R,TOR,NYY,32,1
2025-10-04,592332,519317,FF,95.8,2141,-0.95,1.25,-0.2956350639184829,2.835382038711868,0,0,0,5,Top,,,,0,2,R,R,TOR,NYY,31,1
2025-10-04,657612,665926,SI,89.2,2227,1.47,-0.59,1.1159557597403875,1.5134260412241276,0,2,2,4,Bot,,,,2,0,L,L,TOR,NYY,30,3
2025-10-04,657612,665926,SI,88.7,2084,1.27,-0.74,0.1926474386506034,1.6325715383436523,0,1,2,4,Bot,,,,2,0,L,L,TOR,NYY,30,2
2025-10-04,657612,665926,SI,88.2,2104,1.5,-0.46,0.2076367952636375,1.9437771169497395,0,0,2,4,Bot,,,,2,0,L,L,TOR,NYY,30,1
2025-10-04,657612,623993,SI,88.9,2171,1.54,-0.29,-0.0257903462710265,2.4430237544587814,3,2,1,4,Bot,,,,2,0,R,L,TOR,NYY,29,6
2025-10-04,657612,623993,SI,88.0,2172,1.29,-0.64,1.0617517393950016,1.6108409009941664,3,1,1,4,Bot,,,,2,0,R,L,TOR,NYY,29,5
2025-10-04,657612,623993,FF,88.8,2164,1.48,0.33,-0.8101543401523685,2.280859598291228,2,1,1,4,Bot,,,,2,0,R,L,TOR,NYY,29,4
2025-10-04,657612,623993,SI,87.5,2141,1.13,-0.58,1.413176665550805,2.701220277402652,1,1,1,4,Bot,,,,2,0,R,L,TOR,NYY,29,3
2025-10-04,657612,623993,SI,88.7,2247,1.42,-0.38,1.498917622573276,2.1360998593750433,0,1,1,4,Bot,,,,2,0,R,L,TOR,NYY,29,2
2025-10-04,657612,623993,SI,88.0,2040,0.99,-0.37,-0.2226076199108888,1.950662787682555,0,0,1,4,Bot,,,,2,0,R,L,TOR,NYY,29,1
2025-10-04,657612,662139,SI,87.5,2041,0.97,-0.55,0.2140090903424776,1.9967112748986489,2,1,0,4,Bot,,,,2,0,L,L,TOR,NYY,28,4
2025-10-04,657612,662139,FF,88.6,2118,1.35,0.47,-0.3542843632972554,3.8496045359260833,1,1,0,4,Bot,,,,2,0,L,L,TOR,NYY,28,3
2025-10-04,657612,662139,SI,86.8,2023,1.1,-0.45,0.4547601330541104,2.2733299261639814,1,0,0,4,Bot,,,,2,0,L,L,TOR,NYY,28,2
2025-10-04,657612,662139,SI,86.0,2022,1.25,-0.54,1.0379379710184375,2.4309356959935537,0,0,0,4,Bot,,,,2,0,L,L,TOR,NYY,28,1
2025-10-04,592332,700250,FS,86.1,1560,-1.29,0.29,0.541457134571051,1.235207166868995,1,2,2,4,Top,,,,0,2,L,R,TOR,NYY,27,4
2025-10-04,592332,700250,FS,87.2,1605,-1.41,0.12,1.1742472259858512,0.3975552811024609,0,2,2,4,Top,,,,0,2,L,R,TOR,NYY,27,3
2025-10-04,592332,700250,FF,96.7,2368,-0.92,1.48,0.6644594739730391,3.000954154099574,0,1,2,4,Top,,,,0,2,L,R,TOR,NYY,27,2
2025-10-04,592332,700250,FS,85.3,1431,-1.13,0.53,0.0025639210340622,1.5145531626366386,0,0,2,4,Top,,,,0,2,L,R,TOR,NYY,27,1
2025-10-04,592332,641355,FS,83.2,1566,-1.2,-0.11,-0.798004514348795,1.8405669522877517,3,1,1,4,Top,,,,0,2,L,R,TOR,NYY,26,5
2025-10-04,592332,641355,FF,92.6,2121,-1.07,1.34,-0.6040143007570395,3.3190212863693587,3,0,1,4,Top,,,,0,2,L,R,TOR,NYY,26,4
2025-10-04,592332,641355,FS,82.7,1430,-1.27,-0.09,-0.8462149823996994,2.622353946868161,2,0,1,4,Top,,,,0,2,L,R,TOR,NYY,26,3
2025-10-04,592332,641355,FS,84.8,1581,-1.34,0.25,0.428390445342083,0.3065240277409846,1,0,1,4,Top,,,,0,2,L,R,TOR,NYY,26,2
2025-10-04,592332,641355,FF,94.8,2167,-0.81,1.39,0.5628650730737903,1.2528839806723375,0,0,1,4,Top,,,,0,2,L,R,TOR,NYY,26,1
2025-10-04,592332,592450,FF,96.1,2188,-0.89,1.19,-0.6899918438704329,3.5590666237397532,0,0,0,4,Top,,,,0,2,R,R,TOR,NYY,25,1
2025-10-04,657612,672386,SI,88.4,2095,1.25,-0.59,-0.6872069570700936,1.5416916820164732,2,2,2,3,Bot,680718,665489,,2,0,R,L,TOR,NYY,24,5
2025-10-04,657612,672386,FF,89.3,2132,1.3,0.44,-0.2032895882836447,4.087971790890164,1,2,2,3,Bot,680718,665489,,2,0,R,L,TOR,NYY,24,4
2025-10-04,657612,672386,SI,89.0,2072,1.32,-0.56,0.2851943102960905,2.356176567734775,1,1,2,3,Bot,680718,665489,,2,0,R,L,TOR,NYY,24,3
2025-10-04,657612,672386,FF,89.0,2086,1.5,0.03,0.2475949773333137,3.4919141994358127,0,1,2,3,Bot,680718,665489,,2,0,R,L,TOR,NYY,24,2
2025-10-04,657612,672386,SI,88.6,2052,1.32,-0.61,0.6335990454017122,2.543642406276159,0,0,2,3,Bot,680718,665489,,2,0,R,L,TOR,NYY,24,1
2025-10-04,657612,680718,SI,88.9,2077,1.04,-0.78,0.6103729715608346,2.480140363758639,0,2,2,3,Bot,665489,,,2,0,L,L,TOR,NYY,23,3
2025-10-04,657612,680718,SI,87.5,2064,0.97,-0.63,0.4266500010985918,1.6525836840434938,0,1,2,3,Bot,665489,,,2,0,L,L,TOR,NYY,23,2
2025-10-04,657612,680718,SI,88.4,2127,1.11,-0.62,-0.3689839273592474,2.4175589010341905,0,0,2,3,Bot,665489,,,2,0,L,L,TOR,NYY,23,1
2025-10-04,661563,665489,FF,97.2,2515,0.14,1.02,0.8174444025178578,2.278335715457376,1,2,2,3,Bot,,,,2,0,R,R,TOR,NYY,22,4
2025-10-04,661563,665489,SL,88.4,2628,0.85,0.15,1.4877053000686713,2.436129275356205,0,2,2,3,Bot,,,,2,0,R,R,TOR,NYY,22,3
2025-10-04,661563,665489,FF,95.8,2526,0.04,1.33,0.4390022599957187,1.813456154516118,0,1,2,3,Bot,,,,2,0,R,R,TOR,NYY,22,2
2025-10-04,661563,665489,FF,96.6,2386,-0.02,1.15,0.8209416593824794,1.942648974497624,0,0,2,3,Bot,,,,2,0,R,R,TOR,NYY,22,1
2025-10-04,661563,664770,FF,93.8,2452,-0.13,1.11,0.576177975886055,2.962849636950386,1,1,1,3,Bot,,,,2,0,L,R,TOR,NYY,21,3
2025-10-04,661563,664770,FF,95.4,2515,-0.11,1.36,-0.3620033586227406,2.057695050962175,1,0,1,3,Bot,,,,2,0,L,R,TOR,NYY,21,2
2025-10-04,661563,664770,FF,95.6,2457,0.13,1.15,-0.2509773668363644,1.0582504817547018,0,0,1,3,Bot,,,,2,0,L,R,TOR,NYY,21,1
2025-10-04,661563,543807,FF,96.0,2549,-0.07,1.44,-0.3490690738854013,2.392393894717766,1,2,0,3,Bot,,,,2,0,R,R,TOR,NYY,20,4
2025-10-04,661563,543807,SL,86.9,2426,0.81,0.29,0.7831564544741697,2.1372190468541663,1,1,0,3,Bot,,,,2,0,R,R,TOR,NYY,20,3
2025-10-04,661563,543807,CH,91.8,1588,-1.42,0.34,0.4549141239989422,0.8392146570896766,0,1,0,3,Bot,,,,2,0,R,R,TOR,NYY,20,2
2025-10-04,661563,543807,FF,95.4,2398,0.08,1.31,0.4531817598816565,1.6244530144048228,0,0,0,3,Bot,,,,2,0,R,R,TOR,NYY,20,1
2025-10-04,592332,663757,FF,94.0,1975,-0.45,1.32,-0.1657975770724178,3.167165184407336,0,0,2,3,Top,,,,0,2,L,R,TOR,NYY,19,1
2025-10-04,592332,669224,FF,94.9,2181,-0.79,1.23,-0.0164426551163309,1.9851420197083829,0,0,1,3,Top,,,,0,2,L,R,TOR,NYY,18,1
2025-10-04,592332,683011,FF,93.8,2192,-0.97,1.36,-0.427100172831695,2.9149612401421736,0,1,0,3,Top,,,,0,2,R,R,TOR,NYY,17,2
2025-10-04,592332,683011,FF,94.7,2071,-0.7,1.3,-0.1463452340305647,2.2243191616211604,0,0,0,3,Top,,,,0,2,R,R,TOR,NYY,17,1
2025-10-04,661563,676391,SL,86.2,2614,0.84,0.38,0.924268055853426,1.7709992543088906,1,2,2,2,Bot,662139,,,2,0,R,R,TOR,NYY,16,5
2025-10-04,661563,676391,FF,95.1,2337,-0.03,1.13,-0.2031748976209578,3.570052819878256,1,2,2,2,Bot,662139,,,2,0,R,R,TOR,NYY,16,4
2025-10-04,661563,676391,SL,88.3,2605,0.7,0.03,1.723461949636051,1.0887682361207034,0,2,2,2,Bot,662139,,,2,0,R,R,TOR,NYY,16,3
2025-10-04,661563,676391,SL,87.0,2618,0.9,0.26,-0.1279807433962133,2.9300822310048775,0,1,2,2,Bot,662139,,,2,0,R,R,TOR,NYY,16,2
2025-10-04,661563,676391,SL,86.7,2493,0.55,0.24,-0.6579709240066213,3.3766915766436356,0,0,2,2,Bot,662139,,,2,0,R,R,TOR,NYY,16,1
2025-10-04,661563,665926,FF,96.6,2500,-0.09,1.13,0.282895692965889,1.794321710204938,0,0,1,2,Bot,662139,,,2,0,L,R,TOR,NYY,15,1
2025-10-04,661563,623993,FF,96.7,2456,-0.13,1.24,-1.114772116595336,3.031326272417708,2,2,0,2,Bot,662139,,,2,0,L,R,TOR,NYY,14,9
2025-10-04,661563,623993,SL,87.4,2552,0.66,0.42,1.0385996253836405,1.6908463476768048,2,2,0,2,Bot,662139,,,2,0,L,R,TOR,NYY,14,8
2025-10-04,661563,623993,FF,95.9,2328,0.28,1.15,0.5272353899620941,4.051503780658173,1,2,0,2,Bot,662139,,,2,0,L,R,TOR,NYY,14,7
2025-10-04,661563,623993,FF,96.2,2225,-0.07,1.08,0.701887506790112,2.607295859766894,1,2,0,2,Bot,662139,,,2,0,L,R,TOR,NYY,14,6
2025-10-04,661563,623993,CH,91.8,1644,-1.23,0.46,-0.7265664265089302,2.6855470728124065,1,2,0,2,Bot,662139,,,2,0,L,R,TOR,NYY,14,5
2025-10-04,661563,623993,CH,91.0,1513,-1.1,0.29,-2.462124882084594,3.403104414644302,0,2,0,2,Bot,662139,,,2,0,L,R,TOR,NYY,14,4
2025-10-04,661563,623993,FF,96.8,2328,-0.17,1.26,0.9074500279939924,2.763860078246357,0,2,0,2,Bot,662139,,,2,0,L,R,TOR,NYY,14,3
2025-10-04,661563,623993,SL,85.7,2546,0.6,0.15,0.3651019269922078,2.2874362920062103,0,1,0,2,Bot,662139,,,2,0,L,R,TOR,NYY,14,2
2025-10-04,661563,623993,FF,96.0,2390,-0.16,1.41,0.3276203952520069,2.5028592500175524,0,0,0,2,Bot,662139,,,2,0,L,R,TOR,NYY,14,1
2025-10-04,661563,662139,CH,91.0,1596,-1.33,0.75,-1.1030727289816,2.513442412517097,3,2,0,2,Bot,,,,2,0,L,R,TOR,NYY,13,8
2025-10-04,661563,662139,SL,86.0,2567,0.8,0.37,0.9034110342647502,1.8125049591400584,3,2,0,2,Bot,,,,2,0,L,R,TOR,NYY,13,7
2025-10-04,661563,662139,FF,96.0,2513,-0.02,1.16,0.2168896065380168,2.3458696254940783,3,2,0,2,Bot,,,,2,0,L,R,TOR,NYY,13,6
2025-10-04,661563,662139,FF,96.4,2455,0.04,1.27,-0.103817871275149,4.050784038815888,2,2,0,2,Bot,,,,2,0,L,R,TOR,NYY,13,5
2025-10-04,661563,662139,FF,96.0,2443,0.05,1.34,0.6391449092791799,1.2877552796963547,2,1,0,2,Bot,,,,2,0,L,R,TOR,NYY,13,4
2025-10-04,661563,662139,SL,87.2,2546,0.36,0.99,-1.761021129986231,3.8205572607116025,1,1,0,2,Bot,,,,2,0,L,R,TOR,NYY,13,3
2025-10-04,661563,662139,FF,96.0,2240,-0.14,1.17,1.035396742036797,1.365990260453784,1,0,0,2,Bot,,,,2,0,L,R,TOR,NYY,13,2
2025-10-04,661563,662139,FF,96.0,2113,-0.05,1.18,-0.1548784761169309,3.806349840457245,0,0,0,2,Bot,,,,2,0,L,R,TOR,NYY,13,1
2025-10-04,661563,672386,FF,95.1,2292,-0.19,1.29,-0.4638235841698693,2.6791473117637485,0,0,0,2,Bot,,,,1,0,R,R,TOR,NYY,12,1
2025-10-04,592332,641857,FS,85.2,1551,-1.52,0.16,-0.0408110771471814,2.3259288124476907,3,2,1,2,Top,665862,,,0,1,L,R,TOR,NYY,11,7
2025-10-04,592332,641857,FF,94.9,2153,-0.99,1.58,0.0095030497394947,1.759617597028151,3,2,1,2,Top,665862,,,0,1,L,R,TOR,NYY,11,6
2025-10-04,592332,641857,FF,93.7,2108,-1.27,1.36,-1.0395967961711294,1.6495452281298957,2,2,1,2,Top,665862,,,0,1,L,R,TOR,NYY,11,5
2025-10-04,592332,641857,FF,95.6,2103,-0.85,1.46,-0.3196216332745605,4.368860875956554,1,2,1,2,Top,665862,,,0,1,L,R,TOR,NYY,11,4
2025-10-04,592332,641857,FF,95.6,2146,-1.04,1.4,-0.3063954718629624,2.668562432827882,1,1,1,2,Top,665862,,,0,1,L,R,TOR,NYY,11,3
2025-10-04,592332,641857,FS,82.6,1386,-1.22,-0.21,-0.9391519267362716,2.3480654192098545,0,1,1,2,Top,665862,,,0,1,L,R,TOR,NYY,11,2
2025-10-04,592332,641857,FF,93.9,2196,-1.05,1.4,-0.4282375227109396,2.1457332438748207,0,0,1,2,Top,665862,,,0,1,L,R,TOR,NYY,11,1
2025-10-04,592332,665862,FF,96.3,2081,-0.89,1.24,0.2436664863550935,3.392652680150684,1,2,1,2,Top,,,,0,1,L,R,TOR,NYY,10,4
2025-10-04,592332,665862,FF,94.8,2302,-0.73,1.59,-0.0431409223647477,3.379599720298287,1,1,1,2,Top,,,,0,1,L,R,TOR,NYY,10,3
2025-10-04,592332,665862,FS,85.1,1745,-1.37,0.59,0.2699023945376928,2.0715411603007228,1,0,1,2,Top,,,,0,1,L,R,TOR,NYY,10,2
2025-10-04,592332,665862,FS,84.5,1581,-1.35,0.19,-1.2999727890737796,2.211849528444172,0,0,1,2,Top,,,,0,1,L,R,TOR,NYY,10,1
2025-10-04,592332,519317,FS,85.1,1879,-1.19,0.03,-0.6748885934059259,2.21928297125601,0,2,0,2,Top,,,,0,1,R,R,TOR,NYY,9,3
2025-10-04,592332,519317,FF,95.4,2213,-1.05,1.39,-0.960963575725088,3.4250937438912574,0,1,0,2,Top,,,,0,1,R,R,TOR,NYY,9,2
2025-10-04,592332,519317,SL,85.4,2226,-0.02,0.36,0.5483973490107006,2.8026458883201166,0,0,0,2,Top,,,,0,1,R,R,TOR,NYY,9,1
2025-10-04,661563,680718,FF,96.1,2477,0.21,1.21,0.4846456810134875,4.163364793623689,2,2,2,1,Bot,,,,1,0,L,R,TOR,NYY,8,5
2025-10-04,661563,680718,FF,95.2,2209,-0.03,1.1,1.1467426789105033,2.3016405822106565,2,1,2,1,Bot,,,,1,0,L,R,TOR,NYY,8,4
2025-10-04,661563,680718,CH,91.5,1747,-1.34,0.48,-0.2050802185731077,1.7499945841114013,1,1,2,1,Bot,,,,1,0,L,R,TOR,NYY,8,3
2025-10-04,661563,680718,FF,95.5,2140,-0.05,1.2,-0.9278970335825184,3.638825311438973,0,1,2,1,Bot,,,,1,0,L,R,TOR,NYY,8,2
2025-10-04,661563,680718,FF,95.3,2552,-0.15,1.37,-0.0535933365992501,4.029930606417488,0,0,2,1,Bot,,,,1,0,L,R,TOR,NYY,8,1
2025-10-04,661563,665489,CH,90.3,1625,-1.18,0.5,-0.6217283987641931,2.558623896855604,2,1,2,1,Bot,,,,0,0,R,R,TOR,NYY,7,4
2025-10-04,661563,665489,CH,92.2,1686,-1.33,0.37,0.5867116129563854,0.9222361158131364,1,1,2,1,Bot,,,,0,0,R,R,TOR,NYY,7,3
2025-10-04,661563,665489,SL,85.2,2353,0.52,0.67,-0.3729727526174543,3.073771425545776,1,0,2,1,Bot,,,,0,0,R,R,TOR,NYY,7,2
2025-10-04,661563,665489,FF,95.8,2480,-0.22,1.38,0.1857519791280643,4.169650949182171,0,0,2,1,Bot,,,,0,0,R,R,TOR,NYY,7,1
2025-10-04,661563,664770,FF,94.8,2094,-0.4,1.22,-0.1201413589998666,2.8744096333832325,1,0,1,1,Bot,,,,0,0,L,R,TOR,NYY,6,2
2025-10-04,661563,664770,FF,96.0,2271,-0.56,1.38,-1.026601504565584,3.098216180458742,0,0,1,1,Bot,,,,0,0,L,R,TOR,NYY,6,1
2025-10-04,661563,543807,FF,95.2,2262,-0.29,1.19,0.8082854906451608,2.702834966144721,0,1,0,1,Bot,,,,0,0,R,R,TOR,NYY,5,2
2025-10-04,661563,543807,FF,96.8,2179,-0.27,1.24,-0.3285936126103691,3.460328744589711,0,0,0,1,Bot,,,,0,0,R,R,TOR,NYY,5,1
2025-10-04,592332,700250,FS,85.4,1745,-1.53,0.08,-1.5658307340728506,2.485732817850101,1,2,2,1,Top,592450,,,0,0,L,R,TOR,NYY,4,5
2025-10-04,592332,700250,FF,95.5,2210,-1.14,1.23,0.4447646265165887,2.4754647636735285,1,2,2,1,Top,592450,,,0,0,L,R,TOR,NYY,4,4
2025-10-04,592332,700250,FS,84.8,1662,-1.41,0.25,-0.1311624024479427,0.8658240645084998,0,2,2,1,Top,592450,,,0,0,L,R,TOR,NYY,4,3
2025-10-04,592332,700250,FS,85.7,1610,-1.28,0.27,0.1231523396054743,1.7286450690987971,0,1,2,1,Top,592450,,,0,0,L,R,TOR,NYY,4,2
2025-10-04,592332,700250,FS,83.8,1511,-1.21,0.04,-0.3357684843975785,1.8573144136799888,0,0,2,1,Top,592450,,,0,0,L,R,TOR,NYY,4,1
2025-10-04,592332,641355,FF,93.8,2080,-0.94,1.3,0.495069977366226,2.301550134940249,1,2,1,1,Top,592450,,,0,0,L,R,TOR,NYY,3,5
2025-10-04,592332,641355,FF,95.6,2226,-1.06,1.38,-0.9886049333987256,3.5596900278545487,1,2,1,1,Top,592450,,,0,0,L,R,TOR,NYY,3,4
2025-10-04,592332,641355,FS,85.6,1766,-1.64,0.62,-0.6298330524230529,2.0615095848204863,1,1,1,1,Top,592450,,,0,0,L,R,TOR,NYY,3,3
2025-10-04,592332,641355,FS,86.3,1902,-1.47,0.3,-0.3287221089177581,1.0967123842885127,0,1,1,1,Top,592450,,,0,0,L,R,TOR,NYY,3,2
2025-10-04,592332,641355,FS,85.2,1726,-1.46,0.47,-0.0806102300566367,2.107748951281274,0,0,1,1,Top,592450,,,0,0,L,R,TOR,NYY,3,1
2025-10-04,592332,592450,SL,85.8,2348,-0.02,0.41,0.2999244577643685,2.6356170184790115,0,1,1,1,Top,,,,0,0,R,R,TOR,NYY,2,2
2025-10-04,592332,592450,FF,94.8,2205,-0.81,1.34,0.11021813631192,3.0577164918407886,0,0,1,1,Top,,,,0,0,R,R,TOR,NYY,2,1
2025-10-04,592332,663757,FF,94.8,2184,-0.91,1.37,-0.0544862481289782,3.032588726035,0,0,0,1,Top,,,,0,0,L,R,TOR,NYY,1,1
2025-10-04,672456,647304,KC,82.3,3152,0.94,-1.05,-0.322740129145041,2.7123653954623683,0,2,2,11,Bot,677594,,,2,3,L,R,SEA,DET,84,3
2025-10-04,672456,647304,CH,88.9,2060,-1.35,0.76,0.2641610775624463,2.227138742010898,0,1,2,11,Bot,677594,,,2,3,L,R,SEA,DET,84,2
2025-10-04,672456,647304,KC,80.0,2893,1.37,-0.56,-0.3707736507201709,3.4969218806857216,0,0,2,11,Bot,677594,,,2,3,L,R,SEA,DET,84,1
2025-10-04,672456,677594,CH,91.2,2385,-1.26,0.85,0.4804311621498693,2.5790109336791396,0,1,2,11,Bot,,,,2,3,R,R,SEA,DET,83,2
2025-10-04,672456,677594,SI,97.1,2368,-1.4,0.92,-0.3645249162149064,2.7916202798131837,0,0,2,11,Bot,,,,2,3,R,R,SEA,DET,83,1
2025-10-04,672456,663728,SL,85.7,2852,1.22,-0.03,0.1441346357355184,2.831711006986083,0,0,1,11,Bot,,,,2,3,L,R,SEA,DET,82,1
2025-10-04,672456,668227,SI,97.1,2435,-1.5,0.93,0.0286849169957799,2.594611944252046,2,2,0,11,Bot,,,,2,3,R,R,SEA,DET,81,6
2025-10-04,672456,668227,CH,89.2,2340,-1.21,0.95,2.199155610201713,1.50015660089086,1,2,0,11,Bot,,,,2,3,R,R,SEA,DET,81,5
2025-10-04,672456,668227,SL,87.1,2842,0.68,0.32,0.0461851662252655,2.800912525567123,1,2,0,11,Bot,,,,2,3,R,R,SEA,DET,81,4
2025-10-04,672456,668227,SL,87.4,2922,0.46,0.14,1.3811602654549886,-0.0748656270417815,0,2,0,11,Bot,,,,2,3,R,R,SEA,DET,81,3
2025-10-04,672456,668227,SI,96.5,2568,-1.53,1.15,0.8532209672008426,2.319489069297201,0,1,0,11,Bot,,,,2,3,R,R,SEA,DET,81,2
2025-10-04,672456,668227,SI,95.4,2555,-1.23,0.99,-0.5584648776538401,2.5136829328189405,0,0,0,11,Bot,,,,2,3,R,R,SEA,DET,81,1
2025-10-04,672841,595879,SI,100.8,2271,-1.49,0.59,-0.1956841390918697,2.565972263142412,1,2,2,11,Top,,656716,,3,2,R,R,SEA,DET,80,6
2025-10-04,672841,595879,FC,95.5,2538,0.36,0.57,0.5314892463820684,3.558735833852402,1,2,2,11,Top,,656716,,3,2,R,R,SEA,DET,80,5
2025-10-04,672841,595879,FC,95.5,2422,-0.01,0.51,-0.9749682584094204,3.364480809284286,1,2,2,11,Top,,656716,,3,2,R,R,SEA,DET,80,4
2025-10-04,672841,595879,SI,98.7,2323,-1.49,0.4,-1.614979735623273,3.330927465373753,1,1,2,11,Top,,656716,,3,2,R,R,SEA,DET,80,3
2025-10-04,672841,595879,FC,96.9,2262,0.03,0.57,0.271576367196693,2.8345722438391476,1,0,2,11,Top,,656716,,3,2,R,R,SEA,DET,80,2
2025-10-04,672841,595879,SI,98.7,2276,-1.35,0.54,1.135358471822906,1.6218264564677944,0,0,2,11,Top,656716,,,3,2,R,R,SEA,DET,80,1
2025-10-04,672841,656716,SI,99.6,2293,-1.66,0.64,-0.5238048236753119,2.287485482474156,0,0,2,11,Top,,679529,,2,2,L,R,SEA,DET,79,1
2025-10-04,672841,693307,FC,97.2,2426,0.01,0.75,0.9684790450011136,1.8748440777595776,1,2,1,11,Top,,679529,,2,2,R,R,SEA,DET,78,4
2025-10-04,672841,693307,SI,99.8,2274,-1.53,0.5,1.902371312157528,1.256578977744285,0,2,1,11,Top,,679529,,2,2,R,R,SEA,DET,78,3
2025-10-04,672841,693307,FC,96.9,2401,0.11,0.56,-0.215812481603932,3.266038704987686,0,1,1,11,Top,,679529,,2,2,R,R,SEA,DET,78,2
2025-10-04,672841,693307,SI,98.6,2300,-1.44,0.47,0.5371532779745267,1.559740248857384,0,0,1,11,Top,,679529,,2,2,R,R,SEA,DET,78,1
2025-10-04,672841,672761,FC,97.2,2372,-0.18,0.63,0.7625516315450547,2.217956995024962,3,2,0,11,Top,,679529,,2,2,L,R,SEA,DET,77,6
2025-10-04,672841,672761,SI,100.2,2219,-1.45,0.69,1.3344701808760977,0.3955163381561051,2,2,0,11,Top,,679529,,2,2,L,R,SEA,DET,77,5
2025-10-04,672841,672761,SI,96.7,1815,-1.61,0.76,0.8233802134453119,-0.3905502928373576,1,2,0,11,Top,679529,,,2,2,L,R,SEA,DET,77,4
2025-10-04,672841,672761,SI,99.7,2293,-1.34,1.03,0.2871664015034867,2.5885236531715337,1,1,0,11,Top,679529,,,2,2,L,R,SEA,DET,77,3
2025-10-04,672841,672761,SI,99.1,2262,-1.54,0.72,-0.3433606934262641,2.1555910025826917,1,0,0,11,Top,679529,,,2,2,L,R,SEA,DET,77,2
2025-10-04,672841,672761,SI,97.7,2276,-1.53,0.5,0.4874147463311524,1.4237662190194251,0,0,0,11,Top,679529,,,2,2,L,R,SEA,DET,77,1
2025-10-04,672841,679529,SI,98.2,2215,-1.33,0.42,-1.0277472421315774,4.044495702182412,3,2,0,11,Top,,,,2,2,R,R,SEA,DET,76,7
2025-10-04,672841,679529,SI,98.3,2084,-1.37,0.4,0.0325174037484667,2.5643282752907717,3,2,0,11,Top,,,,2,2,R,R,SEA,DET,76,6
2025-10-04,672841,679529,SL,93.2,2500,0.03,0.29,-0.0542892748066081,0.762709632405137,2,2,0,11,Top,,,,2,2,R,R,SEA,DET,76,5
2025-10-04,672841,679529,SI,98.6,2219,-1.37,0.46,-0.8665602760041027,2.6503768713491405,2,1,0,11,Top,,,,2,2,R,R,SEA,DET,76,4
2025-10-04,672841,679529,SI,99.8,2180,-1.51,0.6,1.8329866976648856,2.2359915500473218,1,1,0,11,Top,,,,2,2,R,R,SEA,DET,76,3
2025-10-04,672841,679529,CH,96.4,1606,-0.87,0.69,0.5979181698122158,0.870366227985951,0,1,0,11,Top,,,,2,2,R,R,SEA,DET,76,2
2025-10-04,672841,679529,SI,99.0,2195,-1.38,0.32,-0.189567382581665,1.400665876741349,0,0,0,11,Top,,,,2,2,R,R,SEA,DET,76,1
2025-10-04,676684,641487,FF,96.7,2286,-0.27,1.56,0.7510112489791959,3.6647993303043567,2,2,2,10,Bot,,,,2,2,L,R,SEA,DET,75,5
2025-10-04,676684,641487,FF,96.1,2320,-0.34,1.59,-0.0450747425097492,2.636684495928521,2,1,2,10,Bot,,,,2,2,L,R,SEA,DET,75,4
2025-10-04,676684,641487,FF,96.4,2205,-0.41,1.48,-0.0775560335814709,4.162819183878653,1,1,2,10,Bot,,,,2,2,L,R,SEA,DET,75,3
2025-10-04,676684,641487,FF,95.8,2166,-0.47,1.38,-0.1492408745037763,2.7954230213563305,1,0,2,10,Bot,,,,2,2,L,R,SEA,DET,75,2
2025-10-04,676684,641487,FF,95.7,2090,-0.59,1.39,-0.8914916946480002,2.8907684239997975,0,0,2,10,Bot,,,,2,2,L,R,SEA,DET,75,1
2025-10-04,676684,670042,CH,89.7,1642,-1.36,0.58,-0.9798217892528944,3.0948749583950734,1,2,1,10,Bot,,,,2,2,L,R,SEA,DET,74,5
2025-10-04,676684,670042,SL,88.4,2799,0.39,-0.01,1.6651388536263243,0.8226463087960081,0,2,1,10,Bot,,,,2,2,L,R,SEA,DET,74,4
2025-10-04,676684,670042,FF,96.1,2166,-0.44,1.49,-0.68025205071236,3.5520799741642692,0,2,1,10,Bot,,,,2,2,L,R,SEA,DET,74,3
2025-10-04,676684,670042,SL,88.0,2692,0.36,-0.14,0.711944135245802,3.3582736010407066,0,1,1,10,Bot,,,,2,2,L,R,SEA,DET,74,2
2025-10-04,676684,670042,FF,96.1,2202,-0.41,1.54,-0.470570005622684,1.8961720681921803,0,0,1,10,Bot,,,,2,2,L,R,SEA,DET,74,1
2025-10-04,676684,686527,CH,89.8,1635,-1.32,0.32,-1.0059641738411,1.791186354085335,0,1,0,10,Bot,,,,2,2,L,R,SEA,DET,73,2
2025-10-04,676684,686527,SL,88.9,2696,0.41,-0.37,0.6059079729860549,2.08019776171438,0,0,0,10,Bot,,,,2,2,L,R,SEA,DET,73,1
2025-10-04,662253,682985,SL,84.8,2378,0.61,-0.39,-0.4751808722972533,2.3064746192622083,3,2,2,10,Top,,,,2,2,L,R,SEA,DET,72,6
2025-10-04,662253,682985,SL,83.1,2264,0.73,-0.23,-1.4922214184504152,2.197531506123583,3,1,2,10,Top,,,,2,2,L,R,SEA,DET,72,5
2025-10-04,662253,682985,SL,84.5,2199,0.54,-0.06,-1.3656488727061376,3.195523230109597,2,1,2,10,Top,,,,2,2,L,R,SEA,DET,72,4
2025-10-04,662253,682985,SL,85.6,2418,0.52,-0.1,0.7983140549889082,0.1416258107179651,1,1,2,10,Top,,,,2,2,L,R,SEA,DET,72,3
2025-10-04,662253,682985,FF,96.0,2239,-0.68,1.23,-0.0322047052974281,3.8545663255023,0,1,2,10,Top,,,,2,2,L,R,SEA,DET,72,2
2025-10-04,662253,682985,SL,85.6,2371,0.61,-0.05,-0.7137437505133235,1.5035718467970636,0,0,2,10,Top,,,,2,2,L,R,SEA,DET,72,1
2025-10-04,662253,681481,SL,85.8,2493,0.72,-0.06,0.223705110164734,1.7563011433426978,3,2,1,10,Top,,,,2,2,L,R,SEA,DET,71,6
2025-10-04,662253,681481,SL,85.2,2432,0.87,-0.26,1.224101597542657,0.402979533255138,2,2,1,10,Top,,,,2,2,L,R,SEA,DET,71,5
2025-10-04,662253,681481,SL,85.4,2325,0.74,-0.11,0.5974953368931798,1.6228008521349868,2,1,1,10,Top,,,,2,2,L,R,SEA,DET,71,4
2025-10-04,662253,681481,SI,95.8,2123,-1.3,0.73,-1.561951332072235,3.0881630311288975,1,1,1,10,Top,,,,2,2,L,R,SEA,DET,71,3
2025-10-04,662253,681481,SL,84.2,2332,0.74,-0.18,-0.4092336467839497,1.318141818985798,1,0,1,10,Top,,,,2,2,L,R,SEA,DET,71,2
2025-10-04,662253,681481,SL,85.2,2370,0.69,-0.35,-0.398143049198684,1.226880191550462,0,0,1,10,Top,,,,2,2,L,R,SEA,DET,71,1
2025-10-04,662253,650402,SL,84.5,2377,0.49,-0.13,-0.5488094155169405,1.454080971720086,1,1,0,10,Top,,,,2,2,R,R,SEA,DET,70,3
2025-10-04,662253,650402,SL,84.8,2477,0.43,0.04,-0.4338531176978191,1.9546841275119795,1,0,0,10,Top,,,,2,2,R,R,SEA,DET,70,2
2025-10-04,662253,650402,SL,86.2,2341,0.31,0.1,1.4088288014877406,0.9636302977987654,0,0,0,10,Top,,,,2,2,R,R,SEA,DET,70,1
2025-10-04,676684,553993,SI,96.7,2261,-1.15,1.3,0.2529442960662258,2.458746826663102,1,2,2,9,Bot,,,,2,2,R,R,SEA,DET,69,4
2025-10-04,676684,553993,FF,97.0,2493,-0.65,1.58,0.6885842700176897,2.685005982328121,1,1,2,9,Bot,,,,2,2,R,R,SEA,DET,69,3
2025-10-04,676684,553993,SI,96.2,2262,-1.14,1.51,-0.3158848001766245,2.2253737011308106,1,0,2,9,Bot,,,,2,2,R,R,SEA,DET,69,2
2025-10-04,676684,553993,SI,96.6,2264,-1.57,1.17,-0.950186718709344,1.2943558702303966,0,0,2,9,Bot,,,,2,2,R,R,SEA,DET,69,1
2025-10-04,676684,593871,SL,88.2,2629,0.39,-0.16,0.3218893778793038,2.6507072535244016,0,1,1,9,Bot,,,,2,2,L,R,SEA,DET,68,2
2025-10-04,676684,593871,FF,96.7,2343,-0.72,1.55,-0.7748445644258953,2.542967293031494,0,0,1,9,Bot,,,,2,2,L,R,SEA,DET,68,1
2025-10-04,676684,647304,SL,87.8,2665,0.58,0.21,0.0849951638468036,3.014615673225817,0,0,0,9,Bot,,,,2,2,L,R,SEA,DET,67,1
2025-10-04,662253,678009,SL,84.8,2335,0.74,-0.08,-0.776698410157951,2.420461391590845,2,2,2,9,Top,,,,2,2,L,R,SEA,DET,66,5
2025-10-04,662253,678009,SL,84.4,2293,0.75,-0.13,0.8829247072469033,-0.4134913327021308,1,2,2,9,Top,,,,2,2,L,R,SEA,DET,66,4
2025-10-04,662253,678009,SL,84.2,2255,0.79,0.19,-0.6974587942145523,2.5894116252238537,1,1,2,9,Top,,,,2,2,L,R,SEA,DET,66,3
2025-10-04,662253,678009,SL,84.9,2296,0.53,-0.2,0.4318159896107448,1.6005766418211151,1,0,2,9,Top,,,,2,2,L,R,SEA,DET,66,2
2025-10-04,662253,678009,SI,96.2,2236,-1.37,0.91,-0.8848986225770337,3.6119347732586298,0,0,2,9,Top,,,,2,2,L,R,SEA,DET,66,1
2025-10-04,662253,595879,SL,83.8,2328,0.51,0.07,0.7077971796054288,2.4073689205989335,1,2,1,9,Top,,,,2,2,R,R,SEA,DET,65,4
2025-10-04,662253,595879,SL,83.0,2357,0.81,-0.04,-0.0950357164236653,2.447509516455832,1,1,1,9,Top,,,,2,2,R,R,SEA,DET,65,3
2025-10-04,662253,595879,SL,82.7,2362,0.69,0.08,1.52218726989115,1.4993789411033336,1,0,1,9,Top,,,,2,2,R,R,SEA,DET,65,2
2025-10-04,662253,595879,SL,85.5,2530,0.66,0.04,1.5950328680767285,1.8114476075347776,0,0,1,9,Top,,,,2,2,R,R,SEA,DET,65,1
2025-10-04,662253,656716,FF,97.2,2120,-0.99,0.94,-0.8250159293730976,2.9609951866787148,0,0,0,9,Top,,,,2,2,L,R,SEA,DET,64,1
2025-10-04,640448,677594,FS,87.6,1003,-0.84,0.05,1.362623973427206,0.5564092622152419,2,2,2,8,Bot,663728,,,2,2,R,R,SEA,DET,63,6
2025-10-04,640448,677594,FF,97.4,2394,-0.89,1.43,1.5447380537206412,1.9554876518706104,1,2,2,8,Bot,663728,,,2,2,R,R,SEA,DET,63,5
2025-10-04,640448,677594,FS,88.2,852,-0.9,0.08,-0.2186260007983697,1.5299632854628835,1,2,2,8,Bot,663728,,,2,2,R,R,SEA,DET,63,4
2025-10-04,640448,677594,FS,87.3,962,-0.61,0.5,-0.8871322019292439,2.2514191267693304,0,2,2,8,Bot,663728,,,2,2,R,R,SEA,DET,63,3
2025-10-04,640448,677594,FS,87.5,935,-0.9,-0.1,-0.6975279667447173,1.3807423039369129,0,1,2,8,Bot,663728,,,2,2,R,R,SEA,DET,63,2
2025-10-04,640448,677594,FS,87.4,936,-0.79,0.01,-0.324328221459217,1.7390690498067762,0,0,2,8,Bot,663728,,,2,2,R,R,SEA,DET,63,1
2025-10-04,640448,663728,FS,88.0,966,-1.09,0.66,-1.4441013452958729,2.489988937262022,0,1,2,8,Bot,,,,2,2,L,R,SEA,DET,62,2
2025-10-04,640448,663728,FS,89.4,963,-1.06,0.33,-0.7606013567749988,1.533856347659026,0,0,2,8,Bot,,,,2,2,L,R,SEA,DET,62,1
2025-10-04,640448,668227,FF,96.9,2397,-0.87,1.54,0.449758332859884,1.8391374905316824,1,2,1,8,Bot,,,,2,2,R,R,SEA,DET,61,5
2025-10-04,640448,668227,FS,87.4,870,-0.54,0.31,0.0658679810415692,1.3925212632981308,1,2,1,8,Bot,,,,2,2,R,R,SEA,DET,61,4
2025-10-04,640448,668227,FF,96.6,2293,-1.05,1.57,0.1001227483653646,2.367883636063993,1,1,1,8,Bot,,,,2,2,R,R,SEA,DET,61,3
2025-10-04,640448,668227,FS,85.7,858,-0.95,0.18,-0.2780502168918091,1.6437050698634603,1,0,1,8,Bot,,,,2,2,R,R,SEA,DET,61,2
2025-10-04,640448,668227,FS,88.9,1047,-0.84,0.98,0.6507504343963095,0.9474909988475384,0,0,1,8,Bot,,,,2,2,R,R,SEA,DET,61,1
2025-10-04,640448,641487,FS,88.9,1091,-0.84,0.76,-0.2637468176137117,1.5198446205401095,0,1,0,8,Bot,,,,2,2,L,R,SEA,DET,60,2
2025-10-04,640448,641487,FF,97.3,2406,-0.64,1.56,0.5003910041937121,1.92840499010474,0,0,0,8,Bot,,,,2,2,L,R,SEA,DET,60,1
2025-10-04,666374,693307,SL,86.9,2804,0.83,-0.17,1.3234724437999388,1.4861528218824405,1,2,2,8,Top,679529,,,2,2,R,R,SEA,DET,59,4
2025-10-04,666374,693307,SI,97.9,2369,-1.48,0.85,0.8755114517295102,2.9933872249132083,1,1,2,8,Top,679529,,,2,2,R,R,SEA,DET,59,3
2025-10-04,666374,693307,SL,85.8,2986,1.36,0.19,0.5552424977782924,2.549442138402612,1,0,2,8,Top,679529,,,2,2,R,R,SEA,DET,59,2
2025-10-04,666374,693307,SL,87.2,2937,1.11,0.21,1.7083111088858336,0.990000370309422,0,0,2,8,Top,679529,,,2,2,R,R,SEA,DET,59,1
2025-10-04,666374,672761,SI,97.3,2377,-1.47,0.74,-0.8267526144121917,3.1589707005894683,2,2,1,8,Top,679529,,,2,2,L,R,SEA,DET,58,7
2025-10-04,666374,672761,SI,98.6,2427,-1.43,1.0,-0.0810433009473932,3.5449989733442653,1,2,1,8,Top,679529,,,2,2,L,R,SEA,DET,58,6
2025-10-04,666374,672761,SL,86.4,2952,0.99,-0.13,-0.1490114990255464,1.8481651254044784,1,2,1,8,Top,679529,,,2,2,L,R,SEA,DET,58,5
2025-10-04,666374,672761,CH,90.4,1763,-1.18,-0.39,-0.8327810408019787,2.2932140434359245,1,2,1,8,Top,679529,,,2,2,L,R,SEA,DET,58,4
2025-10-04,666374,672761,SL,86.8,2972,1.0,-0.04,0.1309003400753403,1.2030078787824905,1,1,1,8,Top,679529,,,2,2,L,R,SEA,DET,58,3
2025-10-04,666374,672761,CH,90.7,1852,-1.44,-0.26,-0.8998201031721675,1.6562610547247587,1,0,1,8,Top,679529,,,2,2,L,R,SEA,DET,58,2
2025-10-04,666374,672761,SL,87.2,3022,1.19,-0.16,0.1238316877354512,1.2327236748498502,0,0,1,8,Top,679529,,,2,2,L,R,SEA,DET,58,1
2025-10-04,666374,679529,SI,97.1,2328,-1.43,0.83,1.1691309326132846,1.256963309470419,3,2,1,8,Top,,,,2,2,R,R,SEA,DET,57,6
2025-10-04,666374,679529,SL,87.2,3089,1.25,-0.22,1.7020202942800302,1.0779683105385542,2,2,1,8,Top,,,,2,2,R,R,SEA,DET,57,5
2025-10-04,666374,679529,SI,96.9,2303,-1.55,0.63,1.5505883988858875,1.0177970101186935,1,2,1,8,Top,,,,2,2,R,R,SEA,DET,57,4
2025-10-04,666374,679529,SL,86.6,3063,1.41,0.02,1.7152156832676575,1.2584389296008278,0,2,1,8,Top,,,,2,2,R,R,SEA,DET,57,3
2025-10-04,666374,679529,SL,87.1,2940,1.04,-0.29,0.2692734136949597,1.9650861515859472,0,1,1,8,Top,,,,2,2,R,R,SEA,DET,57,2
2025-10-04,666374,679529,SI,97.3,2301,-1.39,0.85,0.5293000816374669,2.726470172140596,0,0,1,8,Top,,,,2,2,R,R,SEA,DET,57,1
2025-10-04,642100,682985,FF,94.4,2268,0.62,1.26,-0.5872365078947761,3.355167319297641,0,0,0,8,Top,,,,2,2,L,L,SEA,DET,56,1
2025-10-04,592454,670042,FF,92.4,2203,-0.34,1.52,-0.1174892865058206,2.9788878337195395,0,2,2,7,Bot,,,,2,2,L,R,SEA,DET,55,3
2025-10-04,592454,670042,CH,87.4,1295,-0.98,0.15,-0.2616944443484099,3.0561758487418103,0,1,2,7,Bot,,,,2,2,L,R,SEA,DET,55,2
2025-10-04,592454,670042,CH,86.7,1309,-0.98,0.31,0.3725242226838988,1.3057947027707146,0,0,2,7,Bot,,,,2,2,L,R,SEA,DET,55,1
2025-10-04,592454,686527,CH,87.4,1498,-1.16,0.46,0.1484634575018941,1.812824306384004,0,0,1,7,Bot,,,,2,2,L,R,SEA,DET,54,1
2025-10-04,592454,553993,CH,87.3,1374,-1.13,-0.25,-0.0892683101303557,2.6814156511062097,3,2,0,7,Bot,,,,2,2,R,R,SEA,DET,53,6
2025-10-04,592454,553993,CH,87.2,1376,-1.08,0.15,1.3709190254069044,1.372930530406154,2,2,0,7,Bot,,,,2,2,R,R,SEA,DET,53,5
2025-10-04,592454,553993,CH,87.8,1294,-1.13,0.27,1.7334418067156163,2.4630943368583074,1,2,0,7,Bot,,,,2,2,R,R,SEA,DET,53,4
2025-10-04,592454,553993,CH,87.2,1361,-1.14,0.03,0.3760677745965715,0.6040329338278427,0,2,0,7,Bot,,,,2,2,R,R,SEA,DET,53,3
2025-10-04,592454,553993,CH,88.3,1395,-1.18,0.06,0.3503226349193382,2.6264639815863755,0,1,0,7,Bot,,,,2,2,R,R,SEA,DET,53,2
2025-10-04,592454,553993,CH,87.9,1312,-0.99,-0.04,0.0095172862378538,1.7757840251280994,0,0,0,7,Bot,,,,2,2,R,R,SEA,DET,53,1
2025-10-04,642100,681481,SL,84.7,2272,-0.34,0.11,0.1218355964792211,1.753350586118053,2,1,2,7,Top,,,,2,2,L,L,SEA,DET,52,4
2025-10-04,642100,681481,SI,95.6,2104,1.21,0.85,-0.8272109957046336,3.074907947435041,1,1,2,7,Top,,,,2,2,L,L,SEA,DET,52,3
2025-10-04,642100,681481,SI,96.1,2162,1.43,0.66,-0.8329914720876845,2.889043686018343,0,1,2,7,Top,,,,2,2,L,L,SEA,DET,52,2
2025-10-04,642100,681481,SI,95.7,2130,1.41,0.69,0.7251637711408869,1.7809445623287228,0,0,2,7,Top,,,,2,2,L,L,SEA,DET,52,1
2025-10-04,642100,650402,SL,85.6,2268,-0.23,0.09,-0.725460659556997,1.6239081782681049,1,2,1,7,Top,,,,2,2,R,L,SEA,DET,51,5
2025-10-04,642100,650402,FF,97.3,2439,1.18,1.23,0.7401316377849005,2.855556184627587,1,2,1,7,Top,,,,2,2,R,L,SEA,DET,51,4
2025-10-04,642100,650402,FF,96.5,2415,1.06,1.34,-0.0960385017019811,1.8648682237844407,1,1,1,7,Top,,,,2,2,R,L,SEA,DET,51,3
2025-10-04,642100,650402,SL,84.7,2316,-0.5,0.0,-0.468707757450231,2.5921679430764053,1,0,1,7,Top,,,,2,2,R,L,SEA,DET,51,2
2025-10-04,642100,650402,FF,97.8,2403,1.16,1.22,-0.3850951080236362,1.1141045806669183,0,0,1,7,Top,,,,2,2,R,L,SEA,DET,51,1
2025-10-04,642100,678009,SL,86.2,2385,-0.51,-0.1,-0.6897814556761122,1.912858761962171,0,2,0,7,Top,,,,2,2,L,L,SEA,DET,50,3
2025-10-04,642100,678009,FF,96.2,2160,0.84,1.17,-0.6151777731818023,3.0625539508576813,0,1,0,7,Top,,,,2,2,L,L,SEA,DET,50,2
2025-10-04,642100,678009,SI,95.5,2197,1.36,0.79,-0.0549689047886159,2.432742476320415,0,0,0,7,Top,,,,2,2,L,L,SEA,DET,50,1
2025-10-04,663947,593871,FC,88.8,2507,-0.58,0.44,0.2851518585505486,1.52716035395306,2,2,2,6,Bot,,,663728,2,2,R,L,SEA,DET,49,6
2025-10-04,663947,593871,CH,84.5,1564,1.28,0.07,1.3068155260951524,0.9790245953855266,1,2,2,6,Bot,,,663728,2,2,R,L,SEA,DET,49,5
2025-10-04,663947,593871,FC,88.5,2543,-0.45,0.32,-0.94823036629349,2.262789003828984,1,2,2,6,Bot,,,663728,2,2,R,L,SEA,DET,49,4
2025-10-04,663947,593871,FC,89.3,2548,-0.32,0.9,-0.737649012586665,1.7200925008138164,1,1,2,6,Bot,,,663728,2,2,R,L,SEA,DET,49,3
2025-10-04,663947,593871,CH,84.9,1621,1.23,0.22,1.1305513928455622,1.2194988034980367,0,1,2,6,Bot,,,663728,2,2,R,L,SEA,DET,49,2
2025-10-04,663947,593871,FC,87.5,2592,-0.58,0.58,0.8322925627514047,2.443015367137903,0,0,2,6,Bot,,,663728,2,2,R,L,SEA,DET,49,1
2025-10-04,663947,647304,SI,92.2,2241,1.37,0.9,-0.7280307994358055,2.3568479136192293,1,1,0,6,Bot,677594,663728,,2,2,L,L,SEA,DET,48,3
2025-10-04,663947,647304,SI,92.1,2231,1.41,0.83,-0.1317242848679782,1.8100260409981888,1,0,0,6,Bot,677594,663728,,2,2,L,L,SEA,DET,48,2
2025-10-04,663947,647304,ST,82.2,3044,-1.53,0.02,-2.2603792967499334,0.523882469523818,0,0,0,6,Bot,677594,663728,,2,2,L,L,SEA,DET,48,1
2025-10-04,606160,677594,SI,95.7,2220,-1.44,0.38,-0.4067589934447624,2.5744494685840027,0,0,0,6,Bot,663728,,668227,1,2,R,R,SEA,DET,47,1
2025-10-04,606160,663728,FS,87.3,1555,-0.86,0.05,-0.9330690279942822,2.5426533011873316,2,0,0,6,Bot,668227,,,1,2,L,R,SEA,DET,46,3
2025-10-04,606160,663728,FS,87.1,1675,-1.07,0.24,-0.9721058012044504,2.7391994948453515,1,0,0,6,Bot,668227,,,1,2,L,R,SEA,DET,46,2
2025-10-04,606160,663728,FS,87.9,1491,-0.77,0.01,-1.3356458684483306,2.356837610954945,0,0,0,6,Bot,668227,,,1,2,L,R,SEA,DET,46,1
2025-10-04,606160,668227,FS,86.4,1413,-0.55,0.32,1.2249995976709305,1.6390128677722182,3,2,0,6,Bot,,,,1,2,R,R,SEA,DET,45,6
2025-10-04,606160,668227,FS,86.2,1520,-0.87,0.17,1.8667996141574423,2.3872263780527994,2,2,0,6,Bot,,,,1,2,R,R,SEA,DET,45,5
2025-10-04,606160,668227,FF,96.3,2368,-0.91,1.28,1.0214842875875425,3.0319251501322046,1,2,0,6,Bot,,,,1,2,R,R,SEA,DET,45,4
2025-10-04,606160,668227,FF,95.8,2351,-0.96,1.13,1.403826001751217,2.7698474930788084,0,2,0,6,Bot,,,,1,2,R,R,SEA,DET,45,3
2025-10-04,606160,668227,FS,86.0,1578,-0.98,0.16,0.1526299043581442,1.8412411315038844,0,1,0,6,Bot,,,,1,2,R,R,SEA,DET,45,2
2025-10-04,606160,668227,FS,87.2,1549,-0.85,-0.23,-0.0777263106169486,1.9949350961423984,0,0,0,6,Bot,,,,1,2,R,R,SEA,DET,45,1
2025-10-04,660825,595879,ST,82.8,2532,1.14,-0.19,-0.098350659878392,3.1886879338998164,1,1,2,6,Top,693307,,,2,1,R,R,SEA,DET,44,3
2025-10-04,660825,595879,ST,84.2,2524,1.22,-0.24,2.2561236274524803,1.8257268866930791,0,1,2,6,Top,693307,,,2,1,R,R,SEA,DET,44,2
2025-10-04,660825,595879,ST,82.1,2443,1.46,-0.27,0.6632302453246064,2.0242896488444724,0,0,2,6,Top,693307,,,2,1,R,R,SEA,DET,44,1
2025-10-04,657571,656716,FF,94.0,2258,0.35,1.37,-0.5555430358927901,2.338084092482258,1,2,1,6,Top,693307,,,2,1,L,L,SEA,DET,43,5
2025-10-04,657571,656716,FC,88.4,2687,-0.4,0.24,-0.8154596384672843,0.5641148572543448,0,2,1,6,Top,693307,,,2,1,L,L,SEA,DET,43,4
2025-10-04,657571,656716,SI,92.9,2238,1.21,0.72,0.2133279006774404,2.856900595194846,0,2,1,6,Top,693307,,,2,1,L,L,SEA,DET,43,3
2025-10-04,657571,656716,SI,93.6,2316,1.12,1.04,0.8654330101365197,2.580861782076566,0,1,1,6,Top,693307,,,2,1,L,L,SEA,DET,43,2
2025-10-04,657571,656716,SI,93.4,2214,1.01,1.03,-0.5135560943859365,2.005031042023532,0,0,1,6,Top,693307,,,2,1,L,L,SEA,DET,43,1
2025-10-04,657571,693307,FF,93.3,2418,0.3,1.51,-0.0470212972107105,2.5620804123119383,3,1,0,6,Top,663330,,,2,1,R,L,SEA,DET,42,5
2025-10-04,657571,693307,FF,93.6,2430,0.19,1.35,-0.4255995632885157,3.9237554164407,2,1,0,6,Top,663330,,,2,1,R,L,SEA,DET,42,4
2025-10-04,657571,693307,FF,94.6,2382,0.26,1.27,0.0287279151905736,1.997946720249708,2,0,0,6,Top,663330,,,2,1,R,L,SEA,DET,42,3
2025-10-04,657571,693307,SV,81.4,2961,-0.79,-0.85,-0.6611734633433192,1.2772884757887812,1,0,0,6,Top,663330,,,2,1,R,L,SEA,DET,42,2
2025-10-04,657571,693307,FF,94.9,2374,0.41,1.28,-0.3907963948814471,1.3748955761199628,0,0,0,6,Top,663330,,,2,1,R,L,SEA,DET,42,1
2025-10-04,657571,663330,SV,80.7,2995,-0.72,-1.17,-1.332002255340626,0.6517681072457382,3,2,0,6,Top,,,,2,1,R,L,SEA,DET,41,7
2025-10-04,657571,663330,FC,89.9,2493,-0.24,0.5,-0.996111110847351,0.4434263358324366,2,2,0,6,Top,,,,2,1,R,L,SEA,DET,41,6
2025-10-04,657571,663330,FF,94.2,2042,0.15,1.26,0.7645199916901257,2.7368115247498097,2,2,0,6,Top,,,,2,1,R,L,SEA,DET,41,5
2025-10-04,657571,663330,FF,93.7,2114,0.23,1.37,0.276565579492861,3.4698247914167464,2,1,0,6,Top,,,,2,1,R,L,SEA,DET,41,4
2025-10-04,657571,663330,FC,90.0,2510,-0.34,0.74,0.236814742191133,1.910571050223171,2,0,0,6,Top,,,,2,1,R,L,SEA,DET,41,3
2025-10-04,657571,663330,FC,89.7,2478,-0.15,0.54,-1.058647989510911,2.6250396289133633,1,0,0,6,Top,,,,2,1,R,L,SEA,DET,41,2
2025-10-04,657571,663330,FC,90.7,2441,-0.03,0.88,-1.1614286168465413,1.9655648727574344,0,0,0,6,Top,,,,2,1,R,L,SEA,DET,41,1
2025-10-04,676428,641487,ST,81.7,2729,-0.85,-0.15,-0.4526613848680528,1.9122045528823537,0,1,2,5,Bot,,,,1,2,L,L,SEA,DET,40,2
2025-10-04,676428,641487,SI,92.7,2087,1.4,0.12,0.0334084617294951,2.6122171806375976,0,0,2,5,Bot,,,,1,2,L,L,SEA,DET,40,1
2025-10-04,676428,645302,ST,82.0,2731,-1.18,0.0,-0.2836998971411161,2.6228246184444144,0,1,1,5,Bot,,,,1,2,R,L,SEA,DET,39,2
2025-10-04,676428,645302,ST,81.5,2623,-0.88,0.02,0.7621154356423043,2.1953090715341785,0,0,1,5,Bot,,,,1,2,R,L,SEA,DET,39,1
2025-10-04,676428,686527,ST,81.8,2674,-0.99,-0.2,0.0124854837650937,1.4800028829547045,0,2,0,5,Bot,,,,1,2,L,L,SEA,DET,38,3
2025-10-04,676428,686527,SI,91.1,2141,1.46,0.04,0.5524668776957846,2.126386039287129,0,1,0,5,Bot,,,,1,2,L,L,SEA,DET,38,2
2025-10-04,676428,686527,SI,91.4,2114,1.36,0.04,-0.0220828078915167,2.4976412911650416,0,0,0,5,Bot,,,,1,2,L,L,SEA,DET,38,1
2025-10-04,669923,679529,ST,87.8,2444,0.76,0.21,0.8161848970643788,2.338321109438373,2,2,2,5,Top,682985,,,2,1,R,R,SEA,DET,37,5
2025-10-04,669923,679529,ST,87.2,2483,0.69,-0.1,1.481202568860847,0.9864627287377964,1,2,2,5,Top,682985,,,2,1,R,R,SEA,DET,37,4
2025-10-04,669923,679529,ST,87.5,2361,0.76,0.12,1.0680377755336714,1.2716090823185495,1,1,2,5,Top,682985,,,2,1,R,R,SEA,DET,37,3
2025-10-04,669923,679529,ST,87.4,2329,0.66,0.21,0.9865398451807555,1.0378730894662715,0,1,2,5,Top,682985,,,2,1,R,R,SEA,DET,37,2
2025-10-04,669923,679529,SI,96.3,2456,-1.6,0.81,0.3352079536362973,2.815905923228578,0,0,2,5,Top,682985,,,2,1,R,R,SEA,DET,37,1
2025-10-04,669923,682985,FF,95.6,2309,-0.89,1.05,0.1174287853328873,3.2333989578547606,1,0,2,5,Top,,,,2,1,L,R,SEA,DET,36,2
2025-10-04,669923,682985,SI,96.1,2409,-1.55,0.75,-0.1970287500955143,4.36019266274201,0,0,2,5,Top,,,,2,1,L,R,SEA,DET,36,1
2025-10-04,669923,681481,SI,97.1,2397,-1.22,0.52,-0.0334495964804588,3.877545442839471,1,2,2,5,Top,,678009,,0,1,L,R,SEA,DET,35,4
2025-10-04,669923,681481,SI,97.4,2387,-1.15,0.69,0.988917555152931,2.619836855477063,0,2,2,5,Top,,678009,,0,1,L,R,SEA,DET,35,3
2025-10-04,669923,681481,SI,97.0,2368,-1.55,0.89,0.9543964073904838,3.4735063043293044,0,1,2,5,Top,,678009,,0,1,L,R,SEA,DET,35,2
2025-10-04,669923,681481,ST,87.1,2055,0.85,0.19,0.2969667946477482,2.436916134773081,0,0,2,5,Top,,678009,,0,1,L,R,SEA,DET,35,1
2025-10-04,669923,650402,SI,97.8,2348,-1.44,0.62,-1.292684937546776,3.162609175107008,1,2,1,5,Top,678009,,,0,1,R,R,SEA,DET,34,7
2025-10-04,669923,650402,FF,96.0,2128,-0.46,1.05,0.7365523031679273,3.618417892751162,1,2,1,5,Top,678009,,,0,1,R,R,SEA,DET,34,6
2025-10-04,669923,650402,ST,86.7,2511,0.93,-0.31,0.2065080423775642,1.80091538355188,1,2,1,5,Top,678009,,,0,1,R,R,SEA,DET,34,5
2025-10-04,669923,650402,FF,96.4,2165,-1.14,1.08,-0.3406062944789281,3.1101617624130755,1,2,1,5,Top,678009,,,0,1,R,R,SEA,DET,34,4
2025-10-04,669923,650402,FF,96.2,2311,-0.82,1.34,-0.3139150815204931,4.207021317592596,0,2,1,5,Top,678009,,,0,1,R,R,SEA,DET,34,3
2025-10-04,669923,650402,FF,95.9,2093,-0.81,1.02,0.0152354888720546,3.740435030163944,0,1,1,5,Top,678009,,,0,1,R,R,SEA,DET,34,2
2025-10-04,669923,650402,ST,86.8,2225,0.82,-0.23,-0.8977733445816086,3.1148742052823204,0,0,1,5,Top,678009,,,0,1,R,R,SEA,DET,34,1
2025-10-04,669923,678009,ST,85.0,2381,1.0,-0.17,0.6999926932926477,3.4388125221200947,3,2,1,5,Top,,,,0,1,L,R,SEA,DET,33,8
2025-10-04,669923,678009,SI,94.6,2269,-1.3,0.97,-0.3181851678503913,4.026751673437586,3,2,1,5,Top,,,,0,1,L,R,SEA,DET,33,7
2025-10-04,669923,678009,FF,94.7,2188,-0.94,1.25,-0.2187500500215035,3.7575368292720697,3,2,1,5,Top,,,,0,1,L,R,SEA,DET,33,6
2025-10-04,669923,678009,SI,96.0,2397,-1.34,0.74,-0.6809249473078858,5.349406384175641,2,2,1,5,Top,,,,0,1,L,R,SEA,DET,33,5
2025-10-04,669923,678009,ST,86.7,2627,0.99,-0.41,0.2612026903525004,2.483956690205467,2,1,1,5,Top,,,,0,1,L,R,SEA,DET,33,4
2025-10-04,669923,678009,SI,95.2,2417,-1.41,0.91,0.947035895466039,2.1812614945200623,2,0,1,5,Top,,,,0,1,L,R,SEA,DET,33,3
2025-10-04,669923,678009,SI,95.5,2336,-1.36,0.79,-0.2118178103413477,4.126664209120516,1,0,1,5,Top,,,,0,1,L,R,SEA,DET,33,2
2025-10-04,669923,678009,SI,95.7,2340,-1.33,0.92,1.7164779397722705,3.5016818255286015,0,0,1,5,Top,,,,0,1,L,R,SEA,DET,33,1
2025-10-04,669923,595879,ST,86.9,2514,0.85,-0.24,1.2114269449417696,2.1847954863315544,1,0,0,5,Top,,,,0,1,R,R,SEA,DET,32,2
2025-10-04,669923,595879,ST,88.0,2458,0.67,-0.35,1.392770969365081,1.284892113814656,0,0,0,5,Top,,,,0,1,R,R,SEA,DET,32,1
2025-10-04,675512,553993,SI,97.9,2244,-1.32,0.75,-0.7392892446836479,2.0819640427536057,3,2,2,4,Bot,,,,1,0,R,R,SEA,DET,31,6
2025-10-04,675512,553993,FF,97.2,2244,-0.51,1.36,-0.1243738351460395,2.981101964161017,3,1,2,4,Bot,,,,1,0,R,R,SEA,DET,31,5
2025-10-04,675512,553993,SL,89.1,2463,0.55,-0.09,1.6210656969139583,1.0823375148948309,2,1,2,4,Bot,,,,1,0,R,R,SEA,DET,31,4
2025-10-04,675512,553993,SI,97.5,2147,-1.44,0.82,0.0297946523722745,0.5410975569266081,1,1,2,4,Bot,,,,1,0,R,R,SEA,DET,31,3
2025-10-04,675512,553993,FF,97.9,2183,-0.53,1.42,0.610482033674837,2.308957683883908,1,0,2,4,Bot,,,,1,0,R,R,SEA,DET,31,2
2025-10-04,675512,553993,SI,97.7,2189,-1.43,0.81,0.503151626650594,0.4054911204526845,0,0,2,4,Bot,,,,1,0,R,R,SEA,DET,31,1
2025-10-04,675512,593871,FS,88.5,1544,-0.33,0.03,-0.5718199854267851,1.542815150750441,3,2,1,4,Bot,,,,1,0,L,R,SEA,DET,30,6
2025-10-04,675512,593871,FS,88.6,1276,-0.59,0.03,0.0633403807444112,1.6945560534813962,3,1,1,4,Bot,,,,1,0,L,R,SEA,DET,30,5
2025-10-04,675512,593871,FF,96.7,2107,-0.58,1.04,-0.0749583356435493,1.4389556351485593,3,0,1,4,Bot,,,,1,0,L,R,SEA,DET,30,4
2025-10-04,675512,593871,FF,96.4,2194,-0.19,1.39,-1.3020822576580455,3.2252418014720687,2,0,1,4,Bot,,,,1,0,L,R,SEA,DET,30,3
2025-10-04,675512,593871,FS,88.3,1812,-0.83,-0.06,-1.3982723357933309,3.4234135150199276,1,0,1,4,Bot,,,,1,0,L,R,SEA,DET,30,2
2025-10-04,675512,593871,FF,98.3,2184,-0.71,1.28,-0.3118726319902563,0.4181494812939939,0,0,1,4,Bot,,,,1,0,L,R,SEA,DET,30,1
2025-10-04,675512,647304,FF,97.2,2205,-0.55,1.42,0.190315400384072,2.568869113228889,1,0,0,4,Bot,,,,1,0,L,R,SEA,DET,29,2
2025-10-04,675512,647304,FF,97.7,2189,-0.87,1.23,0.9247781253849192,2.51315448791237,0,0,0,4,Bot,,,,1,0,L,R,SEA,DET,29,1
2025-10-04,675512,677594,FF,97.2,2229,-0.57,1.16,-0.2352566801407055,3.2910219102571343,2,2,0,4,Bot,,,,0,0,R,R,SEA,DET,28,5
2025-10-04,675512,677594,FF,97.0,2234,-0.51,1.46,0.8513321501000644,1.8247076765185408,2,1,0,4,Bot,,,,0,0,R,R,SEA,DET,28,4
2025-10-04,675512,677594,SI,95.7,2063,-1.17,0.79,-1.463243794090365,2.030019083386168,1,1,0,4,Bot,,,,0,0,R,R,SEA,DET,28,3
2025-10-04,675512,677594,SI,95.4,2070,-1.09,0.84,-1.1487384671348326,1.636452943676668,0,1,0,4,Bot,,,,0,0,R,R,SEA,DET,28,2
2025-10-04,675512,677594,FF,97.3,2346,-0.52,1.28,0.8067706498489939,1.803449774120215,0,0,0,4,Bot,,,,0,0,R,R,SEA,DET,28,1
2025-10-04,669923,656716,ST,87.4,2319,0.79,-0.08,0.2001587056116699,1.3472934740374125,1,2,2,4,Top,,,,0,0,L,R,SEA,DET,27,4
2025-10-04,669923,656716,SI,96.0,2417,-1.47,0.81,0.1284753071164242,4.084061636368501,1,1,2,4,Top,,,,0,0,L,R,SEA,DET,27,3
2025-10-04,669923,656716,SI,96.5,2377,-1.44,0.56,0.5744640886124774,4.4910686976148355,0,1,2,4,Top,,,,0,0,L,R,SEA,DET,27,2
2025-10-04,669923,656716,ST,86.4,2455,0.59,-0.26,-0.5943535031789833,1.970829324014704,0,0,2,4,Top,,,,0,0,L,R,SEA,DET,27,1
2025-10-04,669923,693307,ST,87.5,2483,0.6,-0.08,0.5167792561549924,2.212832479390926,1,1,1,4,Top,,,,0,0,R,R,SEA,DET,26,3
2025-10-04,669923,693307,KC,85.6,2452,0.77,-1.07,1.234270804383227,0.2339046966741924,0,1,1,4,Top,,,,0,0,R,R,SEA,DET,26,2
2025-10-04,669923,693307,ST,87.9,2416,0.72,0.18,1.1611227531177986,2.457454456953903,0,0,1,4,Top,,,,0,0,R,R,SEA,DET,26,1
2025-10-04,669923,690993,CH,88.4,1641,-1.3,0.55,-1.1274558977217664,2.7429383230435818,2,2,0,4,Top,,,,0,0,L,R,SEA,DET,25,5
2025-10-04,669923,690993,SI,96.6,2328,-1.36,0.66,-0.0692979092471508,4.63153240822122,1,2,0,4,Top,,,,0,0,L,R,SEA,DET,25,4
2025-10-04,669923,690993,ST,88.0,2495,1.15,-0.15,1.7948607703348776,0.928899316226822,1,1,0,4,Top,,,,0,0,L,R,SEA,DET,25,3
2025-10-04,669923,690993,SI,96.3,2375,-1.42,0.68,1.4201812562680585,3.10611507013269,0,1,0,4,Top,,,,0,0,L,R,SEA,DET,25,2
2025-10-04,669923,690993,SI,95.7,2323,-1.49,0.86,0.0232581461625853,3.7038314172231455,0,0,0,4,Top,,,,0,0,L,R,SEA,DET,25,1
2025-10-04,675512,663728,FF,97.5,2217,-0.64,1.13,-0.0727328022707716,2.7354311414969787,0,0,2,3,Bot,,,,0,0,L,R,SEA,DET,24,1
2025-10-04,675512,668227,SI,96.4,2138,-1.04,1.01,-0.1091773407385711,1.9603496505431035,1,2,1,3,Bot,,,,0,0,R,R,SEA,DET,23,4
2025-10-04,675512,668227,FF,98.0,2249,-0.81,1.25,-0.197730871725863,4.124829366666457,0,2,1,3,Bot,,,,0,0,R,R,SEA,DET,23,3
2025-10-04,675512,668227,FF,96.1,2158,-0.45,1.23,0.5224155697390594,2.290119664518733,0,1,1,3,Bot,,,,0,0,R,R,SEA,DET,23,2
2025-10-04,675512,668227,SI,96.1,2166,-1.29,0.93,-0.5132324663707084,1.6329962192674925,0,0,1,3,Bot,,,,0,0,R,R,SEA,DET,23,1
2025-10-04,675512,641487,FS,88.5,1615,-0.65,0.16,0.2280642436150325,1.8655177878685176,1,2,0,3,Bot,,,,0,0,L,R,SEA,DET,22,4
2025-10-04,675512,641487,SL,85.6,2469,0.53,-0.06,1.1101363459584317,0.85733275476165,0,2,0,3,Bot,,,,0,0,L,R,SEA,DET,22,3
2025-10-04,675512,641487,FF,95.9,2225,-0.65,1.25,0.549265598868661,2.864937638455513,0,1,0,3,Bot,,,,0,0,L,R,SEA,DET,22,2
2025-10-04,675512,641487,FF,95.1,2258,-0.61,1.33,-0.8110578661329231,2.6379629784159855,0,0,0,3,Bot,,,,0,0,L,R,SEA,DET,22,1
2025-10-04,669923,679529,FF,98.0,2254,-0.82,0.99,0.267696428920374,3.5791282383345893,1,2,2,3,Top,,650402,,0,0,R,R,SEA,DET,21,4
2025-10-04,669923,679529,FF,97.6,2404,-0.97,1.31,0.3349794128931002,3.070941720809587,1,1,2,3,Top,,650402,,0,0,R,R,SEA,DET,21,3
2025-10-04,669923,679529,ST,88.3,2318,0.82,-0.04,0.7595678620504135,1.3940276387596595,1,0,2,3,Top,,650402,,0,0,R,R,SEA,DET,21,2
2025-10-04,669923,679529,ST,88.9,2352,0.69,-0.06,-0.5176902228024162,1.00174538695821,0,0,2,3,Top,,650402,,0,0,R,R,SEA,DET,21,1
2025-10-04,669923,682985,ST,88.3,2515,0.97,-0.02,1.138191577138853,1.409869679960878,2,2,1,3,Top,,650402,,0,0,L,R,SEA,DET,20,6
2025-10-04,669923,682985,SI,97.0,2295,-1.56,0.52,-0.4789592058315166,3.426685759660778,2,2,1,3,Top,,650402,,0,0,L,R,SEA,DET,20,5
2025-10-04,669923,682985,FF,97.0,2292,-0.79,1.06,-0.1773508943609634,3.99316699154136,2,1,1,3,Top,,650402,,0,0,L,R,SEA,DET,20,4
2025-10-04,669923,682985,ST,87.6,2553,0.81,-0.24,0.1972616198476146,2.7665575807163405,2,0,1,3,Top,,650402,,0,0,L,R,SEA,DET,20,3
2025-10-04,669923,682985,SI,96.2,2321,-1.29,0.7,0.8174230327339023,3.990543794985875,1,0,1,3,Top,,650402,,0,0,L,R,SEA,DET,20,2
2025-10-04,669923,682985,SI,97.3,2430,-1.41,0.76,0.5092879061630684,4.713236133227722,0,0,1,3,Top,,650402,,0,0,L,R,SEA,DET,20,1
2025-10-04,669923,681481,KC,84.5,2398,0.56,-0.97,-0.5066811648320968,1.940793716403145,1,2,0,3,Top,,650402,,0,0,L,R,SEA,DET,19,4
2025-10-04,669923,681481,FF,96.9,2169,-0.8,1.13,0.6052399539820921,3.705864524832017,1,1,0,3,Top,,650402,,0,0,L,R,SEA,DET,19,3
2025-10-04,669923,681481,SI,96.8,2312,-1.48,0.86,-0.8646614389687697,3.644737644850319,1,0,0,3,Top,,650402,,0,0,L,R,SEA,DET,19,2
2025-10-04,669923,681481,SI,97.6,2389,-1.43,0.76,0.5256269473427968,4.044749837061081,0,0,0,3,Top,,650402,,0,0,L,R,SEA,DET,19,1
2025-10-04,669923,650402,SI,96.9,2436,-1.42,0.78,0.3225434282278916,2.7628106801941197,2,2,0,3,Top,,,,0,0,R,R,SEA,DET,18,5
2025-10-04,669923,650402,FF,97.9,2504,-0.59,1.18,0.3884070028409315,5.1523789463813054,1,2,0,3,Top,,,,0,0,R,R,SEA,DET,18,4
2025-10-04,669923,650402,FF,96.7,2462,-0.95,1.06,-0.0876836165499991,3.736115856964892,1,1,0,3,Top,,,,0,0,R,R,SEA,DET,18,3
2025-10-04,669923,650402,ST,87.8,2515,1.14,-0.06,1.6443442894372025,1.2675727658688092,0,1,0,3,Top,,,,0,0,R,R,SEA,DET,18,2
2025-10-04,669923,650402,SI,95.4,2318,-1.65,0.75,0.0130300647209939,3.4832755596093476,0,0,0,3,Top,,,,0,0,R,R,SEA,DET,18,1
2025-10-04,675512,645302,FF,97.3,2233,-0.65,1.32,-0.3375170277801712,3.51252490323006,3,2,2,2,Bot,,,,0,0,R,R,SEA,DET,17,7
2025-10-04,675512,645302,FF,97.8,2125,-0.36,1.19,0.3336221416796464,1.8168588975239968,3,2,2,2,Bot,,,,0,0,R,R,SEA,DET,17,6
2025-10-04,675512,645302,SL,87.7,2336,0.4,0.13,0.3957515495292481,0.8523470616908471,2,2,2,2,Bot,,,,0,0,R,R,SEA,DET,17,5
2025-10-04,675512,645302,SL,87.8,2400,0.56,-0.01,1.1631617134485914,0.37934632731133,1,2,2,2,Bot,,,,0,0,R,R,SEA,DET,17,4
2025-10-04,675512,645302,FF,97.6,2292,-0.43,1.38,0.7422148542496609,2.0429885081691856,1,1,2,2,Bot,,,,0,0,R,R,SEA,DET,17,3
2025-10-04,675512,645302,FF,97.7,2304,-0.86,1.42,-0.3765227504945996,1.4135358930284765,0,1,2,2,Bot,,,,0,0,R,R,SEA,DET,17,2
2025-10-04,675512,645302,FF,97.2,2309,-0.49,1.47,-0.0076358656061242,2.963885315753162,0,0,2,2,Bot,,,,0,0,R,R,SEA,DET,17,1
2025-10-04,675512,686527,FF,97.2,2369,-0.55,1.39,0.0648913812212409,3.1911165722712624,0,2,1,2,Bot,,,,0,0,L,R,SEA,DET,16,3
2025-10-04,675512,686527,FS,87.9,1612,-0.48,0.15,0.4784843183117255,1.5903404240114951,0,1,1,2,Bot,,,,0,0,L,R,SEA,DET,16,2
2025-10-04,675512,686527,FS,87.6,1654,-0.5,0.27,-0.1703556852314237,3.365145929230217,0,0,1,2,Bot,,,,0,0,L,R,SEA,DET,16,1
2025-10-04,675512,553993,FF,98.4,2278,-0.52,1.33,0.7772184023606739,1.204278292855995,2,1,0,2,Bot,,,,0,0,R,R,SEA,DET,15,4
2025-10-04,675512,553993,FS,89.1,1245,-0.71,0.51,-0.4761578989207417,0.828668085019238,1,1,0,2,Bot,,,,0,0,R,R,SEA,DET,15,3
2025-10-04,675512,553993,SI,96.2,1978,-1.32,0.86,-0.4305861464684726,0.945283335378835,0,1,0,2,Bot,,,,0,0,R,R,SEA,DET,15,2
2025-10-04,675512,553993,SI,96.2,2251,-0.99,0.95,0.7050582078771505,1.489436476114722,0,0,0,2,Bot,,,,0,0,R,R,SEA,DET,15,1
2025-10-04,669923,678009,SI,97.6,2356,-1.48,0.81,0.7281998056787657,3.2738524911778892,2,2,2,2,Top,,693307,690993,0,0,L,R,SEA,DET,14,5
2025-10-04,669923,678009,ST,87.7,2442,0.84,-0.32,-0.3057780557350885,2.313302170506756,2,1,2,2,Top,,693307,690993,0,0,L,R,SEA,DET,14,4
2025-10-04,669923,678009,ST,88.7,2499,0.9,-0.17,1.4626248263842758,1.0686222767034863,1,1,2,2,Top,,693307,690993,0,0,L,R,SEA,DET,14,3
2025-10-04,669923,678009,SI,97.2,2420,-1.56,0.72,0.263670179074533,3.6764312201859215,1,0,2,2,Top,,693307,690993,0,0,L,R,SEA,DET,14,2
2025-10-04,669923,678009,SI,97.7,2348,-1.43,0.7,0.4139529239467459,3.7899476062172086,0,0,2,2,Top,,693307,690993,0,0,L,R,SEA,DET,14,1
2025-10-04,669923,595879,ST,88.1,2441,0.6,-0.27,0.8272578557833665,1.2043685946713725,0,1,1,2,Top,693307,690993,,0,0,R,R,SEA,DET,13,2
2025-10-04,669923,595879,ST,89.1,2547,0.74,0.17,0.9105573562089634,2.36905658936852,0,0,1,2,Top,693307,690993,,0,0,R,R,SEA,DET,13,1
2025-10-04,669923,656716,ST,88.1,2541,0.76,0.18,-0.1312523440108514,2.8176891332645986,2,2,0,2,Top,693307,690993,,0,0,L,R,SEA,DET,12,6
2025-10-04,669923,656716,FF,97.2,2435,-0.79,1.11,0.2809201657207095,4.573097129541626,1,2,0,2,Top,693307,690993,,0,0,L,R,SEA,DET,12,5
2025-10-04,669923,656716,SI,98.2,2201,-1.45,0.49,0.8383030283808945,2.878053204378761,1,2,0,2,Top,693307,690993,,0,0,L,R,SEA,DET,12,4
2025-10-04,669923,656716,FF,95.8,2306,-0.96,1.11,0.2590896310482042,3.409022876019873,1,1,0,2,Top,693307,690993,,0,0,L,R,SEA,DET,12,3
2025-10-04,669923,656716,SI,96.9,2349,-1.56,0.35,0.8312016229727219,2.438499906251735,1,0,0,2,Top,693307,690993,,0,0,L,R,SEA,DET,12,2
2025-10-04,669923,656716,SI,97.6,2327,-1.58,0.69,-1.2169871145888451,3.947411358270824,0,0,0,2,Top,693307,690993,,0,0,L,R,SEA,DET,12,1
2025-10-04,669923,693307,SI,97.0,2258,-1.32,0.68,-0.4390071790513181,4.641501768993081,3,0,0,2,Top,690993,,,0,0,R,R,SEA,DET,11,4
2025-10-04,669923,693307,SI,97.2,2378,-1.42,0.62,-1.20150767942663,3.8345606277850406,2,0,0,2,Top,690993,,,0,0,R,R,SEA,DET,11,3
2025-10-04,669923,693307,FF,97.8,2355,-0.97,0.98,-0.0527834247399172,3.88862842899721,1,0,0,2,Top,690993,,,0,0,R,R,SEA,DET,11,2
2025-10-04,669923,693307,SI,97.4,2319,-1.66,0.57,-0.623191578488663,4.071430767595221,0,0,0,2,Top,690993,,,0,0,R,R,SEA,DET,11,1
2025-10-04,669923,690993,KC,86.0,2348,0.51,-0.81,0.032216050263402,1.9160399063590912,0,1,0,2,Top,,,,0,0,L,R,SEA,DET,10,2
2025-10-04,669923,690993,SI,97.0,2374,-1.57,0.9,0.4088799582028461,2.333806401270579,0,0,0,2,Top,,,,0,0,L,R,SEA,DET,10,1
2025-10-04,675512,593871,FS,88.5,1365,-0.55,-0.01,-0.3834989890959334,2.027117750832725,0,1,2,1,Bot,647304,677594,,0,0,L,R,SEA,DET,9,2
2025-10-04,675512,593871,FF,96.9,1997,-0.54,0.97,-0.359608697431561,2.141147284189854,0,0,2,1,Bot,647304,677594,,0,0,L,R,SEA,DET,9,1
2025-10-04,675512,647304,FF,97.9,2101,-0.56,1.07,-1.4661020978589403,2.342502420574382,3,0,2,1,Bot,677594,,,0,0,L,R,SEA,DET,8,4
2025-10-04,675512,647304,SL,86.6,2256,0.58,-0.09,-1.944237338407156,2.9300613395966844,2,0,2,1,Bot,677594,,,0,0,L,R,SEA,DET,8,3
2025-10-04,675512,647304,FS,89.3,1496,-0.59,0.08,-1.6749511111882656,1.3099954757808736,1,0,2,1,Bot,677594,,,0,0,L,R,SEA,DET,8,2
2025-10-04,675512,647304,SL,86.8,2186,0.43,0.0,-0.8818264278438126,1.348128264496622,0,0,2,1,Bot,677594,,,0,0,L,R,SEA,DET,8,1
2025-10-04,675512,677594,SL,84.9,2297,0.7,-0.05,-0.1245298571429758,2.339038623125814,0,0,1,1,Bot,663728,,,0,0,R,R,SEA,DET,7,1
2025-10-04,675512,663728,FF,97.8,2218,-0.37,1.24,-0.121272459741266,2.8892319687257997,1,2,1,1,Bot,,,,0,0,L,R,SEA,DET,6,5
2025-10-04,675512,663728,SL,85.8,2441,0.71,0.41,0.790974152440526,1.9752095887280516,1,2,1,1,Bot,,,,0,0,L,R,SEA,DET,6,4
2025-10-04,675512,663728,FS,88.7,1710,-0.87,-0.07,-1.6657260607292024,1.536319563415652,0,2,1,1,Bot,,,,0,0,L,R,SEA,DET,6,3
2025-10-04,675512,663728,FS,89.3,1760,-0.93,-0.27,-0.1757938578738734,0.7683625121838307,0,1,1,1,Bot,,,,0,0,L,R,SEA,DET,6,2
2025-10-04,675512,663728,SL,85.3,2328,0.58,0.06,-0.5111863986049812,2.499494949451853,0,0,1,1,Bot,,,,0,0,L,R,SEA,DET,6,1
2025-10-04,675512,668227,SL,85.2,2378,0.61,-0.2,0.2710527553243,1.7727283833917156,1,1,0,1,Bot,,,,0,0,R,R,SEA,DET,5,3
2025-10-04,675512,668227,SI,95.4,2210,-1.08,0.94,0.0940436197681526,1.4252345259244663,0,1,0,1,Bot,,,,0,0,R,R,SEA,DET,5,2
2025-10-04,675512,668227,FF,97.3,2268,-0.53,1.32,-0.2413309972601792,2.9406095934291865,0,0,0,1,Bot,,,,0,0,R,R,SEA,DET,5,1
2025-10-04,669923,679529,SI,98.7,2418,-1.37,0.7,0.7555003766749298,3.569760002142759,2,2,2,1,Top,682985,,,0,0,R,R,SEA,DET,4,5
2025-10-04,669923,679529,ST,88.7,2460,0.77,0.44,0.583480287761121,2.5936373608800674,2,1,2,1,Top,682985,,,0,0,R,R,SEA,DET,4,4
2025-10-04,669923,679529,FF,98.6,2404,-0.95,1.36,-0.3596748933288006,4.962743759033646,1,1,2,1,Top,682985,,,0,0,R,R,SEA,DET,4,3
2025-10-04,669923,679529,SI,97.9,2312,-1.42,0.65,0.1733066919326937,3.696512240965972,1,0,2,1,Top,682985,,,0,0,R,R,SEA,DET,4,2
2025-10-04,669923,679529,SI,98.4,2357,-1.38,0.74,0.9037817959922874,4.14577683897719,0,0,2,1,Top,682985,,,0,0,R,R,SEA,DET,4,1
2025-10-04,669923,682985,KC,86.6,2544,0.7,-0.98,-0.5487587977786308,1.6846687989215985,0,1,2,1,Top,,,,0,0,L,R,SEA,DET,3,2
2025-10-04,669923,682985,ST,88.4,2509,0.87,-0.28,0.30232277319279,2.003076175318027,0,0,2,1,Top,,,,0,0,L,R,SEA,DET,3,1
2025-10-04,669923,681481,SI,99.5,2455,-1.48,0.57,0.30387807659352,3.903887094417657,1,2,1,1,Top,,,,0,0,L,R,SEA,DET,2,4
2025-10-04,669923,681481,FF,98.0,2258,-1.17,0.86,-0.2607920367951299,2.446340946217986,1,1,1,1,Top,,,,0,0,L,R,SEA,DET,2,3
2025-10-04,669923,681481,ST,89.3,2148,0.52,-0.19,-0.2274670294580936,2.352998799213444,1,0,1,1,Top,,,,0,0,L,R,SEA,DET,2,2
2025-10-04,669923,681481,SI,99.0,2277,-1.57,0.74,0.8899011283469642,4.179119648752683,0,0,1,1,Top,,,,0,0,L,R,SEA,DET,2,1
2025-10-04,669923,650402,SI,98.8,2405,-1.51,0.86,0.2977952412746842,2.4824849861195553,2,2,0,1,Top,,,,0,0,R,R,SEA,DET,1,5
2025-10-04,669923,650402,SI,98.3,2422,-1.38,0.84,-0.4407519907364874,3.286020331005539,2,1,0,1,Top,,,,0,0,R,R,SEA,DET,1,4
2025-10-04,669923,650402,FF,97.4,2340,-0.93,1.15,0.4234347580138072,1.86778251602814,2,0,0,1,Top,,,,0,0,R,R,SEA,DET,1,3
2025-10-04,669923,650402,SI,98.3,2521,-1.46,0.82,0.8724551789494348,3.3962614765826036,1,0,0,1,Top,,,,0,0,R,R,SEA,DET,1,2
2025-10-04,669923,650402,SI,97.8,2272,-1.69,0.65,0.9549178216448015,2.4574011497220645,0,0,0,1,Top,,,,0,0,R,R,SEA,DET,1,1
2025-10-04,808963,681082,FF,100.0,2047,-0.52,1.39,0.279648188502179,2.753005389717715,1,1,2,9,Bot,,,596146,3,5,L,R,PHI,LAD,74,3
2025-10-04,808963,681082,FO,85.2,649,-0.33,-1.18,-3.2378813444624326,3.585592292345313,0,1,2,9,Bot,,,596146,3,5,L,R,PHI,LAD,74,2
2025-10-04,808963,681082,FF,99.8,2032,-0.62,1.4,-0.4383079137370148,3.0620467237775513,0,0,2,9,Bot,,,596146,3,5,L,R,PHI,LAD,74,1
2025-10-04,808963,592206,FF,100.8,2162,-1.03,1.42,0.5864284863250571,2.434304970371613,0,0,1,9,Bot,,596146,,3,5,R,R,PHI,LAD,73,1
2025-10-04,808963,596146,FO,88.5,740,-0.51,-0.26,-0.6146884429221472,1.663633368194669,0,2,1,9,Bot,,,,3,5,L,R,PHI,LAD,72,3
2025-10-04,808963,596146,FO,88.0,715,-0.28,-0.07,0.0697025780753776,3.3566581883001287,0,1,1,9,Bot,,,,3,5,L,R,PHI,LAD,72,2
2025-10-04,808963,596146,FF,100.2,2113,-0.84,1.21,-0.7425233587990825,3.2234621715659997,0,0,1,9,Bot,,,,3,5,L,R,PHI,LAD,72,1
2025-10-04,808963,592663,FO,87.1,618,-0.03,-0.67,-0.3268797650398454,3.388463048478488,1,2,0,9,Bot,,,,3,5,R,R,PHI,LAD,71,4
2025-10-04,808963,592663,FF,99.8,2002,-0.69,1.29,0.9413260701057188,2.5282951769267603,1,1,0,9,Bot,,,,3,5,R,R,PHI,LAD,71,3
2025-10-04,808963,592663,FF,99.4,2051,-1.2,0.91,-0.4124616293587333,3.005384137228157,1,0,0,9,Bot,,,,3,5,R,R,PHI,LAD,71,2
2025-10-04,808963,592663,FF,101.0,2044,-0.69,1.33,2.162105054966953,1.726254412520163,0,0,0,9,Bot,,,,3,5,R,R,PHI,LAD,71,1
2025-10-04,661395,605141,FS,97.7,1900,-1.46,0.39,-0.6027056444059593,2.0723882970544256,1,1,2,9,Top,660271,,,5,3,R,R,PHI,LAD,70,3
2025-10-04,661395,605141,FF,99.2,2082,-1.22,0.95,-0.4946841571852036,4.278301373412825,0,1,2,9,Top,660271,,,5,3,R,R,PHI,LAD,70,2
2025-10-04,661395,605141,FS,97.0,1825,-1.54,0.2,0.6094307455413481,1.997527385163642,0,0,2,9,Top,660271,,,5,3,R,R,PHI,LAD,70,1
2025-10-04,661395,660271,FF,99.7,2102,-1.22,0.9,-1.3766793689836727,2.5980394300178267,3,1,2,9,Top,,,,5,3,L,R,PHI,LAD,69,5
2025-10-04,661395,660271,FS,99.5,1943,-1.29,0.0,0.0395105221728488,0.8411374480218363,2,1,2,9,Top,,,,5,3,L,R,PHI,LAD,69,4
2025-10-04,661395,660271,FF,101.0,2179,-1.35,0.93,-0.8441068324237258,2.91902751968735,2,0,2,9,Top,,,,5,3,L,R,PHI,LAD,69,3
2025-10-04,661395,660271,FF,100.1,2245,-1.4,1.11,-0.8940362025288013,3.1189322887101847,1,0,2,9,Top,,,,5,3,L,R,PHI,LAD,69,2
2025-10-04,661395,660271,FF,100.1,2111,-1.09,1.3,0.8921351842761522,3.8597329956640856,0,0,2,9,Top,,,,5,3,L,R,PHI,LAD,69,1
2025-10-04,661395,669257,FF,100.4,2145,-1.15,1.11,0.0554861222441627,3.68065218212348,0,2,1,9,Top,,,,5,3,R,R,PHI,LAD,68,3
2025-10-04,661395,669257,ST,88.7,2673,1.08,-0.17,0.8378311995701283,2.044188654797415,0,1,1,9,Top,,,,5,3,R,R,PHI,LAD,68,2
2025-10-04,661395,669257,FS,98.4,1843,-1.5,0.14,0.3021844136360663,1.5920171813162014,0,0,1,9,Top,,,,5,3,R,R,PHI,LAD,68,1
2025-10-04,661395,681624,FS,97.8,1720,-1.12,0.03,0.2459464630406715,1.2045375065937296,0,2,0,9,Top,,,,5,3,R,R,PHI,LAD,67,5
2025-10-04,661395,681624,FF,100.3,2138,-0.81,1.1,-0.4435195698105428,3.8290816743054896,0,2,0,9,Top,,,,5,3,R,R,PHI,LAD,67,4
2025-10-04,661395,681624,FF,99.7,2092,-1.25,1.01,0.5868676937647457,2.2144795807161475,0,2,0,9,Top,,,,5,3,R,R,PHI,LAD,67,3
2025-10-04,661395,681624,FS,98.2,1703,-1.16,-0.13,0.225023889941232,1.0168144575620088,0,1,0,9,Top,,,,5,3,R,R,PHI,LAD,67,2
2025-10-04,661395,681624,FS,98.2,1726,-1.28,0.02,-0.1885407722200851,1.80417185633944,0,0,0,9,Top,,,,5,3,R,R,PHI,LAD,67,1
2025-10-04,681911,624641,FF,92.6,2470,0.58,1.93,0.4200163478760294,2.8623760953784676,1,1,2,8,Bot,664761,547180,607208,3,5,R,L,PHI,LAD,66,3
2025-10-04,681911,624641,FF,91.1,2472,0.42,1.78,0.8829895823205349,4.163457471992134,0,1,2,8,Bot,664761,547180,607208,3,5,R,L,PHI,LAD,66,2
2025-10-04,681911,624641,FF,91.5,2531,0.62,2.03,0.8883064589355149,2.559150288096298,0,0,2,8,Bot,664761,547180,607208,3,5,R,L,PHI,LAD,66,1
2025-10-04,607192,664761,SL,90.4,2623,0.25,0.23,1.479142097588589,0.385285282501945,3,1,2,8,Bot,547180,,607208,3,5,R,R,PHI,LAD,65,5
2025-10-04,607192,664761,SI,96.6,2307,-1.11,1.06,0.4804484854901811,1.8637722444981129,3,0,2,8,Bot,547180,,607208,3,5,R,R,PHI,LAD,65,4
2025-10-04,607192,664761,SI,96.6,2429,-0.87,1.22,-0.5125281413315402,1.4433012009136728,2,0,2,8,Bot,547180,,607208,3,5,R,R,PHI,LAD,65,3
2025-10-04,607192,664761,SL,90.4,2505,0.07,0.02,1.6875480625073918,0.612295117453252,1,0,2,8,Bot,547180,,607208,3,5,R,R,PHI,LAD,65,2
2025-10-04,607192,664761,SL,88.4,2534,0.01,-0.03,0.9497539307187636,2.49370645698812,0,0,2,8,Bot,547180,,607208,3,5,R,R,PHI,LAD,65,1
2025-10-04,607192,547180,CU,82.7,2944,0.72,-1.46,-0.1112636601839243,2.69301793358776,1,2,2,8,Bot,607208,,,3,5,L,R,PHI,LAD,64,4
2025-10-04,607192,547180,FF,96.0,2517,0.25,1.11,-0.1054385584408465,2.6674550607623235,1,1,2,8,Bot,607208,,,3,5,L,R,PHI,LAD,64,3
2025-10-04,607192,547180,CU,81.7,2877,0.19,-1.67,-1.190245389425734,3.690041398017563,0,1,2,8,Bot,607208,,,3,5,L,R,PHI,LAD,64,2
2025-10-04,607192,547180,CU,82.6,2874,0.55,-1.33,0.1204948058142946,1.100000988056892,0,0,2,8,Bot,607208,,,3,5,L,R,PHI,LAD,64,1
2025-10-04,607192,656941,CU,82.8,2943,0.8,-1.46,0.1937243181816371,2.6190047093047015,0,2,1,8,Bot,607208,,,3,5,L,R,PHI,LAD,63,3
2025-10-04,607192,656941,CU,82.9,2786,0.84,-1.24,-0.0837043281944855,2.8283482599690313,0,1,1,8,Bot,607208,,,3,5,L,R,PHI,LAD,63,2
2025-10-04,607192,656941,FF,97.6,2505,-0.29,1.55,-0.206883223871656,2.5702245564483555,0,0,1,8,Bot,607208,,,3,5,L,R,PHI,LAD,63,1
2025-10-04,607192,607208,FF,96.4,2569,0.08,1.43,0.9737703794162282,2.4911573967104137,3,1,1,8,Bot,,,,3,5,R,R,PHI,LAD,62,5
2025-10-04,607192,607208,SI,98.0,2580,-0.57,1.41,0.3322106984037739,0.9361186571643844,2,1,1,8,Bot,,,,3,5,R,R,PHI,LAD,62,4
2025-10-04,607192,607208,SL,91.1,2722,0.02,-0.13,0.9206689296255332,1.178183345264324,1,1,1,8,Bot,,,,3,5,R,R,PHI,LAD,62,3
2025-10-04,607192,607208,SL,91.4,2684,0.28,-0.01,0.8451939291262076,1.9730605212116712,0,1,1,8,Bot,,,,3,5,R,R,PHI,LAD,62,2
2025-10-04,607192,607208,SI,97.4,2552,-0.84,1.43,0.282029169885702,2.951460927556689,0,0,1,8,Bot,,,,3,5,R,R,PHI,LAD,62,1
2025-10-04,607192,681082,CU,82.6,2817,1.2,-1.0,0.9841436517205197,1.9479287824525344,1,2,0,8,Bot,,,,3,5,L,R,PHI,LAD,61,4
2025-10-04,607192,681082,CU,84.0,2878,0.48,-1.53,1.2266729226633246,-0.2797245134899211,0,2,0,8,Bot,,,,3,5,L,R,PHI,LAD,61,3
2025-10-04,607192,681082,FF,97.9,2628,-0.49,1.26,-0.0713327877737118,1.8089976973606097,0,1,0,8,Bot,,,,3,5,L,R,PHI,LAD,61,2
2025-10-04,607192,681082,FF,97.0,2622,-0.69,1.48,-0.4985371785529559,2.341091645961935,0,0,0,8,Bot,,,,3,5,L,R,PHI,LAD,61,1
2025-10-04,689147,571970,ST,89.2,2962,0.94,0.22,-0.2715788167174671,2.7267411220284385,3,2,2,8,Top,,,,5,3,L,R,PHI,LAD,60,6
2025-10-04,689147,571970,ST,88.8,3016,1.0,0.04,0.6682531074292286,1.7548463135582777,2,2,2,8,Top,,,,5,3,L,R,PHI,LAD,60,5
2025-10-04,689147,571970,FF,99.8,2421,-1.01,1.46,-0.5473014716673638,3.8715108640523153,1,2,2,8,Top,,,,5,3,L,R,PHI,LAD,60,4
2025-10-04,689147,571970,FF,99.4,2466,-0.66,1.72,-0.4853379628880859,4.484275255601003,0,2,2,8,Top,,,,5,3,L,R,PHI,LAD,60,3
2025-10-04,689147,571970,ST,90.2,3081,0.96,0.3,-0.3498259988735016,2.7403042481914204,0,1,2,8,Top,,,,5,3,L,R,PHI,LAD,60,2
2025-10-04,689147,571970,FF,100.3,2369,-0.71,1.5,-0.2660509008341584,3.26513635150347,0,0,2,8,Top,,,,5,3,L,R,PHI,LAD,60,1
2025-10-04,689147,571771,ST,89.7,3125,1.01,-0.04,-0.0119623506915389,1.8815560332333363,0,0,1,8,Top,,,,5,3,R,R,PHI,LAD,59,1
2025-10-04,689147,669242,ST,88.9,3079,1.06,0.08,-0.3594068517928466,1.663473230227314,0,2,0,8,Top,,,,5,3,L,R,PHI,LAD,58,3
2025-10-04,689147,669242,FF,99.4,2635,-1.05,1.7,0.2588797898533288,2.457862068572614,0,1,0,8,Top,,,,5,3,L,R,PHI,LAD,58,2
2025-10-04,689147,669242,FF,98.8,2635,-1.04,1.75,0.6052758834719323,1.8520826714140024,0,0,0,8,Top,,,,5,3,L,R,PHI,LAD,58,1
2025-10-04,607192,592206,SL,90.5,2390,0.06,-0.07,0.1533502187487413,2.5509599152814846,3,2,1,7,Bot,592663,,,3,5,R,R,PHI,LAD,57,6
2025-10-04,607192,592206,CU,83.5,2838,0.27,-1.47,0.7865366550777613,-0.0775795468305955,2,2,1,7,Bot,592663,,,3,5,R,R,PHI,LAD,57,5
2025-10-04,607192,592206,SL,89.6,2723,0.23,-0.15,1.077237505014887,1.9977342332686043,1,2,1,7,Bot,592663,,,3,5,R,R,PHI,LAD,57,4
2025-10-04,607192,592206,CU,82.0,2765,0.76,-1.36,0.320753491364186,2.093914958419611,1,1,1,7,Bot,592663,,,3,5,R,R,PHI,LAD,57,3
2025-10-04,607192,592206,SL,91.4,2591,0.4,0.32,0.9254703542585372,1.528940249544836,1,0,1,7,Bot,592663,,,3,5,R,R,PHI,LAD,57,2
2025-10-04,607192,592206,SL,91.0,2664,0.36,0.12,1.089958019474507,1.532462772954315,0,0,1,7,Bot,592663,,,3,5,R,R,PHI,LAD,57,1
2025-10-04,607192,596146,FF,97.6,2431,0.0,1.44,0.3872254995920237,2.799073485709036,0,1,0,7,Bot,592663,,,3,5,L,R,PHI,LAD,56,2
2025-10-04,607192,596146,CU,81.0,2642,0.83,-1.22,-0.5919593311743676,2.497264432673571,0,0,0,7,Bot,592663,,,3,5,L,R,PHI,LAD,56,1
2025-10-04,607192,592663,SI,96.7,2456,-1.12,1.28,-0.6129872425850722,2.694744543175666,3,1,0,7,Bot,,,,3,5,R,R,PHI,LAD,55,5
2025-10-04,607192,592663,SI,96.7,2473,-1.1,1.38,0.2696947775279048,3.7519711818658807,2,1,0,7,Bot,,,,3,5,R,R,PHI,LAD,55,4
2025-10-04,607192,592663,SI,97.9,2695,-0.92,1.43,-0.449509754271068,2.382335231061744,2,0,0,7,Bot,,,,3,5,R,R,PHI,LAD,55,3
2025-10-04,607192,592663,FF,97.9,2575,-0.16,1.67,0.3897101484621619,1.07801952884311,1,0,0,7,Bot,,,,3,5,R,R,PHI,LAD,55,2
2025-10-04,607192,592663,FF,97.5,2542,0.12,1.62,1.182286783595147,2.479821627518022,0,0,0,7,Bot,,,,3,5,R,R,PHI,LAD,55,1
2025-10-04,621381,518692,SL,82.9,2795,-0.22,0.72,-0.165031926404949,2.853172048286846,1,0,2,7,Top,,,,5,3,L,L,PHI,LAD,54,2
2025-10-04,621381,518692,SL,83.5,2802,-0.47,0.52,0.3058181739622029,1.5022403267937947,0,0,2,7,Top,,,,5,3,L,L,PHI,LAD,54,1
2025-10-04,621381,606192,FF,91.8,2528,0.93,1.57,0.2387588658620095,3.084113960906352,1,0,2,7,Top,669257,681624,,2,3,R,L,PHI,LAD,53,2
2025-10-04,621381,606192,FC,89.0,2645,0.35,1.0,0.2332875798771193,4.377186720251818,0,0,2,7,Top,669257,681624,,2,3,R,L,PHI,LAD,53,1
2025-10-04,621381,605141,FF,92.5,2475,1.0,1.44,-0.5793735215559002,3.250423354648169,3,2,1,7,Top,669257,681624,,2,3,R,L,PHI,LAD,52,7
2025-10-04,621381,605141,FF,92.4,2472,0.96,1.49,2.468369083708502,4.086027230952694,2,2,1,7,Top,669257,681624,,2,3,R,L,PHI,LAD,52,6
2025-10-04,621381,605141,SL,83.1,2772,-0.71,0.52,-0.2004932162446698,1.3237038524383866,2,2,1,7,Top,669257,681624,,2,3,R,L,PHI,LAD,52,5
2025-10-04,621381,605141,FF,92.6,2514,0.95,1.72,0.9888558040133966,4.041145277649251,1,2,1,7,Top,669257,681624,,2,3,R,L,PHI,LAD,52,4
2025-10-04,621381,605141,FF,92.7,2545,0.91,1.56,-0.6541835084354999,2.588825102486085,1,1,1,7,Top,669257,681624,,2,3,R,L,PHI,LAD,52,3
2025-10-04,621381,605141,FC,88.0,2741,0.08,1.02,-0.1806020838093686,4.567247567296636,0,1,1,7,Top,669257,681624,,2,3,R,L,PHI,LAD,52,2
2025-10-04,621381,605141,SL,83.2,2888,-0.39,0.48,0.6461293344443952,2.6228872058015766,0,0,1,7,Top,669257,681624,,2,3,R,L,PHI,LAD,52,1
2025-10-04,621381,660271,FF,93.1,2670,1.37,1.42,-0.2089542160695843,2.2503239686720473,1,2,0,7,Top,669257,681624,,2,3,L,L,PHI,LAD,51,4
2025-10-04,621381,660271,SI,92.2,2424,1.39,1.12,0.734220230239119,2.803589468236239,1,1,0,7,Top,669257,681624,,2,3,L,L,PHI,LAD,51,3
2025-10-04,621381,660271,SL,85.6,2847,-0.01,0.76,0.0416119502714331,1.8278622013340189,1,0,0,7,Top,669257,681624,,2,3,L,L,PHI,LAD,51,2
2025-10-04,621381,660271,SI,93.0,2564,1.33,1.22,-0.7427119781530223,2.1306813000383222,0,0,0,7,Top,669257,681624,,2,3,L,L,PHI,LAD,51,1
2025-10-04,502085,669257,KC,82.6,2560,0.75,-1.15,-1.7867882264969863,3.077165925310828,1,1,0,7,Top,681624,,,2,3,R,R,PHI,LAD,50,3
2025-10-04,502085,669257,KC,83.1,2512,0.51,-1.01,-1.3564475714535007,2.5880176923156064,0,1,0,7,Top,681624,,,2,3,R,R,PHI,LAD,50,2
2025-10-04,502085,669257,FC,92.1,2663,0.37,1.06,0.1104481885596683,2.2235902486671275,0,0,0,7,Top,681624,,,2,3,R,R,PHI,LAD,50,1
2025-10-04,502085,681624,FC,91.9,2539,0.38,0.99,-0.3815979773064825,2.745145358500733,3,2,0,7,Top,,,,2,3,R,R,PHI,LAD,49,6
2025-10-04,502085,681624,FC,92.4,2676,0.35,0.98,0.0764710911357081,1.48355199546495,2,2,0,7,Top,,,,2,3,R,R,PHI,LAD,49,5
2025-10-04,502085,681624,FC,92.0,2505,0.17,0.98,0.1831444290842852,1.8142789768542704,2,1,0,7,Top,,,,2,3,R,R,PHI,LAD,49,4
2025-10-04,502085,681624,FC,91.4,2729,0.49,1.1,0.6700809060020092,0.9855269867054808,1,1,0,7,Top,,,,2,3,R,R,PHI,LAD,49,3
2025-10-04,502085,681624,FC,91.7,2597,0.37,1.13,0.2280716781895184,3.6966428938468487,0,1,0,7,Top,,,,2,3,R,R,PHI,LAD,49,2
2025-10-04,502085,681624,FC,91.9,2717,0.43,1.4,0.665198924603221,3.1189767474976104,0,0,0,7,Top,,,,2,3,R,R,PHI,LAD,49,1
2025-10-04,660271,669016,CU,77.9,2773,1.15,-1.3,0.630062409929081,0.890252288747976,3,2,2,6,Bot,,,,3,2,L,R,PHI,LAD,48,6
2025-10-04,660271,669016,SL,87.9,2560,0.14,-0.25,-0.6755525649196193,0.8952724667093976,2,2,2,6,Bot,,,,3,2,L,R,PHI,LAD,48,5
2025-10-04,660271,669016,FF,98.4,2486,-0.44,1.25,-1.5855282512262046,3.3656012454537483,1,2,2,6,Bot,,,,3,2,L,R,PHI,LAD,48,4
2025-10-04,660271,669016,CU,80.8,2868,0.86,-1.49,2.1411604319498005,-0.4016612879544237,0,2,2,6,Bot,,,,3,2,L,R,PHI,LAD,48,3
2025-10-04,660271,669016,CU,79.1,2732,0.93,-1.32,0.206316888259634,1.1116217197788787,0,1,2,6,Bot,,,,3,2,L,R,PHI,LAD,48,2
2025-10-04,660271,669016,SL,86.9,2506,0.47,-0.13,-0.1850018269521223,2.1294277529718872,0,0,2,6,Bot,,,,3,2,L,R,PHI,LAD,48,1
2025-10-04,660271,664761,SL,87.9,2616,0.3,0.14,-0.3723206414115125,2.827696159547057,0,0,1,6,Bot,,,,3,2,R,R,PHI,LAD,47,1
2025-10-04,660271,547180,CU,80.7,2857,0.96,-1.2,0.6205809502023143,1.210011466885005,2,2,0,6,Bot,,,,3,2,L,R,PHI,LAD,46,5
2025-10-04,660271,547180,FS,89.0,1571,-1.28,0.37,0.4637215725413885,0.9126032676622252,1,2,0,6,Bot,,,,3,2,L,R,PHI,LAD,46,4
2025-10-04,660271,547180,FS,86.2,1536,-1.38,0.49,-0.5522825969531135,0.9887643234747636,1,1,0,6,Bot,,,,3,2,L,R,PHI,LAD,46,3
2025-10-04,660271,547180,FF,97.5,2590,-0.86,1.43,-0.2076734003791299,2.2313427686126683,1,0,0,6,Bot,,,,3,2,L,R,PHI,LAD,46,2
2025-10-04,660271,547180,CU,72.9,2643,1.14,-1.48,0.6721181823130639,-0.2395012379410666,0,0,0,6,Bot,,,,3,2,L,R,PHI,LAD,46,1
2025-10-04,502085,571970,KC,86.4,2649,0.79,-0.63,-0.3009414015109055,1.1722960302058607,3,2,2,6,Top,,571771,,2,3,L,R,PHI,LAD,45,6
2025-10-04,502085,571970,FC,93.4,2760,0.32,1.43,0.8168213405589747,2.5951127044653224,3,1,2,6,Top,,571771,,2,3,L,R,PHI,LAD,45,5
2025-10-04,502085,571970,FC,93.1,2811,0.41,1.3,0.9112981483726064,3.2257229169792065,3,0,2,6,Top,,571771,,2,3,L,R,PHI,LAD,45,4
2025-10-04,502085,571970,FC,91.5,2774,0.57,1.18,1.898373311013383,2.129091268327434,2,0,2,6,Top,,571771,,2,3,L,R,PHI,LAD,45,3
2025-10-04,502085,571970,KC,86.6,2633,0.39,-0.92,1.0038689462584776,0.8805009611055694,1,0,2,6,Top,,571771,,2,3,L,R,PHI,LAD,45,2
2025-10-04,502085,571970,FC,92.9,2720,0.44,1.22,0.7519068984125534,3.081603711235224,0,0,2,6,Top,,571771,,2,3,L,R,PHI,LAD,45,1
2025-10-04,650911,571771,SL,84.6,1915,-0.23,0.15,-0.6931420804821322,1.7445167123799474,1,0,2,6,Top,669242,518692,,0,3,R,L,PHI,LAD,44,2
2025-10-04,650911,571771,SI,94.3,2144,1.61,0.1,-0.3166307867796794,0.8901509154449583,0,0,2,6,Top,669242,518692,,0,3,R,L,PHI,LAD,44,1
2025-10-04,650911,669242,SI,94.9,2159,1.61,0.24,0.2981214702695061,1.8016897971721957,2,1,2,6,Top,518692,,,0,3,R,L,PHI,LAD,43,4
2025-10-04,650911,669242,SI,95.1,2092,1.65,0.1,-0.6094530968613441,1.3577625436310996,1,1,2,6,Top,518692,,,0,3,R,L,PHI,LAD,43,3
2025-10-04,650911,669242,CH,85.4,1951,1.45,-0.23,-0.3825584364543346,2.457129110089336,1,0,2,6,Top,518692,,,0,3,R,L,PHI,LAD,43,2
2025-10-04,650911,669242,CH,84.8,2076,1.44,-0.27,-0.7673140529062217,0.691811775629553,0,0,2,6,Top,518692,,,0,3,R,L,PHI,LAD,43,1
2025-10-04,650911,518692,SI,94.8,2121,1.49,0.29,-0.5249269692089589,1.2849728315442814,3,1,2,6,Top,,,,0,3,L,L,PHI,LAD,42,5
2025-10-04,650911,518692,SL,85.8,2054,-0.14,-0.17,1.106903878044991,2.961386567634415,2,1,2,6,Top,,,,0,3,L,L,PHI,LAD,42,4
2025-10-04,650911,518692,CH,86.1,2043,1.25,-0.64,-0.5399696918586814,0.8687085756471027,1,1,2,6,Top,,,,0,3,L,L,PHI,LAD,42,3
2025-10-04,650911,518692,SL,84.6,2134,-0.23,-0.36,0.2601529217034283,3.05759988602118,1,0,2,6,Top,,,,0,3,L,L,PHI,LAD,42,2
2025-10-04,650911,518692,SL,86.7,2177,-0.1,0.17,-0.596243421912838,0.9674728187857302,0,0,2,6,Top,,,,0,3,L,L,PHI,LAD,42,1
2025-10-04,650911,606192,CH,87.9,2087,1.41,-0.48,-0.0117851368426955,0.8766673398274949,2,2,1,6,Top,,,,0,3,R,L,PHI,LAD,41,5
2025-10-04,650911,606192,SL,88.7,2215,0.0,-0.44,-0.4713603467370001,0.5840457853806198,1,2,1,6,Top,,,,0,3,R,L,PHI,LAD,41,4
2025-10-04,650911,606192,SI,95.6,2134,1.53,0.26,-0.90587544701925,2.7154914620461503,1,1,1,6,Top,,,,0,3,R,L,PHI,LAD,41,3
2025-10-04,650911,606192,CH,86.9,2039,1.3,-0.21,0.6745100689282677,2.814897779994002,1,0,1,6,Top,,,,0,3,R,L,PHI,LAD,41,2
2025-10-04,650911,606192,SL,84.8,2112,-0.3,-0.26,1.0389803342252564,2.820780859428404,0,0,1,6,Top,,,,0,3,R,L,PHI,LAD,41,1
2025-10-04,650911,605141,CH,87.0,2016,1.48,-0.47,1.02758741034009,1.5219006275700275,1,2,0,6,Top,,,,0,3,R,L,PHI,LAD,40,6
2025-10-04,650911,605141,CH,87.0,2003,1.27,-0.28,1.081010341722704,1.4893095855088894,1,2,0,6,Top,,,,0,3,R,L,PHI,LAD,40,5
2025-10-04,650911,605141,SI,95.8,2148,1.5,0.26,-1.056196327500172,2.1865948068956973,1,2,0,6,Top,,,,0,3,R,L,PHI,LAD,40,4
2025-10-04,650911,605141,SI,94.7,2138,1.52,0.5,-0.426756976185588,2.5696008152170418,1,1,0,6,Top,,,,0,3,R,L,PHI,LAD,40,3
2025-10-04,650911,605141,CH,86.1,1904,1.36,-0.31,0.8112174763047393,1.3847540398182372,0,1,0,6,Top,,,,0,3,R,L,PHI,LAD,40,2
2025-10-04,650911,605141,CH,85.3,2019,1.26,-0.04,0.6036567009546658,2.833060087210552,0,0,0,6,Top,,,,0,3,R,L,PHI,LAD,40,1
2025-10-04,660271,656941,CU,79.6,2670,1.05,-1.24,-0.4275784828492855,1.5958180639130817,3,2,2,5,Bot,681082,664056,,3,0,L,R,PHI,LAD,39,6
2025-10-04,660271,656941,FF,99.3,2435,-0.2,1.29,1.1979737367058665,1.476017549751138,2,2,2,5,Bot,681082,664056,,3,0,L,R,PHI,LAD,39,5
2025-10-04,660271,656941,SL,88.6,2702,0.22,-0.07,0.2656569543977417,0.7015665508177014,1,2,2,5,Bot,681082,664056,,3,0,L,R,PHI,LAD,39,4
2025-10-04,660271,656941,SL,89.1,2694,0.28,-0.18,0.6598197433479467,0.583812449226691,0,2,2,5,Bot,681082,664056,,3,0,L,R,PHI,LAD,39,3
2025-10-04,660271,656941,FF,99.8,2539,-0.47,1.39,-0.0707672958647733,2.9160806936411676,0,1,2,5,Bot,681082,664056,,3,0,L,R,PHI,LAD,39,2
2025-10-04,660271,656941,SL,89.4,2549,0.23,0.02,-0.472282937777376,1.979059745371797,0,0,2,5,Bot,681082,664056,,3,0,L,R,PHI,LAD,39,1
2025-10-04,660271,607208,ST,87.1,2539,1.0,0.41,0.4744387900793083,2.6587771306692063,0,0,1,5,Bot,681082,664056,,3,0,R,R,PHI,LAD,38,1
2025-10-04,660271,681082,FS,87.4,1400,-0.94,0.17,-0.654060401694811,1.6743622162108056,0,1,1,5,Bot,664056,,,3,0,L,R,PHI,LAD,37,2
2025-10-04,660271,681082,CU,74.6,2511,1.25,-1.23,0.3735636065536609,2.086243376651515,0,0,1,5,Bot,664056,,,3,0,L,R,PHI,LAD,37,1
2025-10-04,660271,664056,ST,86.3,2573,1.56,0.52,-1.428612882712903,3.905468414683502,0,2,1,5,Bot,,,,3,0,R,R,PHI,LAD,36,3
2025-10-04,660271,664056,FF,98.1,2485,-0.41,1.17,-0.1183401420228059,2.6191164448860933,0,1,1,5,Bot,,,,3,0,R,R,PHI,LAD,36,2
2025-10-04,660271,664056,FF,97.6,2566,-0.46,1.42,0.2855315357831387,3.0127262838754327,0,0,1,5,Bot,,,,3,0,R,R,PHI,LAD,36,1
2025-10-04,660271,596146,FF,98.7,2545,-0.47,1.37,0.8246615658032417,2.8123246151596457,1,2,0,5,Bot,,,,3,0,L,R,PHI,LAD,35,5
2025-10-04,660271,596146,FS,90.1,1386,-1.33,0.11,-1.9213217075160296,1.5923151726786724,0,2,0,5,Bot,,,,3,0,L,R,PHI,LAD,35,4
2025-10-04,660271,596146,FF,97.8,2628,-0.83,1.25,-0.2906718580554993,2.8644762405779876,0,2,0,5,Bot,,,,3,0,L,R,PHI,LAD,35,3
2025-10-04,660271,596146,SL,85.9,2565,0.36,-0.1,-0.9393868934854506,3.246747458778133,0,1,0,5,Bot,,,,3,0,L,R,PHI,LAD,35,2
2025-10-04,660271,596146,SL,85.2,2427,0.16,0.06,-0.4511821124724943,1.3338575372538024,0,0,0,5,Bot,,,,3,0,L,R,PHI,LAD,35,1
2025-10-04,650911,660271,SI,97.1,2250,1.62,0.48,0.1265565673024529,2.386112749017025,1,2,2,5,Top,669743,,,0,3,L,L,PHI,LAD,34,4
2025-10-04,650911,660271,CH,86.3,2178,1.47,-0.35,0.3117285736885915,1.3183841912993493,1,1,2,5,Top,669743,,,0,3,L,L,PHI,LAD,34,3
2025-10-04,650911,660271,SL,86.2,2082,-0.04,0.18,-0.1667564480367454,2.711672103257366,1,0,2,5,Top,669743,,,0,3,L,L,PHI,LAD,34,2
2025-10-04,650911,660271,CH,85.7,2094,1.57,-0.49,0.5233093008408312,1.3172154853254685,0,0,2,5,Top,669743,,,0,3,L,L,PHI,LAD,34,1
2025-10-04,650911,669257,CH,86.9,2098,1.53,-0.53,0.7002510037852658,1.1794972645125874,0,2,1,5,Top,669743,,,0,3,R,L,PHI,LAD,33,3
2025-10-04,650911,669257,CH,86.3,2066,1.55,-0.45,0.7444967782525607,2.3406775431447144,0,1,1,5,Top,669743,,,0,3,R,L,PHI,LAD,33,2
2025-10-04,650911,669257,SI,94.4,2134,1.67,0.23,0.5827582750330296,2.009898505253262,0,0,1,5,Top,669743,,,0,3,R,L,PHI,LAD,33,1
2025-10-04,650911,681624,SI,96.8,2180,1.56,0.3,-0.7395255259525533,1.64156812042906,0,2,0,5,Top,669743,,,0,3,R,L,PHI,LAD,32,3
2025-10-04,650911,681624,SI,95.4,2118,1.55,0.43,-0.9315628958983356,2.3034907428263147,0,1,0,5,Top,669743,,,0,3,R,L,PHI,LAD,32,2
2025-10-04,650911,681624,SI,94.2,2042,1.55,0.3,-0.2677669955731334,2.0495758403456845,0,0,0,5,Top,669743,,,0,3,R,L,PHI,LAD,32,1
2025-10-04,650911,669743,CH,87.1,2037,1.57,-0.27,0.9523183468039818,1.3824202519300286,0,2,0,5,Top,,,,0,3,R,L,PHI,LAD,31,3
2025-10-04,650911,669743,CH,87.5,1982,1.56,-0.12,0.0529592260389859,2.5789962228389354,0,1,0,5,Top,,,,0,3,R,L,PHI,LAD,31,2
2025-10-04,650911,669743,SI,95.1,2112,1.5,0.53,-0.7770526748792637,2.126098124862689,0,0,0,5,Top,,,,0,3,R,L,PHI,LAD,31,1
2025-10-04,660271,592663,SL,88.6,2675,0.32,-0.4,0.1879234011232147,2.3549495618214364,0,2,2,4,Bot,,,,3,0,R,R,PHI,LAD,30,4
2025-10-04,660271,592663,ST,84.9,2654,1.17,0.32,0.1248069196834368,2.7879576894792826,0,2,2,4,Bot,,,,3,0,R,R,PHI,LAD,30,3
2025-10-04,660271,592663,SI,96.4,2273,-0.98,0.62,-0.1903766867848682,2.24507583554992,0,1,2,4,Bot,,,,3,0,R,R,PHI,LAD,30,2
2025-10-04,660271,592663,FF,98.4,2522,-0.49,1.49,0.4276161389178471,2.7495847092017076,0,0,2,4,Bot,,,,3,0,R,R,PHI,LAD,30,1
2025-10-04,660271,669016,CU,81.4,2840,1.04,-1.35,0.5966976286221269,2.312387004868813,1,2,1,4,Bot,,,,3,0,L,R,PHI,LAD,29,4
2025-10-04,660271,669016,CU,78.8,2821,1.42,-0.99,1.106273565550054,0.6027839820379808,1,1,1,4,Bot,,,,3,0,L,R,PHI,LAD,29,3
2025-10-04,660271,669016,FS,89.7,1617,-0.89,0.21,0.6579900457126426,1.320129904621412,0,1,1,4,Bot,,,,3,0,L,R,PHI,LAD,29,2
2025-10-04,660271,669016,FF,98.6,2640,-0.86,1.37,-0.6188909995718016,1.5969788022636802,0,0,1,4,Bot,,,,3,0,L,R,PHI,LAD,29,1
2025-10-04,660271,664761,SL,88.3,2687,0.38,0.03,-0.4217203390157431,1.7958877467072951,2,2,0,4,Bot,,,,3,0,R,R,PHI,LAD,28,5
2025-10-04,660271,664761,ST,87.7,2732,1.25,0.2,1.2022112435429817,1.8312126417273649,1,2,0,4,Bot,,,,3,0,R,R,PHI,LAD,28,4
2025-10-04,660271,664761,SL,88.2,2495,0.2,0.14,0.8429739410567513,0.955058185173101,1,1,0,4,Bot,,,,3,0,R,R,PHI,LAD,28,3
2025-10-04,660271,664761,FF,98.2,2619,-0.71,1.44,-0.453226801714189,3.1162938530146143,1,0,0,4,Bot,,,,3,0,R,R,PHI,LAD,28,2
2025-10-04,660271,664761,FF,97.9,2583,-0.67,1.43,-0.819125421127042,4.138459223270031,0,0,0,4,Bot,,,,3,0,R,R,PHI,LAD,28,1
2025-10-04,650911,571771,CH,87.9,2067,1.42,-0.11,1.1267989851428823,2.1626660378156184,2,2,2,4,Top,,,,0,3,R,L,PHI,LAD,27,5
2025-10-04,650911,571771,CH,87.2,2134,1.54,-0.07,1.672600157838374,1.126290606478077,1,2,2,4,Top,,,,0,3,R,L,PHI,LAD,27,4
2025-10-04,650911,571771,SL,88.2,2232,-0.2,-0.35,-0.8802230514994147,0.8509225163931617,0,2,2,4,Top,,,,0,3,R,L,PHI,LAD,27,3
2025-10-04,650911,571771,CH,86.9,2104,1.47,-0.19,1.1326105234963952,2.744000789757843,0,1,2,4,Top,,,,0,3,R,L,PHI,LAD,27,2
2025-10-04,650911,571771,SI,95.9,2126,1.66,0.32,0.0038934385137183,2.4599289352597085,0,0,2,4,Top,,,,0,3,R,L,PHI,LAD,27,1
2025-10-04,650911,669242,SI,95.4,2091,1.56,0.27,-0.2890004579782426,1.9996144811387444,1,0,1,4,Top,,,,0,3,R,L,PHI,LAD,26,2
2025-10-04,650911,669242,SI,95.3,2037,1.56,0.19,0.8587454278748186,2.755250573762732,0,0,1,4,Top,,,,0,3,R,L,PHI,LAD,26,1
2025-10-04,650911,518692,SI,95.4,2231,1.6,0.49,-0.3301415026134586,1.737058793194057,0,0,0,4,Top,,,,0,3,L,L,PHI,LAD,25,1
2025-10-04,660271,547180,FS,89.9,1494,-1.05,0.37,-0.9336161346493944,2.175732673705143,0,2,2,3,Bot,,,,3,0,L,R,PHI,LAD,24,3
2025-10-04,660271,547180,FF,100.4,2547,-0.79,1.26,-0.0277725913290767,2.5955288049818357,0,1,2,3,Bot,,,,3,0,L,R,PHI,LAD,24,2
2025-10-04,660271,547180,FF,100.3,2576,-0.75,1.35,0.0438792370827805,2.521329512553274,0,0,2,3,Bot,,,,3,0,L,R,PHI,LAD,24,1
2025-10-04,660271,656941,FS,88.6,1377,-1.14,0.02,-0.4903044081986074,1.0439003867687062,1,2,1,3,Bot,,,,3,0,L,R,PHI,LAD,23,4
2025-10-04,660271,656941,FS,90.6,1612,-1.72,0.36,0.3400567170386199,-1.4498211795623848,0,2,1,3,Bot,,,,3,0,L,R,PHI,LAD,23,3
2025-10-04,660271,656941,FS,88.4,1451,-1.08,-0.15,-0.20700544116302,1.9141592022621463,0,1,1,3,Bot,,,,3,0,L,R,PHI,LAD,23,2
2025-10-04,660271,656941,CU,75.5,2587,1.05,-1.42,0.5436960648120285,2.2680682531566596,0,0,1,3,Bot,,,,3,0,L,R,PHI,LAD,23,1
2025-10-04,660271,607208,CU,82.1,2797,0.9,-1.33,0.1625155612031952,2.229698206393607,1,2,0,3,Bot,,,,3,0,R,R,PHI,LAD,22,4
2025-10-04,660271,607208,FF,97.1,2396,-0.6,1.25,-0.6523997664723893,3.354112622062451,1,1,0,3,Bot,,,,3,0,R,R,PHI,LAD,22,3
2025-10-04,660271,607208,FF,98.0,2715,-0.56,1.29,0.3211311246896726,3.07364945312329,1,0,0,3,Bot,,,,3,0,R,R,PHI,LAD,22,2
2025-10-04,660271,607208,FF,98.8,2694,-0.63,1.41,-1.0139234611905517,4.581134704651859,0,0,0,3,Bot,,,,3,0,R,R,PHI,LAD,22,1
2025-10-04,650911,606192,CH,86.5,2001,1.56,-0.48,0.2990900788605763,0.5030419823631362,1,2,2,3,Top,605141,,,0,3,R,L,PHI,LAD,21,6
2025-10-04,650911,606192,SI,96.1,2259,1.56,0.28,-0.3615418290652132,3.0453998623548175,1,2,2,3,Top,605141,,,0,3,R,L,PHI,LAD,21,5
2025-10-04,650911,606192,SI,95.9,2129,1.55,0.25,-0.3342085153464247,2.8417897076693848,1,2,2,3,Top,605141,,,0,3,R,L,PHI,LAD,21,4
2025-10-04,650911,606192,CH,85.9,2031,1.46,-0.23,1.2812027745794794,2.3729973779496403,1,1,2,3,Top,605141,,,0,3,R,L,PHI,LAD,21,3
2025-10-04,650911,606192,CH,85.2,1914,1.3,-0.29,1.9144796040553589,2.6849886389429525,0,1,2,3,Top,605141,,,0,3,R,L,PHI,LAD,21,2
2025-10-04,650911,606192,CH,85.8,2058,1.44,-0.3,0.6913039846385254,1.589402716276633,0,0,2,3,Top,605141,,,0,3,R,L,PHI,LAD,21,1
2025-10-04,650911,605141,CH,87.2,2137,1.58,-0.18,-0.3384074814567614,0.8465649808847435,0,2,1,3,Top,666163,,,0,3,R,L,PHI,LAD,20,3
2025-10-04,650911,605141,CH,87.9,2121,1.49,-0.15,-0.2764086513179404,1.7838910159437478,0,1,1,3,Top,666163,,,0,3,R,L,PHI,LAD,20,2
2025-10-04,650911,605141,SL,86.2,1984,-0.11,0.24,-0.6105560925144567,1.9519895260576752,0,0,1,3,Top,666163,,,0,3,R,L,PHI,LAD,20,1
2025-10-04,650911,660271,SI,95.2,2031,1.68,0.4,-0.3184216946263347,1.7639543783120746,3,2,0,3,Top,666163,,,0,3,L,L,PHI,LAD,19,7
2025-10-04,650911,660271,SI,93.8,2227,1.73,0.53,0.2373623776600915,2.0170414484675314,3,2,0,3,Top,666163,,,0,3,L,L,PHI,LAD,19,6
2025-10-04,650911,660271,SI,95.4,2238,1.67,0.41,-1.2503365990048203,1.3939319174349438,2,2,0,3,Top,666163,,,0,3,L,L,PHI,LAD,19,5
2025-10-04,650911,660271,CH,86.2,2125,1.56,-0.09,-0.1000631473004431,1.1567638143444166,1,2,0,3,Top,666163,,,0,3,L,L,PHI,LAD,19,4
2025-10-04,650911,660271,SI,94.3,2164,1.69,0.42,0.6098589475062308,2.462383254961922,1,1,0,3,Top,666163,,,0,3,L,L,PHI,LAD,19,3
2025-10-04,650911,660271,SL,86.6,1970,-0.17,0.12,-0.6539774379613773,1.1600650901892822,0,1,0,3,Top,666163,,,0,3,L,L,PHI,LAD,19,2
2025-10-04,650911,660271,CH,86.0,2039,1.57,0.19,-0.1500339982126757,2.132075037827131,0,0,0,3,Top,666163,,,0,3,L,L,PHI,LAD,19,1
2025-10-04,650911,666163,SI,94.8,2165,1.62,0.53,1.8597973289311345,2.987579638153509,0,1,0,3,Top,,,,0,3,L,L,PHI,LAD,18,2
2025-10-04,650911,666163,SI,94.3,2122,1.6,0.56,-0.6182869523807097,2.490414105546345,0,0,0,3,Top,,,,0,3,L,L,PHI,LAD,18,1
2025-10-04,660271,681082,FF,99.3,2665,-0.26,1.34,-0.2119530027543251,3.038484370282398,1,2,2,2,Bot,,,,3,0,L,R,PHI,LAD,17,4
2025-10-04,660271,681082,CU,77.9,2662,1.03,-1.05,-0.430069427177286,3.000385098524113,1,1,2,2,Bot,,,,3,0,L,R,PHI,LAD,17,3
2025-10-04,660271,681082,FF,99.0,2575,-0.65,1.35,0.5425467085410234,2.4771257811176906,1,0,2,2,Bot,,,,3,0,L,R,PHI,LAD,17,2
2025-10-04,660271,681082,FF,93.4,2474,-0.8,1.45,-1.084028593709509,2.872819379266172,0,0,2,2,Bot,,,,3,0,L,R,PHI,LAD,17,1
2025-10-04,660271,664056,ST,89.4,2684,0.79,0.6,-0.0881888819246057,2.2800650925448136,0,1,1,2,Bot,,,592663,2,0,R,R,PHI,LAD,16,2
2025-10-04,660271,664056,SL,90.4,2582,0.47,-0.13,-0.1051064773925009,2.336982542857738,0,0,1,2,Bot,,,592663,2,0,R,R,PHI,LAD,16,1
2025-10-04,660271,596146,SL,90.1,2762,0.17,0.2,0.1387644439186468,2.1898377087960332,2,2,0,2,Bot,,,592663,2,0,L,R,PHI,LAD,15,5
2025-10-04,660271,596146,FF,99.7,2646,-0.16,1.31,1.5733642061079118,2.2003324104886177,2,1,0,2,Bot,,,592663,2,0,L,R,PHI,LAD,15,4
2025-10-04,660271,596146,CU,78.7,2776,1.08,-1.3,0.992309492816111,1.75921828896716,1,1,0,2,Bot,,,592663,2,0,L,R,PHI,LAD,15,3
2025-10-04,660271,596146,CU,78.6,2725,0.85,-1.24,0.0912458847618317,2.88537892244912,1,0,0,2,Bot,,,592663,2,0,L,R,PHI,LAD,15,2
2025-10-04,660271,596146,FF,101.4,2597,-0.75,1.27,0.3938678111847173,1.3151672756815258,0,0,0,2,Bot,,,592663,2,0,L,R,PHI,LAD,15,1
2025-10-04,660271,592663,FF,100.2,2725,-0.46,1.54,-0.0334685047132521,2.679604687978278,1,0,0,2,Bot,669016,664761,,0,0,R,R,PHI,LAD,14,2
2025-10-04,660271,592663,SL,89.6,2698,0.2,0.29,0.3257766389265551,1.3915178704406863,0,0,0,2,Bot,669016,664761,,0,0,R,R,PHI,LAD,14,1
2025-10-04,660271,669016,FF,100.0,2639,-0.35,1.51,-0.1140457242955096,1.9775380186664189,2,2,0,2,Bot,664761,,,0,0,L,R,PHI,LAD,13,5
2025-10-04,660271,669016,FF,98.3,2575,-0.36,1.48,-0.3344483629595321,2.337598876723948,2,1,0,2,Bot,664761,,,0,0,L,R,PHI,LAD,13,4
2025-10-04,660271,669016,FF,99.2,2527,-0.56,1.42,-1.2451115391953973,2.4867273412668003,1,1,0,2,Bot,664761,,,0,0,L,R,PHI,LAD,13,3
2025-10-04,660271,669016,FF,98.8,2590,-0.64,1.53,0.1999329814152277,1.7751392037374014,1,0,0,2,Bot,664761,,,0,0,L,R,PHI,LAD,13,2
2025-10-04,660271,669016,CU,76.7,2785,0.9,-1.33,0.548919856180461,1.4845355904969342,0,0,0,2,Bot,664761,,,0,0,L,R,PHI,LAD,13,1
2025-10-04,660271,664761,FF,98.0,2654,-0.33,1.27,-1.1387511192727375,2.2920206491572586,3,2,0,2,Bot,,,,0,0,R,R,PHI,LAD,12,6
2025-10-04,660271,664761,FF,97.8,2634,-0.22,1.35,0.3341077868903582,2.1800422000644057,3,1,0,2,Bot,,,,0,0,R,R,PHI,LAD,12,5
2025-10-04,660271,664761,FC,94.9,2714,0.23,0.72,0.8963124990759992,1.7084034457479804,2,1,0,2,Bot,,,,0,0,R,R,PHI,LAD,12,4
2025-10-04,660271,664761,ST,88.2,2732,1.3,0.7,1.9489840928021416,2.1544765635298524,1,1,0,2,Bot,,,,0,0,R,R,PHI,LAD,12,3
2025-10-04,660271,664761,FF,98.4,2565,-0.46,1.32,-0.708671118971682,2.6382180903079235,1,0,0,2,Bot,,,,0,0,R,R,PHI,LAD,12,2
2025-10-04,660271,664761,SI,96.8,2321,-1.47,0.94,1.01734314033723,0.5507218567605208,0,0,0,2,Bot,,,,0,0,R,R,PHI,LAD,12,1
2025-10-04,650911,681624,SI,95.9,2241,1.57,0.33,-1.0787672245770137,2.077842192666187,2,2,2,2,Top,669743,669242,,0,0,R,L,PHI,LAD,11,5
2025-10-04,650911,681624,SI,96.1,2160,1.52,0.21,-1.4781445110592917,2.242349350697535,1,2,2,2,Top,669743,669242,,0,0,R,L,PHI,LAD,11,4
2025-10-04,650911,681624,CH,87.0,2154,1.69,0.01,0.8129559805146154,0.7814154917223997,0,2,2,2,Top,669743,669242,,0,0,R,L,PHI,LAD,11,3
2025-10-04,650911,681624,SI,95.1,2201,1.66,0.15,-0.7768947344343082,2.536364204620676,0,1,2,2,Top,669743,669242,,0,0,R,L,PHI,LAD,11,2
2025-10-04,650911,681624,SL,85.8,1978,-0.04,0.28,0.8363961813320631,3.098353906749186,0,0,2,2,Top,669743,669242,,0,0,R,L,PHI,LAD,11,1
2025-10-04,650911,669743,CH,87.4,2121,1.63,0.12,-0.7479341274925908,0.277624794710209,3,2,2,2,Top,,669242,,0,0,R,L,PHI,LAD,10,6
2025-10-04,650911,669743,SI,95.8,2139,1.41,0.39,-1.2356649658505263,2.899073285336906,2,2,2,2,Top,,669242,,0,0,R,L,PHI,LAD,10,5
2025-10-04,650911,669743,SI,95.3,2119,1.58,0.24,0.1879021917873837,2.2797481742386836,2,1,2,2,Top,,669242,,0,0,R,L,PHI,LAD,10,4
2025-10-04,650911,669743,CH,87.5,2133,1.71,-0.06,-0.8325489564122723,-0.1261986641611341,1,1,2,2,Top,,669242,,0,0,R,L,PHI,LAD,10,3
2025-10-04,650911,669743,SI,95.9,2168,1.68,0.28,-1.80736375025527,2.009251845332156,0,1,2,2,Top,,669242,,0,0,R,L,PHI,LAD,10,2
2025-10-04,650911,669743,SI,94.8,2122,1.66,0.31,0.2566533530712378,2.9507300607844025,0,0,2,2,Top,,669242,,0,0,R,L,PHI,LAD,10,1
2025-10-04,650911,571771,CH,86.4,1988,1.54,-0.2,0.3246010109641837,1.46494547159274,3,2,1,2,Top,669242,,,0,0,R,L,PHI,LAD,9,6
2025-10-04,650911,571771,CH,86.0,2110,1.55,0.1,-0.5512281950148714,0.705297130700409,2,2,1,2,Top,669242,,,0,0,R,L,PHI,LAD,9,5
2025-10-04,650911,571771,CH,85.2,2029,1.4,0.13,1.0839547290445597,0.0072000030709737,1,2,1,2,Top,669242,,,0,0,R,L,PHI,LAD,9,4
2025-10-04,650911,571771,SI,95.1,2151,1.61,0.2,-0.1264247856179985,2.488641048168322,1,1,1,2,Top,669242,,,0,0,R,L,PHI,LAD,9,3
2025-10-04,650911,571771,SI,94.8,2135,1.55,0.16,-0.4735948482148089,1.302999718027229,0,1,1,2,Top,669242,,,0,0,R,L,PHI,LAD,9,2
2025-10-04,650911,571771,SL,86.5,2009,-0.08,0.31,-0.751031381742041,1.6757244542300258,0,0,1,2,Top,669242,,,0,0,R,L,PHI,LAD,9,1
2025-10-04,650911,669242,SI,95.5,2195,1.67,0.47,0.0457762179781318,1.9276485292426304,1,1,0,2,Top,518692,,,0,0,R,L,PHI,LAD,8,3
2025-10-04,650911,669242,SI,95.7,2175,1.62,0.48,-1.153283310719291,2.414686828264597,0,1,0,2,Top,518692,,,0,0,R,L,PHI,LAD,8,2
2025-10-04,650911,669242,CH,85.8,2123,1.54,0.02,-0.5295878408158126,1.6948840994119112,0,0,0,2,Top,518692,,,0,0,R,L,PHI,LAD,8,1
2025-10-04,650911,518692,SI,95.2,2087,1.54,0.38,0.1870517776919642,3.1766049846714113,2,1,0,2,Top,,,,0,0,L,L,PHI,LAD,7,4
2025-10-04,650911,518692,SL,86.8,2009,-0.2,0.3,-1.0332869957132436,1.3708146453810728,1,1,0,2,Top,,,,0,0,L,L,PHI,LAD,7,3
2025-10-04,650911,518692,SL,87.6,2245,-0.11,-0.46,-0.4879119829903152,1.1035260808721934,0,1,0,2,Top,,,,0,0,L,L,PHI,LAD,7,2
2025-10-04,650911,518692,SI,95.4,2089,1.6,0.49,0.6556475694787101,3.415942286112152,0,0,0,2,Top,,,,0,0,L,L,PHI,LAD,7,1
2025-10-04,660271,547180,SL,89.8,2557,0.26,0.07,-0.0676485240187835,2.6965309979360295,0,1,2,1,Bot,,,,0,0,L,R,PHI,LAD,6,2
2025-10-04,660271,547180,FF,99.4,2474,-0.51,1.36,-0.2539430769939772,3.407521330019266,0,0,2,1,Bot,,,,0,0,L,R,PHI,LAD,6,1
2025-10-04,660271,656941,FF,99.0,2699,-0.46,1.4,0.5660927346670017,2.6517063390881574,2,2,1,1,Bot,,,,0,0,L,R,PHI,LAD,5,5
2025-10-04,660271,656941,CU,82.0,2856,1.05,-1.24,0.8891855361667653,1.4432663064172069,1,2,1,1,Bot,,,,0,0,L,R,PHI,LAD,5,4
2025-10-04,660271,656941,FF,98.8,2777,-0.35,1.19,1.116630384276106,3.927473928591572,0,2,1,1,Bot,,,,0,0,L,R,PHI,LAD,5,3
2025-10-04,660271,656941,FF,99.1,2724,-0.44,1.23,0.5504249501115992,3.380011088966393,0,1,1,1,Bot,,,,0,0,L,R,PHI,LAD,5,2
2025-10-04,660271,656941,FF,99.8,2616,-0.5,1.33,0.0939779746704038,2.929692780593741,0,0,1,1,Bot,,,,0,0,L,R,PHI,LAD,5,1
2025-10-04,660271,607208,ST,87.7,2880,1.28,0.54,0.7286157674170635,2.8801862208748417,2,2,0,1,Bot,,,,0,0,R,R,PHI,LAD,4,5
2025-10-04,660271,607208,SL,91.4,2678,0.29,0.14,1.020924957804471,2.320470451530437,1,2,0,1,Bot,,,,0,0,R,R,PHI,LAD,4,4
2025-10-04,660271,607208,FF,97.6,2625,-0.47,1.47,-0.0024200449245073,3.224628998538713,1,1,0,1,Bot,,,,0,0,R,R,PHI,LAD,4,3
2025-10-04,660271,607208,ST,88.8,2794,0.84,0.58,1.53876774325178,2.8448067109922572,0,1,0,1,Bot,,,,0,0,R,R,PHI,LAD,4,2
2025-10-04,660271,607208,ST,84.2,2666,0.43,0.82,-0.2347381972422614,2.864435876626277,0,0,0,1,Bot,,,,0,0,R,R,PHI,LAD,4,1
2025-10-04,650911,606192,CH,87.9,2034,1.65,-0.09,0.2734583845557361,0.9098837873439378,1,2,2,1,Top,,,,0,0,R,L,PHI,LAD,3,4
2025-10-04,650911,606192,CH,89.3,2090,1.75,-0.28,-0.0243238719700402,-0.0593934047790112,0,2,2,1,Top,,,,0,0,R,L,PHI,LAD,3,3
2025-10-04,650911,606192,SL,86.7,2180,0.06,0.24,-0.3522289511357068,0.6408187870781026,0,1,2,1,Top,,,,0,0,R,L,PHI,LAD,3,2
2025-10-04,650911,606192,SI,95.0,2186,1.73,0.36,0.373863101761734,2.1605832282561908,0,0,2,1,Top,,,,0,0,R,L,PHI,LAD,3,1
2025-10-04,650911,605141,CH,86.8,1990,1.57,0.02,0.2951924345979535,1.7412262526745343,1,0,1,1,Top,,,,0,0,R,L,PHI,LAD,2,2
2025-10-04,650911,605141,SI,95.3,2045,1.65,0.37,-0.6988606270236288,1.081515489752536,0,0,1,1,Top,,,,0,0,R,L,PHI,LAD,2,1
2025-10-04,650911,660271,CH,88.3,2074,1.63,0.08,1.3286931549477328,1.6895873986550405,0,2,0,1,Top,,,,0,0,L,L,PHI,LAD,1,3
2025-10-04,650911,660271,CH,86.6,2002,1.6,0.01,0.8244043112168604,1.2896541415461562,0,1,0,1,Top,,,,0,0,L,L,PHI,LAD,1,2
2025-10-04,650911,660271,SI,94.8,1984,1.59,0.49,0.8154448181272937,2.1314502283062637,0,0,0,1,Top,,,,0,0,L,L,PHI,LAD,1,1
2025-10-04,683232,694208,SL,85.0,2604,0.31,-0.52,0.1353028054135474,1.5857043896167036,2,2,2,9,Top,,,621020,3,9,L,R,MIL,CHC,78,6
2025-10-04,683232,694208,FF,95.9,2225,-0.43,1.42,-0.2871726117979334,2.4525879776176307,2,2,2,9,Top,,,621020,3,9,L,R,MIL,CHC,78,5
2025-10-04,683232,694208,FF,95.8,2426,-0.27,1.77,0.4275758620778139,1.9072659143604744,2,1,2,9,Top,,,621020,3,9,L,R,MIL,CHC,78,4
2025-10-04,683232,694208,FF,95.1,2449,-0.21,1.71,0.5499274716545834,1.4251420220492448,1,1,2,9,Top,,,621020,3,9,L,R,MIL,CHC,78,3
2025-10-04,683232,694208,SL,85.8,2667,0.39,-0.58,-0.1028333753328102,2.023093647628476,1,0,2,9,Top,,,621020,3,9,L,R,MIL,CHC,78,2
2025-10-04,683232,694208,SL,86.0,2667,0.07,-0.44,-0.8610374202423327,1.166702285151437,0,0,2,9,Top,,621020,,3,9,L,R,MIL,CHC,78,1
2025-10-04,683232,621020,SL,84.3,2528,0.41,-0.17,0.4837925911526959,2.883744747944593,2,2,2,9,Top,,,,3,9,R,R,MIL,CHC,77,6
2025-10-04,683232,621020,SL,86.6,2626,0.09,-0.07,0.9713702776415454,2.5627204331066435,1,2,2,9,Top,,,,3,9,R,R,MIL,CHC,77,5
2025-10-04,683232,621020,SL,85.9,2587,0.05,-0.23,0.7932589948459589,1.1175846160948488,0,2,2,9,Top,,,,3,9,R,R,MIL,CHC,77,4
2025-10-04,683232,621020,FF,95.9,2326,-0.43,1.48,0.1842088865083759,3.5625646621498466,0,2,2,9,Top,,,,3,9,R,R,MIL,CHC,77,3
2025-10-04,683232,621020,FF,96.7,2475,-0.7,1.48,0.795301592071426,2.388384911842822,0,1,2,9,Top,,,,3,9,R,R,MIL,CHC,77,2
2025-10-04,683232,621020,FF,96.6,2403,-0.58,1.61,-0.2966370326535273,3.2939558431715636,0,0,2,9,Top,,,,3,9,R,R,MIL,CHC,77,1
2025-10-04,683232,691718,FF,96.7,2364,-0.28,1.53,-0.0795737545229524,1.647733224309015,0,2,1,9,Top,,,,3,9,L,R,MIL,CHC,76,4
2025-10-04,683232,691718,FF,96.3,2419,-0.43,1.57,0.005652721274769,3.118121880334931,0,2,1,9,Top,,,,3,9,L,R,MIL,CHC,76,3
2025-10-04,683232,691718,SL,86.2,2597,0.32,-0.18,-0.0487823815877755,1.0075108744427892,0,1,1,9,Top,,,,3,9,L,R,MIL,CHC,76,2
2025-10-04,683232,691718,FF,95.8,2262,-0.66,1.39,-1.0046562098379532,1.7054572358903608,0,0,1,9,Top,,,,3,9,L,R,MIL,CHC,76,1
2025-10-04,683232,608348,FF,96.2,2366,-0.42,1.51,-0.0855722165475302,3.2970615474563507,1,2,0,9,Top,,,,3,9,R,R,MIL,CHC,75,4
2025-10-04,683232,608348,SL,85.6,2594,0.1,-0.13,-1.2078483403495848,2.1308482037699528,1,1,0,9,Top,,,,3,9,R,R,MIL,CHC,75,3
2025-10-04,683232,608348,SL,86.4,2502,0.07,-0.12,0.1342437976515042,1.7271577683401698,1,0,0,9,Top,,,,3,9,R,R,MIL,CHC,75,2
2025-10-04,683232,608348,SL,87.4,2445,0.15,0.12,0.1648192937129795,1.2672779845572784,0,0,0,9,Top,,,,3,9,R,R,MIL,CHC,75,1
2025-10-04,676962,686217,FF,97.6,2196,-0.46,1.55,-0.3029973248461577,2.0106246407188295,1,1,2,8,Bot,641343,,592885,9,3,L,R,MIL,CHC,74,3
2025-10-04,676962,686217,KC,90.0,2353,0.05,-0.02,-0.0138758733593192,1.3833074207660614,1,0,2,8,Bot,641343,,592885,9,3,L,R,MIL,CHC,74,2
2025-10-04,676962,686217,FF,97.0,2295,-0.4,1.45,0.1982812383149467,0.7181426425869185,0,0,2,8,Bot,641343,,592885,9,3,L,R,MIL,CHC,74,1
2025-10-04,676962,641343,KC,90.5,2311,0.27,-0.17,0.370074670687331,1.0696103916763735,3,2,2,8,Bot,,592885,,9,3,L,R,MIL,CHC,73,7
2025-10-04,676962,641343,KC,89.1,2367,0.42,-0.25,-0.0629358136753537,0.7038279046609364,2,2,2,8,Bot,,592885,,9,3,L,R,MIL,CHC,73,6
2025-10-04,676962,641343,FF,97.1,2316,-0.52,1.32,-0.5388084751184449,3.1937881181403904,2,2,2,8,Bot,,592885,,9,3,L,R,MIL,CHC,73,5
2025-10-04,676962,641343,FF,96.2,2230,-0.66,1.13,-2.171677009141918,4.532201770168436,1,2,2,8,Bot,592885,,,9,3,L,R,MIL,CHC,73,4
2025-10-04,676962,641343,KC,88.6,2397,0.22,-0.21,0.0659719286785323,1.9849718223427617,1,1,2,8,Bot,592885,,,9,3,L,R,MIL,CHC,73,3
2025-10-04,676962,641343,FF,97.5,2348,-0.32,1.25,-0.5644920912493334,4.132128007960563,0,1,2,8,Bot,592885,,,9,3,L,R,MIL,CHC,73,2
2025-10-04,676962,641343,KC,88.0,2402,0.34,-0.21,0.539396015836579,2.489855005779612,0,0,2,8,Bot,592885,,,9,3,L,R,MIL,CHC,73,1
2025-10-04,676962,592885,FF,96.1,2235,-0.27,1.26,-1.4834934039310523,4.543849890552738,3,2,2,8,Bot,,,,9,3,L,R,MIL,CHC,72,6
2025-10-04,676962,592885,FF,96.0,2222,-0.25,1.36,0.2489932217673015,2.913943567324893,3,1,2,8,Bot,,,,9,3,L,R,MIL,CHC,72,5
2025-10-04,676962,592885,FF,96.6,2165,-0.25,1.43,-0.9149946028696998,3.4806928094277856,2,1,2,8,Bot,,,,9,3,L,R,MIL,CHC,72,4
2025-10-04,676962,592885,CH,92.0,1321,-0.57,0.58,-2.1457768725981725,3.521336554867706,1,1,2,8,Bot,,,,9,3,L,R,MIL,CHC,72,3
2025-10-04,676962,592885,KC,88.8,2341,0.44,-0.25,0.4952142569851506,0.6927894392715808,0,1,2,8,Bot,,,,9,3,L,R,MIL,CHC,72,2
2025-10-04,676962,592885,KC,88.0,2304,0.3,-0.3,-0.1472596599931078,0.9258375292188874,0,0,2,8,Bot,,,,9,3,L,R,MIL,CHC,72,1
2025-10-04,676962,661388,KC,87.7,2265,0.29,-0.14,-0.5820845048117391,2.4163726268287924,2,0,1,8,Bot,,,,9,3,R,R,MIL,CHC,71,3
2025-10-04,676962,661388,FF,96.8,2266,-0.37,1.4,-0.5726866572372575,4.21307823531677,1,0,1,8,Bot,,,,9,3,R,R,MIL,CHC,71,2
2025-10-04,676962,661388,KC,88.1,2376,0.43,-0.32,0.7819988642828888,1.750383004328381,0,0,1,8,Bot,,,,9,3,R,R,MIL,CHC,71,1
2025-10-04,676962,668930,KC,88.7,2458,0.05,-0.13,0.3640956133172356,1.6678557707783104,2,2,0,8,Bot,,,,9,3,L,R,MIL,CHC,70,6
2025-10-04,676962,668930,FF,97.0,2300,-0.41,1.49,-0.0282922623470876,4.196360164934733,1,2,0,8,Bot,,,,9,3,L,R,MIL,CHC,70,5
2025-10-04,676962,668930,FF,96.3,2131,-0.5,1.25,-0.8695645930951983,3.8845468670955023,1,2,0,8,Bot,,,,9,3,L,R,MIL,CHC,70,4
2025-10-04,676962,668930,KC,89.5,2324,0.33,-0.01,-0.1330195875461224,1.3801435012341563,1,1,0,8,Bot,,,,9,3,L,R,MIL,CHC,70,3
2025-10-04,676962,668930,CH,92.7,1213,-0.87,0.5,-0.3850786854785355,-0.2093536638287616,0,1,0,8,Bot,,,,9,3,L,R,MIL,CHC,70,2
2025-10-04,676962,668930,KC,89.9,2146,0.2,0.25,-0.7052552021152907,1.9779112010332436,0,0,0,8,Bot,,,,9,3,L,R,MIL,CHC,70,1
2025-10-04,657649,664023,CH,83.8,1748,1.57,0.34,0.5147050808278861,1.545513273959862,0,1,2,8,Top,,,,3,9,R,L,MIL,CHC,69,2
2025-10-04,657649,664023,SI,97.1,2231,1.25,1.11,-0.1215049210658463,1.5473305244799764,0,0,2,8,Top,,,,3,9,R,L,MIL,CHC,69,1
2025-10-04,657649,673548,SI,97.8,2424,1.08,0.9,0.0160880093769022,2.8101336747629913,2,2,1,8,Top,,,,3,9,R,L,MIL,CHC,68,5
2025-10-04,657649,673548,SI,99.0,2500,1.11,0.96,1.0321440661626624,3.6154370008314207,1,2,1,8,Top,,,,3,9,R,L,MIL,CHC,68,4
2025-10-04,657649,673548,SI,96.1,2357,1.35,0.8,-0.0968842931543827,2.716464995499467,1,1,1,8,Top,,,,3,9,R,L,MIL,CHC,68,3
2025-10-04,657649,673548,SI,95.5,2382,1.28,1.05,0.4727154869077949,2.916340720207713,1,0,1,8,Top,,,,3,9,R,L,MIL,CHC,68,2
2025-10-04,657649,673548,CH,87.0,1764,1.34,0.76,-0.9548500783221658,1.6208291066050955,0,0,1,8,Top,,,,3,9,R,L,MIL,CHC,68,1
2025-10-04,657649,663656,SI,97.0,2521,1.14,1.29,-0.1488104743701637,2.5659339050897585,1,2,0,8,Top,,,,3,9,L,L,MIL,CHC,67,4
2025-10-04,657649,663656,SI,96.8,2490,1.18,1.16,-0.3900324540719664,1.5955885142692456,1,1,0,8,Top,,,,3,9,L,L,MIL,CHC,67,3
2025-10-04,657649,663656,SI,96.0,2466,0.97,1.18,-0.274005185756914,3.209326490599336,1,0,0,8,Top,,,,3,9,L,L,MIL,CHC,67,2
2025-10-04,657649,663656,SI,96.5,2435,1.01,1.3,-1.1823984700319707,1.6664889615095706,0,0,0,8,Top,,,,3,9,L,L,MIL,CHC,67,1
2025-10-04,657649,663538,FF,96.3,2440,0.39,1.41,-0.1552034323853389,3.2901722593663254,1,2,0,8,Top,,,,2,9,R,L,MIL,CHC,66,6
2025-10-04,657649,663538,CU,81.4,2525,-0.95,-0.73,0.5657730891420069,0.0947583988830711,0,2,0,8,Top,,,,2,9,R,L,MIL,CHC,66,5
2025-10-04,657649,663538,SI,98.1,2444,1.45,1.15,0.5417025811221936,1.8616351419018144,0,2,0,8,Top,,,,2,9,R,L,MIL,CHC,66,4
2025-10-04,657649,663538,CH,85.5,1829,1.5,0.5,-0.3725471094775858,1.258814334554982,0,2,0,8,Top,,,,2,9,R,L,MIL,CHC,66,3
2025-10-04,657649,663538,SI,97.1,2377,1.27,1.13,0.4417056471565392,2.476784849652679,0,1,0,8,Top,,,,2,9,R,L,MIL,CHC,66,2
2025-10-04,657649,663538,SI,94.8,2291,1.51,1.14,-0.659524486997257,2.0715059042398085,0,0,0,8,Top,,,,2,9,R,L,MIL,CHC,66,1
2025-10-04,676962,686555,FF,98.3,2388,-0.62,1.31,0.0106119726216459,2.3697188200554447,0,1,2,7,Bot,,663368,,9,2,L,R,MIL,CHC,65,2
2025-10-04,676962,686555,FF,97.0,2344,-0.57,1.32,0.1258220863674042,2.634054419675769,0,0,2,7,Bot,,663368,,9,2,L,R,MIL,CHC,65,1
2025-10-04,676962,687401,KC,89.2,2487,0.23,-0.28,0.6683415358634696,1.2528003001698158,1,2,1,7,Bot,,663368,,9,2,R,R,MIL,CHC,64,4
2025-10-04,676962,687401,FF,98.0,2418,-0.67,1.48,-0.0136945679968399,1.7872414414674858,1,1,1,7,Bot,,663368,,9,2,R,R,MIL,CHC,64,3
2025-10-04,676962,687401,FF,95.9,2224,-0.43,1.38,-0.3707379942015955,2.66060397466906,1,0,1,7,Bot,,663368,,9,2,R,R,MIL,CHC,64,2
2025-10-04,676962,687401,KC,87.7,2340,0.22,-0.04,1.198822775702704,-0.2373787899370429,0,0,1,7,Bot,,663368,,9,2,R,R,MIL,CHC,64,1
2025-10-04,676962,663368,FF,96.9,2232,-0.6,1.28,0.5504698717929037,3.0246402169707727,3,2,1,7,Bot,,,,9,2,L,R,MIL,CHC,63,8
2025-10-04,676962,663368,KC,90.2,2207,-0.07,-0.1,-0.1122913884350001,1.2158333763611338,3,2,1,7,Bot,,,,9,2,L,R,MIL,CHC,63,7
2025-10-04,676962,663368,FF,96.3,2236,-0.5,1.33,-0.6581715671636033,2.2790413614019185,3,2,1,7,Bot,,,,9,2,L,R,MIL,CHC,63,6
2025-10-04,676962,663368,FF,97.5,2275,-0.53,1.4,0.0713940932663694,1.9118318921473707,3,1,1,7,Bot,,,,9,2,L,R,MIL,CHC,63,5
2025-10-04,676962,663368,FF,97.1,2253,-0.26,1.62,1.354118433790835,2.060412168723058,2,1,1,7,Bot,,,,9,2,L,R,MIL,CHC,63,4
2025-10-04,676962,663368,FF,98.5,2285,-0.36,1.65,0.0158839221388122,1.5759946554321358,1,1,1,7,Bot,,,,9,2,L,R,MIL,CHC,63,3
2025-10-04,676962,663368,KC,89.8,2370,0.28,-0.12,-0.1721907771097022,1.1687576821329193,0,1,1,7,Bot,,,,9,2,L,R,MIL,CHC,63,2
2025-10-04,676962,663368,KC,90.1,2318,0.37,-0.04,0.448954572099335,1.084655907456277,0,0,1,7,Bot,,,,9,2,L,R,MIL,CHC,63,1
2025-10-04,676962,702332,KC,89.4,2223,0.21,-0.01,0.4566672612667855,1.05759143275478,1,2,0,7,Bot,,,,9,2,R,R,MIL,CHC,62,4
2025-10-04,676962,702332,KC,90.4,2225,0.38,-0.02,-0.2050316275304257,0.3701697137644975,0,2,0,7,Bot,,,,9,2,R,R,MIL,CHC,62,3
2025-10-04,676962,702332,KC,89.4,2296,0.48,-0.17,0.925215517642722,0.9776912482349482,0,1,0,7,Bot,,,,9,2,R,R,MIL,CHC,62,2
2025-10-04,676962,702332,FF,95.9,2260,-0.51,1.54,-0.747116353938832,2.8835751102259577,0,0,0,7,Bot,,,,9,2,R,R,MIL,CHC,62,1
2025-10-04,676879,683737,SI,98.8,1969,1.16,0.51,0.4413365498135947,2.586232876332503,2,2,2,7,Top,,,,2,9,L,L,MIL,CHC,61,5
2025-10-04,676879,683737,FF,98.7,2157,0.39,1.28,-0.195323551327933,4.2748948758884,1,2,2,7,Top,,,,2,9,L,L,MIL,CHC,61,4
2025-10-04,676879,683737,SL,85.5,2727,-0.71,-0.66,-0.6663358769103107,2.4770455318265467,1,1,2,7,Top,,,,2,9,L,L,MIL,CHC,61,3
2025-10-04,676879,683737,SI,99.0,2064,1.01,0.66,-0.3850560216891989,2.3562124369964685,1,0,2,7,Top,,,,2,9,L,L,MIL,CHC,61,2
2025-10-04,676879,683737,SI,98.7,1990,1.42,0.62,1.1259254950645516,1.242568735789493,0,0,2,7,Top,,,,2,9,L,L,MIL,CHC,61,1
2025-10-04,676879,807713,SI,99.1,2067,1.07,0.68,0.1868201933141153,1.6334415749285605,1,2,1,7,Top,,,,2,9,R,L,MIL,CHC,60,5
2025-10-04,676879,807713,FF,98.6,2356,0.41,1.18,-0.3171930115164765,2.455142405599595,1,2,1,7,Top,,,,2,9,R,L,MIL,CHC,60,4
2025-10-04,676879,807713,CU,84.2,2678,-0.82,-1.36,1.0509798538660653,2.4568734902304765,0,2,1,7,Top,,,,2,9,R,L,MIL,CHC,60,3
2025-10-04,676879,807713,CU,85.5,2939,-0.46,-1.57,-0.4374970082946173,-0.7021830250090528,0,1,1,7,Top,,,,2,9,R,L,MIL,CHC,60,2
2025-10-04,676879,807713,SI,98.5,2149,1.35,0.55,0.1121208375926592,0.920451433242852,0,0,1,7,Top,,,,2,9,R,L,MIL,CHC,60,1
2025-10-04,676879,621020,FF,98.0,2243,0.22,1.23,-0.6046379394177805,3.018624832138299,1,2,0,7,Top,,,,2,9,R,L,MIL,CHC,59,4
2025-10-04,676879,621020,CH,92.3,2055,1.29,0.25,0.2158328395192958,3.282006342077819,1,1,0,7,Top,,,,2,9,R,L,MIL,CHC,59,3
2025-10-04,676879,621020,SI,98.1,2118,1.23,0.5,0.6142737772235637,2.609111853042995,1,0,0,7,Top,,,,2,9,R,L,MIL,CHC,59,2
2025-10-04,676879,621020,CU,82.1,2697,-0.78,-1.41,1.331498186834962,4.241739623778127,0,0,0,7,Top,,,,2,9,R,L,MIL,CHC,59,1
2025-10-04,650644,686217,SI,94.1,2440,-1.2,0.98,0.3190192965713756,3.4922586397387025,1,2,2,6,Bot,,,,9,2,L,R,MIL,CHC,58,4
2025-10-04,650644,686217,CU,79.5,3317,1.22,-1.15,0.5706761340170594,-0.6869741989759333,0,2,2,6,Bot,,,,9,2,L,R,MIL,CHC,58,3
2025-10-04,650644,686217,CU,79.1,3224,1.13,-1.2,-0.0241909877337945,1.5929025093041205,0,1,2,6,Bot,,,,9,2,L,R,MIL,CHC,58,2
2025-10-04,650644,686217,FF,93.0,2489,-0.55,1.48,0.1682364711681667,3.365240942968583,0,0,2,6,Bot,,,,9,2,L,R,MIL,CHC,58,1
2025-10-04,650644,683734,SI,92.2,2225,-1.05,1.25,-0.3026004096791781,3.252635603056065,0,0,1,6,Bot,,,,9,2,R,R,MIL,CHC,57,1
2025-10-04,650644,592885,CU,79.0,3263,1.16,-1.23,-0.1203079762278682,2.5406233983877105,2,1,0,6,Bot,,,,9,2,L,R,MIL,CHC,56,4
2025-10-04,650644,592885,FC,90.3,2718,0.42,1.17,0.0331932986480398,1.6924228419935172,2,0,0,6,Bot,,,,9,2,L,R,MIL,CHC,56,3
2025-10-04,650644,592885,FC,89.8,2730,0.55,1.23,1.173601194087458,4.222657197012145,1,0,0,6,Bot,,,,9,2,L,R,MIL,CHC,56,2
2025-10-04,650644,592885,FF,92.4,2474,-0.8,1.51,-1.7011019824953513,2.7513236316742997,0,0,0,6,Bot,,,,9,2,L,R,MIL,CHC,56,1
2025-10-04,676879,691718,SI,99.6,2123,1.25,0.54,-0.2159216768532978,2.9977049958083923,1,0,2,6,Top,608348,,,2,9,L,L,MIL,CHC,55,2
2025-10-04,676879,691718,SI,98.9,2167,1.18,0.61,0.5336942598846073,3.552248421493014,0,0,2,6,Top,608348,,,2,9,L,L,MIL,CHC,55,1
2025-10-04,642547,608348,CH,88.5,2042,-1.3,0.25,0.084409792798789,2.459746751940203,1,1,2,6,Top,,,,2,9,R,R,MIL,CHC,54,3
2025-10-04,642547,608348,CH,89.4,2053,-1.33,0.31,0.2609279763465966,1.9579975167435248,1,0,2,6,Top,,,,2,9,R,R,MIL,CHC,54,2
2025-10-04,642547,608348,FF,95.1,2454,-0.38,1.03,1.4144749724621906,2.3601856994865473,0,0,2,6,Top,,,,2,9,R,R,MIL,CHC,54,1
2025-10-04,642547,664023,FF,96.5,2476,-0.17,1.29,-0.0308578843630503,2.2914855418501783,1,2,2,6,Top,,,,1,9,L,R,MIL,CHC,53,4
2025-10-04,642547,664023,CS,74.4,2411,0.61,-0.81,-0.0354078032385414,0.2565175720189367,0,2,2,6,Top,,,,1,9,L,R,MIL,CHC,53,3
2025-10-04,642547,664023,FF,94.5,2368,-0.64,1.13,-0.068606539122148,3.313399887366719,0,1,2,6,Top,,,,1,9,L,R,MIL,CHC,53,2
2025-10-04,642547,664023,SL,81.8,2337,0.24,0.04,-0.0387208060179983,1.5721321588922943,0,0,2,6,Top,,,,1,9,L,R,MIL,CHC,53,1
2025-10-04,642547,673548,CH,88.2,1906,-1.38,0.2,0.1484808125573553,2.0029401041173993,2,1,1,6,Top,,,,1,9,R,R,MIL,CHC,52,4
2025-10-04,642547,673548,CS,75.1,2191,0.37,-0.77,-2.2344656406254644,4.189500742267326,1,1,1,6,Top,,,,1,9,R,R,MIL,CHC,52,3
2025-10-04,642547,673548,CH,89.0,2139,-1.47,0.21,-0.1955506343033266,1.7176156449463549,1,0,1,6,Top,,,,1,9,R,R,MIL,CHC,52,2
2025-10-04,642547,673548,CH,88.9,2076,-1.45,0.16,-1.2090354670405834,1.817637437258148,0,0,1,6,Top,,,,1,9,R,R,MIL,CHC,52,1
2025-10-04,642547,663656,CU,75.7,2257,0.47,-0.55,-0.9960641557706876,2.0410146182526754,2,2,0,6,Top,,,,1,9,L,R,MIL,CHC,51,5
2025-10-04,642547,663656,CU,78.0,2172,0.13,-0.43,-0.7975708151638304,2.893220338206242,2,1,0,6,Top,,,,1,9,L,R,MIL,CHC,51,4
2025-10-04,642547,663656,FF,94.2,2504,-0.26,1.28,1.3193413677594064,3.6737089441420663,1,1,0,6,Top,,,,1,9,L,R,MIL,CHC,51,3
2025-10-04,642547,663656,FF,93.6,2509,-0.5,1.49,-0.796286443061105,2.460121536883966,1,0,0,6,Top,,,,1,9,L,R,MIL,CHC,51,2
2025-10-04,642547,663656,SL,81.4,2343,0.72,0.11,-0.3028107134893122,1.3795612305990217,0,0,0,6,Top,,,,1,9,L,R,MIL,CHC,51,1
2025-10-04,650644,661388,CU,79.5,3237,1.13,-1.43,0.4631477075157054,2.302000394332498,1,1,1,5,Bot,668930,,,9,1,R,R,MIL,CHC,50,3
2025-10-04,650644,661388,SI,93.1,2223,-1.16,1.04,-0.6583828200150572,2.5818359038867644,1,0,1,5,Bot,668930,,,9,1,R,R,MIL,CHC,50,2
2025-10-04,650644,661388,FC,89.5,2684,0.54,0.8,0.9530125401383284,3.1171537214351632,0,0,1,5,Bot,668930,,,9,1,R,R,MIL,CHC,50,1
2025-10-04,650644,668930,FF,94.6,2502,-0.42,1.53,-0.1119631609045402,3.525105252673532,3,2,1,5,Bot,,,,9,1,L,R,MIL,CHC,49,6
2025-10-04,650644,668930,CU,80.3,3260,1.15,-1.34,0.124245584771908,1.4038909151459666,2,2,1,5,Bot,,,,9,1,L,R,MIL,CHC,49,5
2025-10-04,650644,668930,CU,80.0,3199,1.05,-1.27,-0.7291508696809188,2.358049790286289,2,1,1,5,Bot,,,,9,1,L,R,MIL,CHC,49,4
2025-10-04,650644,668930,FF,94.1,2533,-0.35,1.54,-0.6839470636608831,3.848371773406672,1,1,1,5,Bot,,,,9,1,L,R,MIL,CHC,49,3
2025-10-04,650644,668930,FC,90.9,2729,0.53,0.97,0.8526744717372293,3.945291771880539,0,1,1,5,Bot,,,,9,1,L,R,MIL,CHC,49,2
2025-10-04,650644,668930,FF,93.5,2510,-0.34,1.56,0.2403451404092059,3.4367340070485377,0,0,1,5,Bot,,,,9,1,L,R,MIL,CHC,49,1
2025-10-04,650644,686555,FF,94.1,2566,-0.39,1.63,-0.1155663680428041,3.19246848881083,2,2,0,5,Bot,,,,9,1,L,R,MIL,CHC,48,5
2025-10-04,650644,686555,CU,78.7,3206,1.14,-1.23,-0.0363321909051999,2.7450834040143315,2,1,0,5,Bot,,,,9,1,L,R,MIL,CHC,48,4
2025-10-04,650644,686555,CU,80.6,3252,0.91,-1.22,0.6416858692337384,0.4021691952109085,1,1,0,5,Bot,,,,9,1,L,R,MIL,CHC,48,3
2025-10-04,650644,686555,FF,92.5,2536,-0.44,1.65,0.2469904021103455,3.90621251281687,0,1,0,5,Bot,,,,9,1,L,R,MIL,CHC,48,2
2025-10-04,650644,686555,FF,92.8,2491,-0.44,1.51,-0.3777888711843286,2.576615957369227,0,0,0,5,Bot,,,,9,1,L,R,MIL,CHC,48,1
2025-10-04,642547,663538,FF,96.3,2340,-0.16,1.33,0.4631405605244381,2.360657511031076,2,2,2,5,Top,807713,,,1,9,R,R,MIL,CHC,47,5
2025-10-04,642547,663538,FF,94.7,2259,-0.34,1.19,0.3140384366365802,4.385518455045214,1,2,2,5,Top,807713,,,1,9,R,R,MIL,CHC,47,4
2025-10-04,642547,663538,SL,81.7,2426,0.77,-0.06,0.7856529937619825,1.211831818036781,1,1,2,5,Top,807713,,,1,9,R,R,MIL,CHC,47,3
2025-10-04,642547,663538,SL,84.1,2461,0.2,0.62,-0.1948707209486459,0.9925508262580256,0,1,2,5,Top,807713,,,1,9,R,R,MIL,CHC,47,2
2025-10-04,642547,663538,FF,96.0,2591,0.01,1.23,0.4133999397864044,1.631499654284679,0,0,2,5,Top,807713,,,1,9,R,R,MIL,CHC,47,1
2025-10-04,642547,683737,CU,80.0,2211,0.42,-0.32,-0.4441008576755747,1.688320320603598,3,2,1,5,Top,807713,,,1,9,L,R,MIL,CHC,46,6
2025-10-04,642547,683737,FF,96.8,2541,-0.28,1.42,-1.629611888317967,1.7752944827915464,2,2,1,5,Top,807713,,,1,9,L,R,MIL,CHC,46,5
2025-10-04,642547,683737,CS,73.1,2216,0.63,-0.74,-2.483369447659879,2.0980385588227737,1,2,1,5,Top,807713,,,1,9,L,R,MIL,CHC,46,4
2025-10-04,642547,683737,FF,93.8,2362,-0.07,1.11,0.6266717596861503,1.783590359386931,1,1,1,5,Top,807713,,,1,9,L,R,MIL,CHC,46,3
2025-10-04,642547,683737,CH,87.9,2045,-1.1,0.17,0.3151934086042827,0.5588989811380225,0,1,1,5,Top,807713,,,1,9,L,R,MIL,CHC,46,2
2025-10-04,642547,683737,SL,82.1,2341,0.51,-0.38,-0.6150286504958486,1.628424591559508,0,0,1,5,Top,807713,,,1,9,L,R,MIL,CHC,46,1
2025-10-04,642547,807713,FF,93.3,2442,-0.12,1.11,0.8876247258196754,1.8741066752084343,3,0,1,5,Top,,,,1,9,R,R,MIL,CHC,45,4
2025-10-04,642547,807713,FF,95.8,2516,-0.17,1.45,0.914302568245728,1.50362120087562,2,0,1,5,Top,,,,1,9,R,R,MIL,CHC,45,3
2025-10-04,642547,807713,FF,95.9,2510,-0.26,1.31,0.7263013884006918,1.423492033146242,1,0,1,5,Top,,,,1,9,R,R,MIL,CHC,45,2
2025-10-04,642547,807713,SL,82.5,2385,0.54,-0.23,1.475825850682707,0.2688723043311749,0,0,1,5,Top,,,,1,9,R,R,MIL,CHC,45,1
2025-10-04,642547,621020,CU,79.1,2287,0.33,-0.37,-0.2243320925893979,1.158351533483727,2,2,0,5,Top,,,,1,9,R,R,MIL,CHC,44,5
2025-10-04,642547,621020,CH,88.5,1814,-1.14,0.02,0.8608026153985464,0.56547488303345,1,2,0,5,Top,,,,1,9,R,R,MIL,CHC,44,4
2025-10-04,642547,621020,CH,89.9,2043,-1.32,0.31,-0.1931690707772149,1.7335427579970606,1,1,0,5,Top,,,,1,9,R,R,MIL,CHC,44,3
2025-10-04,642547,621020,FF,94.8,2453,-0.22,1.35,-0.5322352553595111,2.907468369135347,1,0,0,5,Top,,,,1,9,R,R,MIL,CHC,44,2
2025-10-04,642547,621020,CU,77.9,2276,0.36,-0.35,-0.9265933214322668,3.720883525554512,0,0,0,5,Top,,,,1,9,R,R,MIL,CHC,44,1
2025-10-04,650644,687401,FF,93.6,2490,-0.63,1.4,0.4021913154865898,2.7883032724632173,1,0,2,4,Bot,686217,,,9,1,R,R,MIL,CHC,43,2
2025-10-04,650644,687401,CU,80.2,3091,0.86,-0.96,0.991122396484388,2.4079534026505907,0,0,2,4,Bot,686217,,,9,1,R,R,MIL,CHC,43,1
2025-10-04,650644,663368,FC,89.5,2689,0.34,0.84,-0.7812390320653542,3.1087825559971725,1,2,1,4,Bot,686217,,,9,1,L,R,MIL,CHC,42,4
2025-10-04,650644,663368,FF,92.8,2454,-0.62,1.32,-0.039107721248061,4.719354153738874,0,2,1,4,Bot,686217,,,9,1,L,R,MIL,CHC,42,3
2025-10-04,650644,663368,FC,90.6,2632,0.16,0.95,-0.3369942076153469,2.766226383391101,0,1,1,4,Bot,686217,,,9,1,L,R,MIL,CHC,42,2
2025-10-04,650644,663368,CU,78.3,3167,1.01,-1.24,-0.6840235789851364,2.054109695117067,0,0,1,4,Bot,686217,,,9,1,L,R,MIL,CHC,42,1
2025-10-04,650644,702332,FC,90.7,2639,0.41,1.02,0.3586663224809459,2.218732771483216,0,2,0,4,Bot,686217,,,9,1,R,R,MIL,CHC,41,3
2025-10-04,650644,702332,CU,80.2,3241,0.85,-1.18,0.5614530063486265,2.5178895320953423,0,1,0,4,Bot,686217,,,9,1,R,R,MIL,CHC,41,2
2025-10-04,650644,702332,FC,90.2,2650,0.34,1.21,0.3288901245831724,3.1654450659764057,0,0,0,4,Bot,686217,,,9,1,R,R,MIL,CHC,41,1
2025-10-04,650644,686217,FS,87.1,1855,-1.17,0.2,-0.301831598341906,1.6956709641838947,0,1,0,4,Bot,,,,9,1,L,R,MIL,CHC,40,2
2025-10-04,650644,686217,CU,79.3,3241,0.91,-1.26,0.450358837964693,1.469803984227469,0,0,0,4,Bot,,,,9,1,L,R,MIL,CHC,40,1
2025-10-04,642547,691718,FF,95.2,2408,-0.37,1.54,-0.2121152284683862,3.4312694646835635,0,1,2,4,Top,,,,1,9,L,R,MIL,CHC,39,2
2025-10-04,642547,691718,CH,90.0,1841,-1.19,0.12,0.1854596156850925,1.919707578947528,0,0,2,4,Top,,,,1,9,L,R,MIL,CHC,39,1
2025-10-04,642547,608348,FF,93.4,2479,-0.25,1.25,-0.4259927900522566,3.1171730307338867,2,0,1,4,Top,,,,1,9,R,R,MIL,CHC,38,3
2025-10-04,642547,608348,SL,83.8,2358,0.39,0.21,0.2444011608866546,0.949150047940882,1,0,1,4,Top,,,,1,9,R,R,MIL,CHC,38,2
2025-10-04,642547,608348,FF,96.6,2547,-0.35,1.45,0.8535246733535685,1.7386965074489025,0,0,1,4,Top,,,,1,9,R,R,MIL,CHC,38,1
2025-10-04,642547,664023,CU,78.2,2306,0.27,-0.31,-0.1216327462800951,2.1017743396493276,1,2,0,4,Top,,,,1,9,L,R,MIL,CHC,37,4
2025-10-04,642547,664023,CH,88.8,1833,-1.22,0.52,0.1030760808893735,1.953573771550794,1,1,0,4,Top,,,,1,9,L,R,MIL,CHC,37,3
2025-10-04,642547,664023,CH,86.6,2008,-1.15,0.32,-0.8761489549331378,2.901563027163708,1,0,0,4,Top,,,,1,9,L,R,MIL,CHC,37,2
2025-10-04,642547,664023,CH,88.1,1874,-1.21,0.26,0.7995821242586163,0.7704264183994645,0,0,0,4,Top,,,,1,9,L,R,MIL,CHC,37,1
2025-10-04,650644,683734,FF,94.8,2561,-0.87,1.36,0.7088609502377955,3.475691582820413,0,1,2,3,Bot,,,,9,1,R,R,MIL,CHC,36,2
2025-10-04,650644,683734,CU,80.9,3235,1.2,-1.01,0.4786974860255598,3.1345557242252533,0,0,2,3,Bot,,,,9,1,R,R,MIL,CHC,36,1
2025-10-04,650644,592885,CU,79.3,3322,1.37,-1.41,-0.2133676988591506,1.8415379252835944,2,2,1,3,Bot,,,,9,1,L,R,MIL,CHC,35,6
2025-10-04,650644,592885,FF,94.7,2478,-0.52,1.47,0.3091339218697333,4.070690024132876,1,2,1,3,Bot,,,,9,1,L,R,MIL,CHC,35,5
2025-10-04,650644,592885,FC,91.2,2720,0.65,0.89,0.1446237084899192,2.7579051599759667,1,2,1,3,Bot,,,,9,1,L,R,MIL,CHC,35,4
2025-10-04,650644,592885,CU,80.8,3210,0.85,-1.11,-0.4920974757732468,3.0598090235875137,1,1,1,3,Bot,,,,9,1,L,R,MIL,CHC,35,3
2025-10-04,650644,592885,FF,93.7,2414,-0.32,1.47,-0.4033713631530532,3.24541989902973,1,0,1,3,Bot,,,,9,1,L,R,MIL,CHC,35,2
2025-10-04,650644,592885,FC,89.7,2726,0.41,0.54,0.3266019128766556,1.1143149443278335,0,0,1,3,Bot,,,,9,1,L,R,MIL,CHC,35,1
2025-10-04,650644,661388,CU,79.2,3332,1.04,-1.29,0.1260026761087493,2.8624564743072645,1,1,0,3,Bot,,,,9,1,R,R,MIL,CHC,34,3
2025-10-04,650644,661388,FC,90.1,2741,0.48,1.29,0.3297253095637839,2.938393603784808,1,0,0,3,Bot,,,,9,1,R,R,MIL,CHC,34,2
2025-10-04,650644,661388,CU,81.4,3154,0.73,-1.12,1.318847740128843,1.2894121962463267,0,0,0,3,Bot,,,,9,1,R,R,MIL,CHC,34,1
2025-10-04,642547,673548,CS,74.2,2410,0.65,-0.7,-0.7818403114950306,2.73912322105022,0,2,2,3,Top,663656,807713,,1,9,R,R,MIL,CHC,33,3
2025-10-04,642547,673548,SL,83.5,2305,0.18,0.0,-0.8026339060653171,1.919516890394704,0,1,2,3,Top,663656,807713,,1,9,R,R,MIL,CHC,33,2
2025-10-04,642547,673548,FF,97.0,2411,-0.51,1.43,-0.1568487362754299,2.65861873562031,0,0,2,3,Top,663656,807713,,1,9,R,R,MIL,CHC,33,1
2025-10-04,642547,663656,CH,88.0,1762,-1.33,0.21,-1.3604593815617136,3.3941885447270255,3,2,2,3,Top,807713,,,1,9,L,R,MIL,CHC,32,7
2025-10-04,642547,663656,CU,78.5,2267,0.56,-0.48,-0.9198733416858004,3.2979467349038454,3,2,2,3,Top,807713,,,1,9,L,R,MIL,CHC,32,6
2025-10-04,642547,663656,CH,87.3,2080,-1.63,0.31,-1.8146183029531595,3.1034016218557423,2,2,2,3,Top,807713,,,1,9,L,R,MIL,CHC,32,5
2025-10-04,642547,663656,FF,95.2,2371,-0.36,1.3,1.2465142508873548,3.161277664906361,1,2,2,3,Top,807713,,,1,9,L,R,MIL,CHC,32,4
2025-10-04,642547,663656,FF,94.6,2446,-0.2,1.52,-1.4430967580353629,3.968648999729008,0,2,2,3,Top,807713,,,1,9,L,R,MIL,CHC,32,3
2025-10-04,642547,663656,SL,82.3,2363,0.66,0.02,-0.3553724621801859,1.5862965442738592,0,1,2,3,Top,807713,,,1,9,L,R,MIL,CHC,32,2
2025-10-04,642547,663656,FF,95.3,2415,-0.21,1.41,-0.0803980090169216,3.096480288630376,0,0,2,3,Top,807713,,,1,9,L,R,MIL,CHC,32,1
2025-10-04,642547,663538,FF,97.3,2407,-0.47,1.29,0.1385635571184116,2.024051620793909,2,2,1,3,Top,807713,,,1,9,R,R,MIL,CHC,31,5
2025-10-04,642547,663538,CH,89.4,2158,-1.62,0.44,-0.2377814205836721,1.761580547837195,2,1,1,3,Top,807713,,,1,9,R,R,MIL,CHC,31,4
2025-10-04,642547,663538,SL,83.9,2482,0.36,-0.51,0.4364594458203433,0.4605141281988905,1,1,1,3,Top,807713,,,1,9,R,R,MIL,CHC,31,3
2025-10-04,642547,663538,SL,83.8,2466,0.18,0.51,0.7872590384424375,2.4730497080776863,0,1,1,3,Top,807713,,,1,9,R,R,MIL,CHC,31,2
2025-10-04,642547,663538,FF,95.9,2477,-0.75,1.35,0.145496338263347,1.8454059068985091,0,0,1,3,Top,807713,,,1,9,R,R,MIL,CHC,31,1
2025-10-04,642547,683737,CH,89.5,2035,-1.41,0.6,-0.1504007273111189,1.78133288626486,1,0,0,3,Top,807713,,,1,9,L,R,MIL,CHC,30,2
2025-10-04,642547,683737,CH,89.3,1914,-1.4,0.51,0.4833720022015388,1.199092968474034,0,0,0,3,Top,807713,,,1,9,L,R,MIL,CHC,30,1
2025-10-04,642547,807713,FF,93.9,2449,-0.48,1.34,0.2992990901298703,0.93682119630435,3,2,0,3,Top,,,,1,9,R,R,MIL,CHC,29,7
2025-10-04,642547,807713,CU,79.8,2123,0.23,-0.13,-0.1485412097122004,2.1630759030184117,3,2,0,3,Top,,,,1,9,R,R,MIL,CHC,29,6
2025-10-04,642547,807713,CU,77.8,2274,0.32,-0.33,-1.1521635508745498,2.879743351039459,2,2,0,3,Top,,,,1,9,R,R,MIL,CHC,29,5
2025-10-04,642547,807713,FF,93.0,2477,-0.31,1.37,-0.4661080883234579,2.1390960898244753,2,1,0,3,Top,,,,1,9,R,R,MIL,CHC,29,4
2025-10-04,642547,807713,FF,91.9,2386,-0.44,1.33,-0.0613906953322561,2.415358464331213,2,0,0,3,Top,,,,1,9,R,R,MIL,CHC,29,3
2025-10-04,642547,807713,SL,81.8,2371,-0.15,0.59,-1.4785911932537903,2.9304575981130525,1,0,0,3,Top,,,,1,9,R,R,MIL,CHC,29,2
2025-10-04,642547,807713,FF,94.4,2490,-0.48,1.41,0.0600206396360394,4.17146219165104,0,0,0,3,Top,,,,1,9,R,R,MIL,CHC,29,1
2025-10-04,650644,668930,CU,79.9,3253,0.9,-1.41,0.2600089364320053,1.8843359718261876,2,2,2,2,Bot,686555,687401,702332,9,1,L,R,MIL,CHC,28,5
2025-10-04,650644,668930,CU,80.7,3192,0.97,-0.83,0.2149137055082771,1.741483151283235,2,1,2,2,Bot,686555,687401,702332,9,1,L,R,MIL,CHC,28,4
2025-10-04,650644,668930,FF,93.8,2488,-0.54,1.66,-0.6183212645129103,1.7930496027906124,2,0,2,2,Bot,686555,687401,702332,9,1,L,R,MIL,CHC,28,3
2025-10-04,650644,668930,FC,90.6,2724,0.33,0.84,1.0770133298276587,1.3940277100248315,1,0,2,2,Bot,686555,687401,702332,9,1,L,R,MIL,CHC,28,2
2025-10-04,650644,668930,CU,80.9,3220,1.02,-1.07,1.6957031714777844,0.7045235856099854,0,0,2,2,Bot,686555,687401,702332,9,1,L,R,MIL,CHC,28,1
2025-10-04,650644,694192,CU,80.1,3286,1.1,-1.23,0.2316409743545995,2.895413649058729,2,2,2,2,Bot,687401,702332,683734,8,1,R,R,MIL,CHC,27,5
2025-10-04,650644,694192,FF,93.0,2795,0.09,1.38,0.9616439638860336,3.328727865161798,1,2,2,2,Bot,687401,702332,683734,8,1,R,R,MIL,CHC,27,4
2025-10-04,650644,694192,FC,92.3,2742,0.16,1.42,0.9163436523519451,2.165866285538277,1,1,2,2,Bot,687401,702332,683734,8,1,R,R,MIL,CHC,27,3
2025-10-04,650644,694192,FC,91.6,2732,0.15,1.34,1.727996644859371,1.0711336404626657,0,1,2,2,Bot,687401,702332,683734,8,1,R,R,MIL,CHC,27,2
2025-10-04,650644,694192,FF,94.7,2616,-0.77,1.64,0.8862021720054105,2.719060179478852,0,0,2,2,Bot,687401,702332,683734,8,1,R,R,MIL,CHC,27,1
2025-10-04,647336,687401,FF,95.7,2666,-0.73,1.33,1.0120372963353634,2.767565571435461,3,0,2,2,Bot,,702332,683734,8,1,R,R,MIL,CHC,26,4
2025-10-04,647336,687401,FF,95.1,2610,-0.68,1.26,0.963118278512395,2.299441803681775,2,0,2,2,Bot,,702332,683734,8,1,R,R,MIL,CHC,26,3
2025-10-04,647336,687401,SI,95.5,2527,-1.58,0.65,-0.6692266145450896,3.6089268061441384,1,0,2,2,Bot,,702332,683734,8,1,R,R,MIL,CHC,26,2
2025-10-04,647336,687401,SV,82.7,3078,0.93,-0.93,1.199615812712422,1.2125639635244942,0,0,2,2,Bot,,702332,683734,8,1,R,R,MIL,CHC,26,1
2025-10-04,647336,663368,FF,96.6,2642,-0.77,1.29,0.6114695023134525,2.0758973233230527,2,2,1,2,Bot,702332,683734,,8,1,L,R,MIL,CHC,25,5
2025-10-04,647336,663368,FF,95.5,2715,-0.55,1.05,0.1130158899566614,2.7896767368444686,2,1,1,2,Bot,702332,683734,,8,1,L,R,MIL,CHC,25,4
2025-10-04,647336,663368,SV,80.5,2892,1.01,-1.19,-1.696443939385031,2.512908779582115,1,1,1,2,Bot,702332,683734,,8,1,L,R,MIL,CHC,25,3
2025-10-04,647336,663368,CH,86.1,2279,-1.31,0.9,0.139936790171453,0.9970799937481304,0,1,1,2,Bot,702332,683734,,8,1,L,R,MIL,CHC,25,2
2025-10-04,647336,663368,SV,80.8,2981,1.26,-0.54,-0.2657400080758409,1.6335857504828422,0,0,1,2,Bot,702332,683734,,8,1,L,R,MIL,CHC,25,1
2025-10-04,647336,702332,SI,96.0,2495,-1.51,0.46,-0.5329257158191378,2.638361136838934,0,0,1,2,Bot,683734,592885,661388,6,1,R,R,MIL,CHC,24,1
2025-10-04,647336,686217,FF,96.8,2731,-0.74,1.36,-0.4793712389190362,2.8246110571305243,2,2,0,2,Bot,683734,592885,661388,6,1,L,R,MIL,CHC,23,5
2025-10-04,647336,686217,SV,82.5,3114,1.16,-0.98,1.6393586030337144,0.5028151861334971,1,2,0,2,Bot,683734,592885,661388,6,1,L,R,MIL,CHC,23,4
2025-10-04,647336,686217,SV,82.7,3132,1.09,-1.0,0.5011961902027202,0.129437395762872,0,2,0,2,Bot,683734,592885,661388,6,1,L,R,MIL,CHC,23,3
2025-10-04,647336,686217,FF,96.0,2675,-0.67,1.34,0.0266593053761478,2.779784693598185,0,1,0,2,Bot,683734,592885,661388,6,1,L,R,MIL,CHC,23,2
2025-10-04,647336,686217,FF,96.1,2726,-0.65,1.6,-0.3546725408008689,3.098920137516896,0,0,0,2,Bot,683734,592885,661388,6,1,L,R,MIL,CHC,23,1
2025-10-04,647336,683734,SV,83.7,2966,0.94,-0.45,0.6353045653865771,1.9791007727821737,0,2,0,2,Bot,592885,661388,,6,1,R,R,MIL,CHC,22,3
2025-10-04,647336,683734,SI,95.9,2552,-1.5,0.8,0.5980368144043768,2.4246617141246745,0,1,0,2,Bot,592885,661388,,6,1,R,R,MIL,CHC,22,2
2025-10-04,647336,683734,FF,95.4,2559,-0.78,1.32,-0.1929301206342307,3.0180747673258974,0,0,0,2,Bot,592885,661388,,6,1,R,R,MIL,CHC,22,1
2025-10-04,647336,592885,FF,95.3,2545,-0.79,1.1,0.3658713684211699,2.1887082430013196,3,1,0,2,Bot,661388,,,6,1,L,R,MIL,CHC,21,5
2025-10-04,647336,592885,CH,87.7,2439,-1.48,0.68,-1.3869044776426998,3.1537230893825767,2,1,0,2,Bot,661388,,,6,1,L,R,MIL,CHC,21,4
2025-10-04,647336,592885,SV,83.0,2845,0.35,-0.2,0.6882657722879186,1.4388787915677286,1,1,0,2,Bot,661388,,,6,1,L,R,MIL,CHC,21,3
2025-10-04,647336,592885,FF,95.0,2566,-0.49,1.18,-0.5802198112735688,3.2386595821993964,1,0,0,2,Bot,661388,,,6,1,L,R,MIL,CHC,21,2
2025-10-04,647336,592885,SV,80.8,2721,0.8,-0.37,-1.034493954898677,1.9518179949736665,0,0,0,2,Bot,661388,,,6,1,L,R,MIL,CHC,21,1
2025-10-04,647336,661388,SI,94.6,2465,-1.42,0.76,0.3545991831905237,2.4666334244448587,0,1,0,2,Bot,,,,6,1,R,R,MIL,CHC,20,2
2025-10-04,647336,661388,SI,94.0,2533,-1.56,0.76,-0.3745065756816499,1.8360507777426784,0,0,0,2,Bot,,,,6,1,R,R,MIL,CHC,20,1
2025-10-04,642547,621020,CH,90.2,2154,-1.49,0.38,-0.0837036412128235,1.9108006469039005,1,2,2,2,Top,691718,,,1,6,R,R,MIL,CHC,19,4
2025-10-04,642547,621020,FF,93.3,2505,-0.43,1.47,-0.2111653895620994,4.693153668786137,0,2,2,2,Top,691718,,,1,6,R,R,MIL,CHC,19,3
2025-10-04,642547,621020,FF,95.2,2356,-0.43,1.45,0.4186633029112878,2.374284129605294,0,1,2,2,Top,691718,,,1,6,R,R,MIL,CHC,19,2
2025-10-04,642547,621020,FF,96.4,2418,-0.42,1.45,0.2180163927325996,3.152642807177219,0,0,2,2,Top,691718,,,1,6,R,R,MIL,CHC,19,1
2025-10-04,642547,691718,CH,88.8,2157,-1.57,0.1,-0.1728866704392888,1.2194435750348482,0,0,2,2,Top,,,,1,6,L,R,MIL,CHC,18,1
2025-10-04,642547,608348,CH,87.8,2140,-1.45,0.31,-0.7992327908728387,1.548518083376878,2,2,1,2,Top,,,,1,6,R,R,MIL,CHC,17,5
2025-10-04,642547,608348,FF,94.1,2399,-0.42,1.17,-0.7548015659309195,2.5734346627152425,2,1,1,2,Top,,,,1,6,R,R,MIL,CHC,17,4
2025-10-04,642547,608348,SL,83.1,2358,0.32,-0.25,0.3833925448773046,1.0605550493924518,1,1,1,2,Top,,,,1,6,R,R,MIL,CHC,17,3
2025-10-04,642547,608348,SL,83.0,2444,0.43,-0.11,1.2941714877973347,0.294618007428046,0,1,1,2,Top,,,,1,6,R,R,MIL,CHC,17,2
2025-10-04,642547,608348,FF,94.1,2425,-0.08,1.3,-0.2904937954737696,2.3973559692949253,0,0,1,2,Top,,,,1,6,R,R,MIL,CHC,17,1
2025-10-04,642547,664023,CH,87.7,2028,-1.47,0.14,-0.7416595839481677,1.8378514792026903,0,1,0,2,Top,,,,1,6,L,R,MIL,CHC,16,2
2025-10-04,642547,664023,FF,92.8,2336,-0.56,1.42,0.0591072833468128,2.849497018091126,0,0,0,2,Top,,,,1,6,L,R,MIL,CHC,16,1
2025-10-04,647336,668930,FF,96.7,2660,-0.86,1.53,-0.1057822924100854,3.415178895514823,2,2,2,1,Bot,694192,687401,,6,1,L,R,MIL,CHC,15,5
2025-10-04,647336,668930,FF,95.5,2604,-0.66,1.46,-0.0142251983305096,2.0615750107567927,2,1,2,1,Bot,694192,687401,,6,1,L,R,MIL,CHC,15,4
2025-10-04,647336,668930,CH,86.3,2203,-1.58,0.39,-2.246014569410677,2.7865605848883286,1,1,2,1,Bot,694192,687401,,6,1,L,R,MIL,CHC,15,3
2025-10-04,647336,668930,FF,96.1,2587,-0.85,1.25,0.0042314039740742,1.9285931418397195,1,0,2,1,Bot,694192,687401,,6,1,L,R,MIL,CHC,15,2
2025-10-04,647336,668930,FF,95.0,2540,-0.9,1.35,-1.3250723360720214,2.6645614993399045,0,0,2,1,Bot,694192,687401,,6,1,L,R,MIL,CHC,15,1
2025-10-04,647336,694192,SV,84.6,2957,0.41,-0.75,0.5578005547285079,1.6260906427553166,1,2,2,1,Bot,687401,663368,686217,4,1,R,R,MIL,CHC,14,4
2025-10-04,647336,694192,SV,83.0,3070,1.03,-0.87,1.1055360943270105,1.099222288606266,0,2,2,1,Bot,687401,663368,686217,4,1,R,R,MIL,CHC,14,3
2025-10-04,647336,694192,SI,94.5,2524,-1.6,0.63,-0.4206597734457185,1.481326550177522,0,1,2,1,Bot,687401,663368,686217,4,1,R,R,MIL,CHC,14,2
2025-10-04,647336,694192,SI,96.0,2626,-1.61,0.83,-0.164235555052209,1.8816543358305104,0,0,2,1,Bot,687401,663368,686217,4,1,R,R,MIL,CHC,14,1
2025-10-04,647336,687401,FF,95.0,2636,-0.38,1.37,0.971545496918772,2.7400651124088693,3,0,2,1,Bot,663368,,686217,4,1,R,R,MIL,CHC,13,4
2025-10-04,647336,687401,FF,96.3,2624,-0.69,1.53,0.7578359970872862,2.0384903380947925,2,0,2,1,Bot,663368,,686217,4,1,R,R,MIL,CHC,13,3
2025-10-04,647336,687401,SI,95.0,2484,-1.47,0.85,0.8539796039343319,0.6047868494398347,1,0,2,1,Bot,663368,,686217,4,1,R,R,MIL,CHC,13,2
2025-10-04,647336,687401,SI,93.9,2390,-1.51,0.83,0.1628966987627456,1.563265551352434,0,0,2,1,Bot,663368,,686217,4,1,R,R,MIL,CHC,13,1
2025-10-04,571510,663368,CH,79.1,1578,1.24,0.28,-0.124375549173932,1.6588712777468473,3,2,2,1,Bot,686217,683734,,3,1,R,L,MIL,CHC,12,11
2025-10-04,571510,663368,CU,75.5,2329,-0.47,-0.63,-0.9083554637511564,2.716785500808625,3,2,2,1,Bot,686217,683734,,3,1,R,L,MIL,CHC,12,10
2025-10-04,571510,663368,FF,93.7,2308,1.17,1.2,-0.1204558572074254,2.371152199490745,3,2,2,1,Bot,686217,683734,,3,1,R,L,MIL,CHC,12,9
2025-10-04,571510,663368,FF,93.5,2124,1.19,0.97,0.8448578594658798,3.0613274036680975,3,2,2,1,Bot,686217,683734,,3,1,R,L,MIL,CHC,12,8
2025-10-04,571510,663368,CH,77.2,1874,1.25,0.53,0.3245178507037243,3.089251116431721,3,2,2,1,Bot,686217,683734,,3,1,R,L,MIL,CHC,12,7
2025-10-04,571510,663368,CH,79.7,1835,1.43,0.5,0.541878692738927,1.2357280684551926,2,2,2,1,Bot,686217,683734,,3,1,R,L,MIL,CHC,12,6
2025-10-04,571510,663368,FF,93.8,2204,1.1,0.94,0.3779099875245453,3.240717996632312,2,2,2,1,Bot,686217,683734,,3,1,R,L,MIL,CHC,12,5
2025-10-04,571510,663368,FF,93.3,2367,1.13,1.28,-1.1603262665204812,3.9536456518525065,1,2,2,1,Bot,686217,683734,,3,1,R,L,MIL,CHC,12,4
2025-10-04,571510,663368,CH,79.5,1748,1.27,0.57,0.0798970493970803,1.8534134451944353,1,1,2,1,Bot,686217,683734,,3,1,R,L,MIL,CHC,12,3
2025-10-04,571510,663368,FF,93.4,2200,1.39,0.52,2.0063992271936817,2.86866281783184,0,1,2,1,Bot,686217,683734,,3,1,R,L,MIL,CHC,12,2
2025-10-04,571510,663368,FF,93.6,2202,1.29,0.74,0.8862980659804434,2.5131757402572115,0,0,2,1,Bot,686217,683734,,3,1,R,L,MIL,CHC,12,1
2025-10-04,571510,702332,FF,93.3,2307,1.23,1.03,-0.0809521614003645,3.7525232247977223,0,2,1,1,Bot,686217,683734,,3,1,R,L,MIL,CHC,11,4
2025-10-04,571510,702332,CH,79.7,1758,1.38,0.39,0.7296213517413261,1.985438879146976,0,2,1,1,Bot,686217,683734,,3,1,R,L,MIL,CHC,11,3
2025-10-04,571510,702332,FF,94.3,2341,1.11,1.13,-0.2699023677779382,2.7915997989310357,0,1,1,1,Bot,686217,683734,,3,1,R,L,MIL,CHC,11,2
2025-10-04,571510,702332,FF,94.7,2380,1.21,1.06,0.0276082175504619,3.5717334839009887,0,0,1,1,Bot,686217,683734,,3,1,R,L,MIL,CHC,11,1
2025-10-04,571510,686217,SI,92.5,2326,1.58,0.85,0.6477421861835124,2.166575810572848,0,1,1,1,Bot,683734,661388,,2,1,L,L,MIL,CHC,10,2
2025-10-04,571510,686217,SI,93.2,2401,1.58,0.72,1.4140933509804234,2.733913709791402,0,0,1,1,Bot,683734,661388,,2,1,L,L,MIL,CHC,10,1
2025-10-04,571510,683734,CH,76.5,1641,1.39,0.34,1.733610868341862,1.2875640282510656,3,1,1,1,Bot,,661388,,2,1,R,L,MIL,CHC,9,5
2025-10-04,571510,683734,CU,75.8,2472,-1.15,-0.95,0.6853640923490847,-0.1322909576648756,2,1,1,1,Bot,,661388,,2,1,R,L,MIL,CHC,9,4
2025-10-04,571510,683734,SL,84.0,2562,0.07,0.32,0.8388601671610835,2.0649197052899404,2,0,1,1,Bot,,661388,,2,1,R,L,MIL,CHC,9,3
2025-10-04,571510,683734,CH,78.5,1838,1.44,0.52,1.5562264970569584,1.582185533415139,1,0,1,1,Bot,,661388,,2,1,R,L,MIL,CHC,9,2
2025-10-04,571510,683734,CU,74.5,2366,-0.78,-0.77,0.9877607456485732,2.247055434991302,0,0,1,1,Bot,,661388,,2,1,R,L,MIL,CHC,9,1
2025-10-04,571510,592885,FF,93.1,2302,1.18,0.8,0.3265671049577885,1.7307350745766354,0,1,0,1,Bot,,661388,,2,1,L,L,MIL,CHC,8,2
2025-10-04,571510,592885,FF,93.6,2315,1.2,0.99,-1.1707664540127916,2.40857157155036,0,0,0,1,Bot,,661388,,2,1,L,L,MIL,CHC,8,1
2025-10-04,571510,661388,FF,93.0,2392,1.53,0.87,-0.0390601627775635,2.0427628049836413,0,0,0,1,Bot,,668930,,1,1,R,L,MIL,CHC,7,1
2025-10-04,571510,668930,SL,85.9,2391,0.15,0.07,0.1988157581325823,2.6632848227570767,0,0,0,1,Bot,,694192,,0,1,L,L,MIL,CHC,6,1
2025-10-04,571510,694192,CU,74.2,2391,-1.02,-0.51,0.3737626348377206,2.5033429029725243,2,1,0,1,Bot,,,,0,1,R,L,MIL,CHC,5,4
2025-10-04,571510,694192,FF,93.7,2503,1.22,1.25,0.265662338847944,2.604582193568736,2,0,0,1,Bot,,,,0,1,R,L,MIL,CHC,5,3
2025-10-04,571510,694192,FF,92.4,2431,1.14,1.06,-1.332163744425832,2.2247181911350538,1,0,0,1,Bot,,,,0,1,R,L,MIL,CHC,5,2
2025-10-04,571510,694192,FF,93.6,2525,1.22,1.37,-1.8506318021903032,2.683911355438269,0,0,0,1,Bot,,,,0,1,R,L,MIL,CHC,5,1
2025-10-04,642547,673548,FF,97.7,2534,-0.35,1.45,0.3684830639182338,1.4413801949076157,2,2,2,1,Top,,,,1,0,R,R,MIL,CHC,4,5
2025-10-04,642547,673548,CH,89.7,2086,-1.3,0.34,-0.7508039059386875,1.3656194524154155,2,1,2,1,Top,,,,1,0,R,R,MIL,CHC,4,4
2025-10-04,642547,673548,SL,83.6,2397,0.31,0.17,0.5301758278776317,1.0402183192787806,1,1,2,1,Top,,,,1,0,R,R,MIL,CHC,4,3
2025-10-04,642547,673548,SL,82.8,2361,0.64,0.01,1.133629067099435,0.5289141608500807,0,1,2,1,Top,,,,1,0,R,R,MIL,CHC,4,2
2025-10-04,642547,673548,FF,96.0,2364,-0.29,1.28,0.5535899681122629,1.5969760078783608,0,0,2,1,Top,,,,1,0,R,R,MIL,CHC,4,1
2025-10-04,642547,663656,FF,95.0,2321,-0.15,1.2,-0.4285972684910546,2.222504645049359,1,1,1,1,Top,,,,1,0,L,R,MIL,CHC,3,3
2025-10-04,642547,663656,CU,79.8,2248,0.4,-0.47,-0.4177158944710333,2.332687693019582,1,0,1,1,Top,,,,1,0,L,R,MIL,CHC,3,2
2025-10-04,642547,663656,CH,89.0,1941,-1.46,0.31,-1.8004209162101883,2.9110740309013745,0,0,1,1,Top,,,,1,0,L,R,MIL,CHC,3,1
2025-10-04,642547,663538,CH,90.1,2044,-1.57,0.23,-0.5470859736337805,1.2993125191886934,0,1,0,1,Top,,,,1,0,R,R,MIL,CHC,2,2
2025-10-04,642547,663538,FF,95.3,2388,-0.29,1.33,-0.7117866063159344,3.125820687120779,0,0,0,1,Top,,,,1,0,R,R,MIL,CHC,2,1
2025-10-04,642547,683737,FF,94.9,2479,-0.17,1.3,0.2293444308068471,2.792479946573929,2,1,0,1,Top,,,,0,0,L,R,MIL,CHC,1,4
2025-10-04,642547,683737,FF,94.7,2435,-0.35,1.27,-1.4103084875685656,2.307438211464361,1,1,0,1,Top,,,,0,0,L,R,MIL,CHC,1,3
2025-10-04,642547,683737,FF,94.2,2522,-0.13,1.61,-0.1661710066240564,3.041644433736117,1,0,0,1,Top,,,,0,0,L,R,MIL,CHC,1,2
2025-10-04,642547,683737,FF,95.3,2470,-0.7,1.17,-1.2848351608707,2.008362828657054,0,0,0,1,Top,,,,0,0,L,R,MIL,CHC,1,1
2025-10-02,676684,682177,FF,96.5,2237,-0.8,1.07,-0.2037597605161633,1.6337883233995232,1,2,2,9,Bot,,,,3,6,L,R,CLE,DET,74,4
2025-10-02,676684,682177,CH,90.8,1719,-1.3,0.28,-0.4893833587498135,1.3374863661353942,1,1,2,9,Bot,,,,3,6,L,R,CLE,DET,74,3
2025-10-02,676684,682177,FF,96.8,2274,-0.55,1.19,-0.0212969979474879,2.506565794059249,1,0,2,9,Bot,,,,3,6,L,R,CLE,DET,74,2
2025-10-02,676684,682177,FF,95.8,2198,-0.62,1.03,-0.9987905898867132,2.6289684735268297,0,0,2,9,Bot,,,,3,6,L,R,CLE,DET,74,1
2025-10-02,676684,800050,FF,97.1,2231,-0.38,1.43,-0.05356995130499,1.9659565518088704,1,1,1,9,Bot,,,,3,6,L,R,CLE,DET,73,3
2025-10-02,676684,800050,CH,90.1,1548,-1.07,0.15,-1.584327436561843,2.406959051080101,0,1,1,9,Bot,,,,3,6,L,R,CLE,DET,73,2
2025-10-02,676684,800050,FF,97.0,2182,-0.4,1.32,0.4767407861595543,2.722440733678683,0,0,1,9,Bot,,,,3,6,L,R,CLE,DET,73,1
2025-10-02,676684,700932,FF,97.5,2217,-0.51,1.16,-0.4774998611580872,2.453549492766844,2,2,0,9,Bot,,,,3,6,L,R,CLE,DET,72,5
2025-10-02,676684,700932,FF,96.6,2302,-0.72,1.31,0.0139148756208332,2.323282681392715,2,1,0,9,Bot,,,,3,6,L,R,CLE,DET,72,4
2025-10-02,676684,700932,FF,97.8,2405,-0.57,1.28,-0.0559921523981393,3.6233776199202943,1,1,0,9,Bot,,,,3,6,L,R,CLE,DET,72,3
2025-10-02,676684,700932,FF,97.4,2312,-0.8,1.44,-0.8578941374152067,1.0159477272731872,0,1,0,9,Bot,,,,3,6,L,R,CLE,DET,72,2
2025-10-02,676684,700932,FF,96.8,2280,-0.69,1.4,-0.1695011123701986,2.2931291863489616,0,0,0,9,Bot,,,,3,6,L,R,CLE,DET,72,1
2025-10-02,671922,682985,FF,97.0,2150,-0.89,1.15,0.5049574241283122,2.7524097567547683,0,0,2,9,Top,,,,6,3,L,R,CLE,DET,71,1
2025-10-02,671922,679529,FF,97.5,2295,-0.77,1.23,-0.0097440644240228,2.8586745671937033,1,1,1,9,Top,,,,6,3,R,R,CLE,DET,70,3
2025-10-02,671922,679529,FS,87.1,549,-0.56,-0.58,1.3797722402301016,-0.1366716526335323,0,1,1,9,Top,,,,6,3,R,R,CLE,DET,70,2
2025-10-02,671922,679529,FF,96.6,2217,-0.61,1.38,0.2095211550515761,3.616478195401139,0,0,1,9,Top,,,,6,3,R,R,CLE,DET,70,1
2025-10-02,671922,672761,FF,97.3,2355,-0.54,1.56,0.3335567570594574,3.935660050919284,1,2,0,9,Top,,,,6,3,L,R,CLE,DET,69,4
2025-10-02,671922,672761,FF,96.4,2315,-0.63,1.16,-0.9037604638974848,3.167903454885648,1,1,0,9,Top,,,,6,3,L,R,CLE,DET,69,3
2025-10-02,671922,672761,FF,96.4,2343,-0.75,1.32,-0.324748358292464,3.518845528296106,1,0,0,9,Top,,,,6,3,L,R,CLE,DET,69,2
2025-10-02,671922,672761,FF,96.6,2308,-0.87,1.26,-1.3560944149568686,4.2647949707855615,0,0,0,9,Top,,,,6,3,L,R,CLE,DET,69,1
2025-10-02,676684,608070,FF,97.4,2240,-0.43,1.33,0.0250889223747935,2.190882238494809,3,1,2,8,Bot,,680757,677587,1,6,L,R,CLE,DET,68,5
2025-10-02,676684,608070,FF,96.8,2263,-0.43,1.32,-0.0591667546434189,2.4025719050038497,3,0,2,8,Bot,,680757,677587,1,6,L,R,CLE,DET,68,4
2025-10-02,676684,608070,FF,97.4,2203,-0.57,1.3,-1.014946878734091,2.808287473472258,2,0,2,8,Bot,,680757,677587,1,6,L,R,CLE,DET,68,3
2025-10-02,676684,608070,SL,88.8,2793,0.66,-0.25,1.280582631827561,0.7010569988977924,1,0,2,8,Bot,,680757,677587,1,6,L,R,CLE,DET,68,2
2025-10-02,676684,608070,SL,89.6,2720,0.21,-0.24,1.8038714472581936,1.0642622774210897,0,0,2,8,Bot,,680757,677587,1,6,L,R,CLE,DET,68,1
2025-10-02,676684,671655,FF,97.7,2355,-0.54,1.43,-0.5997204431624421,1.9838570949627965,2,2,1,8,Bot,,680757,677587,1,6,L,R,CLE,DET,67,5
2025-10-02,676684,671655,CH,90.5,1629,-1.15,0.79,-0.9555243696593496,1.7701390139188165,1,2,1,8,Bot,,680757,677587,1,6,L,R,CLE,DET,67,4
2025-10-02,676684,671655,SL,88.6,2734,0.33,-0.27,0.8317050211582073,2.408915879302511,1,1,1,8,Bot,,680757,677587,1,6,L,R,CLE,DET,67,3
2025-10-02,676684,671655,CH,91.1,1551,-1.1,0.55,0.6538318849012648,1.6263931498752524,1,0,1,8,Bot,,680757,677587,1,6,L,R,CLE,DET,67,2
2025-10-02,676684,671655,SL,89.0,2747,0.42,-0.04,0.8323337845225017,2.1550971077382446,0,0,1,8,Bot,,680757,677587,1,6,L,R,CLE,DET,67,1
2025-10-02,592454,680757,CH,86.2,1320,-1.05,0.31,0.3850704025445162,2.226407315871081,1,0,1,8,Bot,677587,,,1,6,L,R,CLE,DET,66,2
2025-10-02,592454,680757,CH,86.6,1314,-1.05,0.6,-1.5547406497616485,3.567478404894105,0,0,1,8,Bot,677587,,,1,6,L,R,CLE,DET,66,1
2025-10-02,592454,677587,CH,89.1,1332,-1.09,0.16,-0.2240224329296449,1.8462728737007388,2,1,1,8,Bot,,,,1,6,L,R,CLE,DET,65,4
2025-10-02,592454,677587,CH,88.7,1424,-1.11,-0.29,1.0992530102764242,0.6431847908707073,1,1,1,8,Bot,,,,1,6,L,R,CLE,DET,65,3
2025-10-02,592454,677587,CH,89.3,1322,-1.1,-0.04,0.0637048877738621,1.1318769527240553,0,1,1,8,Bot,,,,1,6,L,R,CLE,DET,65,2
2025-10-02,592454,677587,CH,87.7,1284,-1.1,0.2,-0.2894576297333142,1.3227067108513788,0,0,1,8,Bot,,,,1,6,L,R,CLE,DET,65,1
2025-10-02,592454,692216,CH,88.6,1302,-0.97,0.1,-0.9490746069210332,2.421794665646544,1,2,0,8,Bot,,,,1,6,L,R,CLE,DET,64,4
2025-10-02,592454,692216,CH,89.0,1379,-0.99,0.0,-0.3308323362642064,0.0205771679678585,0,2,0,8,Bot,,,,1,6,L,R,CLE,DET,64,3
2025-10-02,592454,692216,CH,88.1,1321,-0.97,0.24,-0.1425594638819978,1.8346537909891725,0,1,0,8,Bot,,,,1,6,L,R,CLE,DET,64,2
2025-10-02,592454,692216,CH,87.9,1351,-0.99,0.12,-0.0509275656867603,1.191297258818056,0,0,0,8,Bot,,,,1,6,L,R,CLE,DET,64,1
2025-10-02,596001,681481,CH,84.3,1182,-1.17,0.16,-1.051048771431449,2.7046037864597716,2,0,2,8,Top,,,,6,1,L,R,CLE,DET,63,3
2025-10-02,596001,681481,ST,81.6,2388,1.07,0.01,-1.213639609044601,3.3928050861538233,1,0,2,8,Top,,,,6,1,L,R,CLE,DET,63,2
2025-10-02,596001,681481,CH,84.8,1079,-0.67,0.55,-1.6520118040955123,3.632682637459131,0,0,2,8,Top,,,,6,1,L,R,CLE,DET,63,1
2025-10-02,596001,650402,CH,85.2,1226,-1.09,0.12,-0.6156779594017701,2.724253093106626,2,2,1,8,Top,,,,6,1,R,R,CLE,DET,62,5
2025-10-02,596001,650402,ST,84.2,2564,1.35,0.07,1.3797315087715003,0.6907795133721906,1,2,1,8,Top,,,,6,1,R,R,CLE,DET,62,4
2025-10-02,596001,650402,ST,81.3,2573,1.29,0.02,-0.8791227072748815,2.5437759613428432,1,1,1,8,Top,,,,6,1,R,R,CLE,DET,62,3
2025-10-02,596001,650402,CH,83.0,1289,-1.03,0.18,0.3084522556128113,1.9144009964184785,1,0,1,8,Top,,,,6,1,R,R,CLE,DET,62,2
2025-10-02,596001,650402,SI,89.1,2144,-1.24,0.64,1.5093740467525238,1.6293848367242874,0,0,1,8,Top,,,,6,1,R,R,CLE,DET,62,1
2025-10-02,596001,678009,FF,91.2,2125,-0.33,1.04,0.2245628601023503,2.115700640961598,0,1,0,8,Top,,,,6,1,L,R,CLE,DET,61,2
2025-10-02,596001,678009,ST,80.5,2359,0.96,-0.18,0.2979686985255531,1.677836826095369,0,0,0,8,Top,,,,6,1,L,R,CLE,DET,61,1
2025-10-02,663947,666310,SI,91.8,2079,1.27,0.86,-0.5610573518660913,1.9188319257238065,0,0,2,7,Bot,672356,,,1,6,L,L,CLE,DET,60,1
2025-10-02,663947,672356,FC,87.2,2413,-0.38,0.78,0.1388720503269563,2.429893643735622,0,0,2,7,Bot,,,,1,6,R,L,CLE,DET,59,1
2025-10-02,663947,800050,ST,83.0,2794,-0.9,0.17,-0.9207906897164048,1.8285862245610465,0,2,1,7,Bot,,,,1,6,L,L,CLE,DET,58,3
2025-10-02,663947,800050,ST,81.4,2853,-1.2,0.38,-0.3626120745303198,2.4192920946830103,0,1,1,7,Bot,,,,1,6,L,L,CLE,DET,58,2
2025-10-02,663947,800050,SI,90.8,2092,1.22,0.97,0.1718531624979815,3.0738303291969276,0,0,1,7,Bot,,,,1,6,L,L,CLE,DET,58,1
2025-10-02,663947,700932,SI,91.4,2294,1.28,0.95,0.5614887320128716,2.5634988128960474,1,0,0,7,Bot,,,,1,6,L,L,CLE,DET,57,2
2025-10-02,663947,700932,SI,91.2,2090,1.24,0.82,0.1019578861887504,3.4929255168452116,0,0,0,7,Bot,,,,1,6,L,L,CLE,DET,57,1
2025-10-02,670036,595879,ST,83.9,2717,1.59,0.19,1.2696415081657857,1.2565375151699412,0,2,2,7,Top,693307,682985,679529,6,1,R,R,CLE,DET,56,4
2025-10-02,670036,595879,ST,85.1,2768,0.9,-0.16,0.8487903820088901,1.5465535775552817,0,2,2,7,Top,693307,682985,679529,6,1,R,R,CLE,DET,56,3
2025-10-02,670036,595879,ST,83.8,2883,0.92,0.01,0.0136711362614039,2.7095576417740017,0,1,2,7,Top,693307,682985,679529,6,1,R,R,CLE,DET,56,2
2025-10-02,670036,595879,ST,83.4,2758,1.54,0.1,1.6131308332774688,2.451408444270171,0,0,2,7,Top,693307,682985,679529,6,1,R,R,CLE,DET,56,1
2025-10-02,670036,656716,FC,89.9,2605,0.52,0.18,-0.7575152153169051,2.2665858912584027,1,2,1,7,Top,693307,682985,679529,6,1,L,R,CLE,DET,55,4
2025-10-02,670036,656716,ST,83.6,2743,0.97,0.19,-0.4284692283269934,3.060706721931477,1,1,1,7,Top,693307,682985,679529,6,1,L,R,CLE,DET,55,3
2025-10-02,670036,656716,FC,90.7,2564,0.34,0.48,-1.7287800612023316,3.8381833603881126,0,1,1,7,Top,693307,682985,679529,6,1,L,R,CLE,DET,55,2
2025-10-02,670036,656716,FF,92.9,2598,-0.1,1.23,0.391947569565101,2.482790674206832,0,0,1,7,Top,693307,682985,679529,6,1,L,R,CLE,DET,55,1
2025-10-02,670036,693307,ST,84.6,2719,1.14,0.27,1.607078642489654,2.4084114119236193,3,2,1,7,Top,682985,679529,,6,1,R,R,CLE,DET,54,7
2025-10-02,670036,693307,FF,91.8,2638,0.13,0.91,-0.9890736366209032,3.4853690894769027,3,2,1,7,Top,682985,679529,,6,1,R,R,CLE,DET,54,6
2025-10-02,670036,693307,FF,92.2,2627,0.07,1.2,1.2389875444481135,2.044372491384336,2,2,1,7,Top,682985,679529,,6,1,R,R,CLE,DET,54,5
2025-10-02,670036,693307,ST,83.5,2713,1.27,0.25,0.924148893454344,2.0199625017436293,2,1,1,7,Top,682985,679529,,6,1,R,R,CLE,DET,54,4
2025-10-02,670036,693307,ST,82.3,2704,1.54,0.1,1.704544436076036,1.3752409385225386,1,1,1,7,Top,682985,679529,,6,1,R,R,CLE,DET,54,3
2025-10-02,670036,693307,ST,83.3,2745,0.96,0.36,1.2518824214348472,1.3045336007944623,1,0,1,7,Top,682985,679529,,6,1,R,R,CLE,DET,54,2
2025-10-02,670036,693307,ST,82.2,2686,1.35,0.18,1.0474875099891616,3.148581170960526,0,0,1,7,Top,682985,679529,,6,1,R,R,CLE,DET,54,1
2025-10-02,683769,682985,CH,79.1,1504,-1.02,0.21,-0.375670904623347,2.543614561159691,0,0,1,7,Top,679529,,672761,5,1,L,R,CLE,DET,53,1
2025-10-02,683769,679529,FF,94.7,2255,-0.4,1.53,-0.3560152247500457,3.561470061294486,0,1,1,7,Top,672761,,681481,4,1,R,R,CLE,DET,52,2
2025-10-02,683769,679529,FF,94.8,2115,-0.27,1.55,0.0601856679505038,3.774174835294847,0,0,1,7,Top,672761,,681481,4,1,R,R,CLE,DET,52,1
2025-10-02,683769,672761,SL,88.1,2295,0.59,0.26,0.5053395202097251,2.701279657086885,0,1,1,7,Top,681481,678009,595879,2,1,L,R,CLE,DET,51,2
2025-10-02,683769,672761,CH,78.5,1494,-0.91,-0.06,-0.357491857088425,1.545125993000204,0,0,1,7,Top,681481,678009,595879,2,1,L,R,CLE,DET,51,1
2025-10-02,683769,650402,SL,87.6,2366,0.59,0.16,0.9614749361830068,3.1687445653907274,2,2,0,7,Top,678009,,595879,2,1,R,R,CLE,DET,49,5
2025-10-02,683769,650402,SL,88.2,2327,0.63,0.07,1.407143354382751,-0.1719470251520318,1,2,0,7,Top,678009,,595879,2,1,R,R,CLE,DET,49,4
2025-10-02,683769,650402,SL,87.0,2345,0.57,-0.02,1.7212458013909444,1.077232628475298,0,2,0,7,Top,678009,,595879,2,1,R,R,CLE,DET,49,3
2025-10-02,683769,650402,SL,86.6,2308,0.45,0.24,-0.4754215029170196,3.6376843466052495,0,1,0,7,Top,678009,,595879,2,1,R,R,CLE,DET,49,2
2025-10-02,683769,650402,SL,87.7,2340,0.45,0.07,1.2459285780169145,1.6252166426577703,0,0,0,7,Top,678009,,595879,2,1,R,R,CLE,DET,49,1
2025-10-02,681870,678009,FF,93.8,2603,0.82,1.56,0.201551771205686,2.1838742090342365,1,0,0,7,Top,,595879,,2,1,L,L,CLE,DET,48,2
2025-10-02,681870,678009,SL,85.8,2395,-0.22,0.41,-0.0729965630940003,4.999557875961797,0,0,0,7,Top,,595879,,2,1,L,L,CLE,DET,48,1
2025-10-02,681870,595879,FF,95.0,2660,0.84,1.64,-0.2820625356724927,3.0743816653385427,0,1,0,7,Top,,,,2,1,R,L,CLE,DET,47,2
2025-10-02,681870,595879,FF,94.1,2642,0.96,1.72,0.4412881326859258,3.835056886349782,0,0,0,7,Top,,,,2,1,R,L,CLE,DET,47,1
2025-10-02,640448,608070,FS,86.2,972,-0.74,-0.04,-0.9935506939863412,2.6833471122354173,3,2,2,6,Bot,,,,1,2,L,R,CLE,DET,46,6
2025-10-02,640448,608070,FS,85.8,873,-0.55,0.22,-1.29822816401738,2.7070172617013157,2,2,2,6,Bot,,,,1,2,L,R,CLE,DET,46,5
2025-10-02,640448,608070,FS,87.8,1054,-0.47,0.17,-0.0894939073228014,1.194119621520919,2,1,2,6,Bot,,,,1,2,L,R,CLE,DET,46,4
2025-10-02,640448,608070,FS,86.8,1091,-0.63,0.21,0.3021411761282794,1.8572110797994124,2,0,2,6,Bot,,,,1,2,L,R,CLE,DET,46,3
2025-10-02,640448,608070,FS,87.3,982,-0.52,0.1,0.5399212679785262,1.2299071058907145,1,0,2,6,Bot,,,,1,2,L,R,CLE,DET,46,2
2025-10-02,640448,608070,FS,87.1,903,-0.66,0.01,-1.3219512268048992,1.9852596354915857,0,0,2,6,Bot,,,,1,2,L,R,CLE,DET,46,1
2025-10-02,640448,671655,FS,86.7,1087,-0.89,0.2,-1.0018439370472394,2.2885781949591837,3,2,1,6,Bot,,,,1,2,L,R,CLE,DET,45,8
2025-10-02,640448,671655,FF,94.9,2244,-0.83,1.42,-0.9046331155641374,2.446094611897363,3,2,1,6,Bot,,,,1,2,L,R,CLE,DET,45,7
2025-10-02,640448,671655,FS,85.5,949,-0.69,-0.06,-0.5003020395875422,2.0287424334136377,3,2,1,6,Bot,,,,1,2,L,R,CLE,DET,45,6
2025-10-02,640448,671655,FS,88.2,943,-0.37,0.77,0.1450822390410496,1.4559699683382137,2,2,1,6,Bot,,,,1,2,L,R,CLE,DET,45,5
2025-10-02,640448,671655,FF,95.6,2287,-0.7,1.44,-0.4491529499421186,2.3079033539791647,2,1,1,6,Bot,,,,1,2,L,R,CLE,DET,45,4
2025-10-02,640448,671655,FS,87.1,999,-0.49,0.23,0.6533320961903107,1.4654749636269837,1,1,1,6,Bot,,,,1,2,L,R,CLE,DET,45,3
2025-10-02,640448,671655,FS,88.2,976,-0.5,0.26,-0.4805864329403597,0.256821389009231,0,1,1,6,Bot,,,,1,2,L,R,CLE,DET,45,2
2025-10-02,640448,671655,FF,97.6,2281,-0.42,1.53,0.5942658944744827,2.2948660064497446,0,0,1,6,Bot,,,,1,2,L,R,CLE,DET,45,1
2025-10-02,640448,680757,FF,95.6,2137,-0.68,1.35,0.7887759298767996,2.0794918099625326,2,2,0,6,Bot,,,,1,2,L,R,CLE,DET,44,5
2025-10-02,640448,680757,FF,96.0,2156,-0.71,1.41,-0.3028168141685405,1.780023579808788,2,1,0,6,Bot,,,,1,2,L,R,CLE,DET,44,4
2025-10-02,640448,680757,FS,86.1,899,-0.72,-0.05,-1.6820038691775294,0.6216386320320426,1,1,0,6,Bot,,,,1,2,L,R,CLE,DET,44,3
2025-10-02,640448,680757,FF,96.7,2223,-0.51,1.5,-0.5641817451331779,2.3531547971689393,1,0,0,6,Bot,,,,1,2,L,R,CLE,DET,44,2
2025-10-02,640448,680757,FF,96.0,2267,-0.69,1.4,-1.6567266252778414,2.437891854702719,0,0,0,6,Bot,,,,1,2,L,R,CLE,DET,44,1
2025-10-02,681870,656716,FF,95.4,2609,0.68,1.63,-0.4482002038831948,1.482392033929937,1,2,2,6,Top,,,,2,1,L,L,CLE,DET,43,4
2025-10-02,681870,656716,CU,81.9,,-0.36,-1.04,-0.3342827904283685,1.3622606727139916,0,2,2,6,Top,,,,2,1,L,L,CLE,DET,43,3
2025-10-02,681870,656716,FF,95.1,2703,0.86,1.65,0.0602548561409453,3.773054070087636,0,1,2,6,Top,,,,2,1,L,L,CLE,DET,43,2
2025-10-02,681870,656716,FF,94.2,2691,0.92,1.72,-0.2968795550402342,3.496123411143278,0,0,2,6,Top,,,,2,1,L,L,CLE,DET,43,1
2025-10-02,676282,693307,CH,81.9,1617,0.65,1.27,-0.0913500144628837,2.911129397884926,1,1,2,6,Top,,,,1,1,R,L,CLE,DET,42,3
2025-10-02,676282,693307,CH,79.2,1425,0.5,1.09,-0.3723436698773299,1.8162256643738488,1,0,2,6,Top,,,,1,1,R,L,CLE,DET,42,2
2025-10-02,676282,693307,FF,92.5,1875,0.85,1.32,-0.197123113700548,0.6045107987204004,0,0,2,6,Top,,,,1,1,R,L,CLE,DET,42,1
2025-10-02,676282,682985,FF,91.4,1827,0.55,1.17,0.3976878222973018,3.1218476338987604,2,1,1,6,Top,,,,1,1,L,L,CLE,DET,41,4
2025-10-02,676282,682985,CH,79.7,1344,0.74,0.99,0.8045726864666205,2.926511077090158,2,0,1,6,Top,,,,1,1,L,L,CLE,DET,41,3
2025-10-02,676282,682985,CU,77.2,2559,-0.33,-1.33,-0.1527590830135627,0.8563295976181147,1,0,1,6,Top,,,,1,1,L,L,CLE,DET,41,2
2025-10-02,676282,682985,FF,92.9,1860,0.51,1.49,-0.6856247923531343,1.3247982176876998,0,0,1,6,Top,,,,1,1,L,L,CLE,DET,41,1
2025-10-02,676282,679529,FF,93.8,1918,0.42,1.42,-0.4502760429608327,2.411747380884525,0,1,0,6,Top,,,,1,1,R,L,CLE,DET,40,2
2025-10-02,676282,679529,CH,80.1,1490,0.59,1.28,0.2692745843718851,2.52739940848551,0,0,0,6,Top,,,,1,1,R,L,CLE,DET,40,1
2025-10-02,640448,677587,FS,86.2,1063,-1.22,0.19,-0.783906085455536,1.7505887946422916,3,2,2,5,Bot,692216,,,1,1,L,R,CLE,DET,39,8
2025-10-02,640448,677587,FF,95.8,2200,-0.98,1.27,0.1502138870937136,2.3351573305171436,3,2,2,5,Bot,692216,,,1,1,L,R,CLE,DET,39,7
2025-10-02,640448,677587,FS,86.6,889,-0.36,0.17,0.3558058012539649,2.7488020074747075,3,2,2,5,Bot,692216,,,1,1,L,R,CLE,DET,39,6
2025-10-02,640448,677587,FS,86.3,822,0.09,0.74,0.0395003281680066,3.3455176531666435,2,2,2,5,Bot,692216,,,1,1,L,R,CLE,DET,39,5
2025-10-02,640448,677587,FS,88.3,1046,-0.89,0.3,-0.1099931079821877,0.086422383299856,1,2,2,5,Bot,692216,,,1,1,L,R,CLE,DET,39,4
2025-10-02,640448,677587,FF,96.4,2252,-0.54,1.54,0.2656792115877435,2.686367170843734,1,1,2,5,Bot,692216,,,1,1,L,R,CLE,DET,39,3
2025-10-02,640448,677587,FS,85.9,916,-0.7,0.7,0.5637452408225692,0.835970670069625,0,1,2,5,Bot,692216,,,1,1,L,R,CLE,DET,39,2
2025-10-02,640448,677587,FS,86.7,889,-0.86,0.21,-0.1541382259564807,2.2393411341368648,0,0,2,5,Bot,692216,,,1,1,L,R,CLE,DET,39,1
2025-10-02,656427,692216,FF,96.1,2338,-0.54,1.32,-1.460391575597593,1.8638707577315463,3,2,2,5,Bot,,,,1,1,L,R,CLE,DET,38,6
2025-10-02,656427,692216,SL,88.1,,0.72,0.31,-0.3926228778499495,1.668417138157154,3,1,2,5,Bot,,,,1,1,L,R,CLE,DET,38,5
2025-10-02,656427,692216,SL,87.4,,0.68,0.14,-0.2763417560506138,1.1530031369892222,2,1,2,5,Bot,,,,1,1,L,R,CLE,DET,38,4
2025-10-02,656427,692216,FF,94.6,2343,-0.47,1.34,-0.8853759686332784,2.129260187939683,2,0,2,5,Bot,,,,1,1,L,R,CLE,DET,38,3
2025-10-02,656427,692216,SI,91.7,2101,-1.03,0.73,-1.5706332780467664,2.834221332163101,1,0,2,5,Bot,,,,1,1,L,R,CLE,DET,38,2
2025-10-02,656427,692216,KC,78.4,2439,1.1,-0.83,-1.681495339940419,1.058199912304032,0,0,2,5,Bot,,,,1,1,L,R,CLE,DET,38,1
2025-10-02,656427,666310,FF,95.6,,-0.41,1.27,-0.7228175560297325,2.0425360320906876,2,2,1,5,Bot,,,,1,1,L,R,CLE,DET,37,5
2025-10-02,656427,666310,SL,87.9,,0.67,0.26,0.9940536521103188,0.4305992346101415,1,2,1,5,Bot,,,,1,1,L,R,CLE,DET,37,4
2025-10-02,656427,666310,CH,87.8,,-1.16,0.73,-0.5317421917086582,1.8428893688896943,1,1,1,5,Bot,,,,1,1,L,R,CLE,DET,37,3
2025-10-02,656427,666310,CH,87.4,2024,-1.15,0.76,-0.8987991004947968,1.1817601804118774,0,1,1,5,Bot,,,,1,1,L,R,CLE,DET,37,2
2025-10-02,656427,666310,SL,88.1,2553,0.5,0.36,-0.8858777480577351,1.6313810825591055,0,0,1,5,Bot,,,,1,1,L,R,CLE,DET,37,1
2025-10-02,656427,672356,FF,93.8,2317,-0.49,1.15,-0.4604475552650513,2.526868780833607,1,0,0,5,Bot,,,,1,1,R,R,CLE,DET,36,2
2025-10-02,656427,672356,SL,86.8,,0.49,0.25,0.7615736684983427,0.8671192747901459,0,0,0,5,Bot,,,,1,1,R,R,CLE,DET,36,1
2025-10-02,676282,672761,CH,80.2,1392,0.53,0.7,1.04663672410399,2.4586957414417556,2,2,1,5,Top,681481,,,1,1,R,L,CLE,DET,35,5
2025-10-02,676282,672761,CH,79.8,1384,0.48,0.89,0.951937779254942,1.951854996037857,2,1,1,5,Top,681481,,,1,1,R,L,CLE,DET,35,4
2025-10-02,676282,672761,CH,79.0,1378,0.56,0.92,0.5307169442512654,4.001090136869481,1,1,1,5,Top,681481,,,1,1,R,L,CLE,DET,35,3
2025-10-02,676282,672761,CH,79.7,1307,0.6,0.79,1.6946934840295471,4.519302490787664,0,1,1,5,Top,681481,,,1,1,R,L,CLE,DET,35,2
2025-10-02,676282,672761,FF,90.9,1724,0.13,1.42,0.0469806684889025,2.2847678952121484,0,0,1,5,Top,681481,,,1,1,R,L,CLE,DET,35,1
2025-10-02,676282,681481,SL,85.4,1944,-0.39,0.61,1.1046342187255078,4.453223218238389,3,0,1,5,Top,,,,1,1,L,L,CLE,DET,34,4
2025-10-02,676282,681481,SL,86.6,1924,-0.22,0.37,-0.1039347477693546,1.3099713978376686,2,0,1,5,Top,,,,1,1,L,L,CLE,DET,34,3
2025-10-02,676282,681481,CU,78.0,2628,-0.49,-1.38,0.1610518186346925,1.2542652613803895,1,0,1,5,Top,,,,1,1,L,L,CLE,DET,34,2
2025-10-02,676282,681481,CU,77.2,2775,-0.46,-1.47,0.0074777293312787,1.3137295402912414,0,0,1,5,Top,,,,1,1,L,L,CLE,DET,34,1
2025-10-02,676282,650402,CH,80.8,1455,0.7,1.07,0.600368705873426,2.3659687256650557,3,2,0,5,Top,,,,1,1,R,L,CLE,DET,33,6
2025-10-02,676282,650402,CU,78.3,2381,-0.62,-1.13,0.094682342501964,1.2485840916967463,2,2,0,5,Top,,,,1,1,R,L,CLE,DET,33,5
2025-10-02,676282,650402,CU,77.7,2622,-0.55,-1.32,1.1976964739112583,3.1370604093184067,1,2,0,5,Top,,,,1,1,R,L,CLE,DET,33,4
2025-10-02,676282,650402,CU,80.8,2850,-0.57,-1.47,-0.5551427315948905,-0.1565256934607166,0,2,0,5,Top,,,,1,1,R,L,CLE,DET,33,3
2025-10-02,676282,650402,FF,93.8,1823,0.66,1.51,-0.7463607552968405,1.7309009471496055,0,1,0,5,Top,,,,1,1,R,L,CLE,DET,33,2
2025-10-02,676282,650402,CU,76.8,2647,-0.59,-1.47,0.0809593581897017,3.3456717409327386,0,0,0,5,Top,,,,1,1,R,L,CLE,DET,33,1
2025-10-02,656427,800050,CH,86.3,1914,-0.98,0.78,-0.9902969395318982,2.0556699254668196,0,1,1,4,Bot,700932,,,1,1,L,R,CLE,DET,32,2
2025-10-02,656427,800050,CH,86.1,1969,-1.57,0.31,-0.4988874525164239,1.7118487920917107,0,0,1,4,Bot,700932,,,1,1,L,R,CLE,DET,32,1
2025-10-02,656427,700932,KC,79.8,2471,1.12,-0.77,-0.2818967416424053,0.385948511344564,3,2,1,4,Bot,,,,1,1,L,R,CLE,DET,31,6
2025-10-02,656427,700932,FF,95.2,2306,-0.36,1.25,-0.3793672693384789,2.7079774204623037,3,1,1,4,Bot,,,,1,1,L,R,CLE,DET,31,5
2025-10-02,656427,700932,FF,95.4,2310,-0.56,1.18,-0.9384891146865216,2.1278871970317237,2,1,1,4,Bot,,,,1,1,L,R,CLE,DET,31,4
2025-10-02,656427,700932,KC,78.3,2424,1.13,-0.43,-1.1100683721041544,3.250429214844918,1,1,0,4,Bot,608070,,,1,1,L,R,CLE,DET,31,3
2025-10-02,656427,700932,FF,94.6,2320,-0.34,1.2,-0.8410141537750342,2.395202223980228,0,1,0,4,Bot,608070,,,1,1,L,R,CLE,DET,31,2
2025-10-02,656427,700932,FF,94.9,2190,-0.46,1.15,-0.0519632090528588,2.009029825437165,0,0,0,4,Bot,608070,,,1,1,L,R,CLE,DET,31,1
2025-10-02,656427,608070,KC,80.0,2428,0.92,-0.67,-0.6017197953732873,1.0766730752371418,3,2,0,4,Bot,,671655,,0,1,L,R,CLE,DET,30,6
2025-10-02,656427,608070,KC,79.8,2501,1.28,-0.65,-0.1344721313307935,1.5568128859444617,3,1,0,4,Bot,,671655,,0,1,L,R,CLE,DET,30,5
2025-10-02,656427,608070,SL,86.9,2469,0.66,0.26,-0.6822122956955381,1.640516097051092,3,0,0,4,Bot,,671655,,0,1,L,R,CLE,DET,30,4
2025-10-02,656427,608070,SL,86.4,2439,0.58,0.24,0.3447567550880521,0.9320571024233416,2,0,0,4,Bot,,671655,,0,1,L,R,CLE,DET,30,3
2025-10-02,656427,608070,SL,87.2,2406,0.55,0.35,-0.9609139709638388,1.9690084269349093,1,0,0,4,Bot,,671655,,0,1,L,R,CLE,DET,30,2
2025-10-02,656427,608070,KC,79.3,2388,0.98,-0.56,0.3490904650882397,1.1810533791346227,0,0,0,4,Bot,,671655,,0,1,L,R,CLE,DET,30,1
2025-10-02,656427,671655,KC,80.7,2403,0.75,-0.77,0.2273469774773555,1.689977641135409,2,2,0,4,Bot,,,,0,1,L,R,CLE,DET,29,5
2025-10-02,656427,671655,SL,87.3,2503,0.64,0.21,0.064918385940774,1.5752598315571813,2,1,0,4,Bot,,,,0,1,L,R,CLE,DET,29,4
2025-10-02,656427,671655,SL,86.8,2514,0.57,0.26,1.5847087938195048,0.2583359272783414,1,1,0,4,Bot,,,,0,1,L,R,CLE,DET,29,3
2025-10-02,656427,671655,CH,88.0,1961,-1.22,0.46,-0.3842178769213993,0.7560040802413948,0,1,0,4,Bot,,,,0,1,L,R,CLE,DET,29,2
2025-10-02,656427,671655,FF,94.2,2294,-0.53,1.38,-0.8592770203227329,1.6621489629874595,0,0,0,4,Bot,,,,0,1,L,R,CLE,DET,29,1
2025-10-02,676282,678009,SL,87.0,2024,-0.27,0.59,-0.0652730314366416,1.824700978277452,2,0,2,4,Top,656716,682985,,1,0,L,L,CLE,DET,28,3
2025-10-02,676282,678009,SL,85.6,2131,-0.29,0.51,-0.5566007845708764,0.6331419128118587,1,0,2,4,Top,656716,682985,,1,0,L,L,CLE,DET,28,2
2025-10-02,676282,678009,FF,92.6,1877,0.44,1.55,-0.8115018126992406,3.5545859238984736,0,0,2,4,Top,656716,682985,,1,0,L,L,CLE,DET,28,1
2025-10-02,676282,595879,CH,80.4,1541,0.68,1.21,0.4370364813364389,0.74791450884351,0,2,1,4,Top,656716,682985,,1,0,R,L,CLE,DET,27,3
2025-10-02,676282,595879,FF,93.3,1835,0.8,1.49,-0.3281712963819678,2.7857869699276163,0,1,1,4,Top,656716,682985,,1,0,R,L,CLE,DET,27,2
2025-10-02,676282,595879,CH,79.3,1366,1.01,0.76,-0.2034541919079697,2.781388184856098,0,0,1,4,Top,656716,682985,,1,0,R,L,CLE,DET,27,1
2025-10-02,676282,656716,FF,91.5,1794,0.67,1.5,-0.1258148135524807,1.4434910204710465,3,0,1,4,Top,682985,,,1,0,L,L,CLE,DET,26,4
2025-10-02,676282,656716,CH,80.6,1406,1.02,0.75,0.6963830064282531,3.616505284344183,2,0,1,4,Top,682985,,,1,0,L,L,CLE,DET,26,3
2025-10-02,676282,656716,FF,91.9,1802,0.7,1.43,-0.7198533592479485,3.3816970306420586,1,0,1,4,Top,682985,,,1,0,L,L,CLE,DET,26,2
2025-10-02,676282,656716,FF,91.9,1849,0.52,1.52,-0.7412270371384658,4.44478452573785,0,0,1,4,Top,682985,,,1,0,L,L,CLE,DET,26,1
2025-10-02,676282,693307,FF,91.8,1823,0.67,1.56,-0.8500715480200554,1.6130304974372742,3,2,0,4,Top,682985,,,1,0,R,L,CLE,DET,25,6
2025-10-02,676282,693307,FF,92.3,1857,0.53,1.42,-0.7292036635797401,3.022954978096612,3,1,0,4,Top,682985,,,1,0,R,L,CLE,DET,25,5
2025-10-02,676282,693307,CH,80.8,1604,0.79,1.14,0.9771010155421068,3.5324406144441456,2,1,0,4,Top,682985,,,1,0,R,L,CLE,DET,25,4
2025-10-02,676282,693307,CH,80.8,1455,1.13,0.74,0.4120093123835312,4.029653278414461,1,1,0,4,Top,682985,,,1,0,R,L,CLE,DET,25,3
2025-10-02,676282,693307,CH,80.5,1428,0.57,1.18,-0.7196761234574879,0.7710985901727558,1,0,0,4,Top,682985,,,1,0,R,L,CLE,DET,25,2
2025-10-02,676282,693307,FF,93.0,1754,0.62,1.31,1.0313534312228665,3.931355048513848,0,0,0,4,Top,682985,,,1,0,R,L,CLE,DET,25,1
2025-10-02,676282,682985,FF,93.4,1945,0.64,1.47,0.3376021871982385,2.2686053599615468,2,1,0,4,Top,,,,1,0,L,L,CLE,DET,24,4
2025-10-02,676282,682985,CH,80.2,1582,0.94,1.06,1.3669794563970454,2.778832153389641,2,0,0,4,Top,,,,1,0,L,L,CLE,DET,24,3
2025-10-02,676282,682985,FF,92.6,1882,0.62,1.25,-1.169357902728419,3.5675860625678317,1,0,0,4,Top,,,,1,0,L,L,CLE,DET,24,2
2025-10-02,676282,682985,FF,92.8,1828,0.8,1.32,-0.7810756734036618,2.0995258186435155,0,0,0,4,Top,,,,1,0,L,L,CLE,DET,24,1
2025-10-02,656427,680757,SL,86.0,2403,0.56,0.12,0.3146651068486832,1.478815221223705,1,1,2,3,Bot,,,,0,1,L,R,CLE,DET,23,3
2025-10-02,656427,680757,CH,87.2,1920,-1.4,0.58,-0.3130545721097402,0.5218314885848052,0,1,2,3,Bot,,,,0,1,L,R,CLE,DET,23,2
2025-10-02,656427,680757,FF,94.0,2337,-0.46,1.26,-0.6445684615298464,1.5056495026908123,0,0,2,3,Bot,,,,0,1,L,R,CLE,DET,23,1
2025-10-02,656427,677587,KC,79.9,2386,0.9,-0.81,0.6429421854213844,1.045483844752909,2,2,1,3,Bot,,,,0,1,L,R,CLE,DET,22,5
2025-10-02,656427,677587,SL,86.1,2454,0.68,0.33,0.2243508926593105,2.4446204747564426,2,1,1,3,Bot,,,,0,1,L,R,CLE,DET,22,4
2025-10-02,656427,677587,SL,86.0,2459,0.85,0.3,-0.1616226075657727,0.7793726928201483,1,1,1,3,Bot,,,,0,1,L,R,CLE,DET,22,3
2025-10-02,656427,677587,FF,93.9,2296,-0.63,1.32,-1.4246349388835595,1.6550575653127215,0,1,1,3,Bot,,,,0,1,L,R,CLE,DET,22,2
2025-10-02,656427,677587,SL,86.0,2462,0.79,0.29,-0.604415794659277,2.147105852261934,0,0,1,3,Bot,,,,0,1,L,R,CLE,DET,22,1
2025-10-02,656427,692216,FF,95.0,2349,-0.56,1.26,-0.3680167905690964,2.798092479697418,2,1,0,3,Bot,,,,0,1,L,R,CLE,DET,21,4
2025-10-02,656427,692216,SL,84.2,2314,0.68,0.13,-0.3364236630857083,2.412502334524299,2,0,0,3,Bot,,,,0,1,L,R,CLE,DET,21,3
2025-10-02,656427,692216,KC,77.7,2406,1.07,-0.84,-1.7077078593692516,1.537577623697977,1,0,0,3,Bot,,,,0,1,L,R,CLE,DET,21,2
2025-10-02,656427,692216,KC,76.8,2349,1.1,-0.96,-1.7618894498669335,1.9842006750523415,0,0,0,3,Bot,,,,0,1,L,R,CLE,DET,21,1
2025-10-02,682120,679529,FF,94.1,2362,0.54,0.73,-0.6209156836334383,1.1757960832395968,2,2,2,3,Top,,681481,650402,1,0,R,L,CLE,DET,20,6
2025-10-02,682120,679529,CU,80.3,2405,-0.85,-0.28,0.7167355933648998,2.2747282917914475,2,2,2,3,Top,,681481,650402,1,0,R,L,CLE,DET,20,5
2025-10-02,682120,679529,CU,81.1,2243,-0.63,-0.19,-0.1211972055823669,1.895742464319239,2,1,2,3,Top,,681481,650402,1,0,R,L,CLE,DET,20,4
2025-10-02,682120,679529,CU,81.5,2300,-0.59,-0.36,-0.4389107976004434,-0.7121634226599367,1,1,2,3,Top,,681481,650402,1,0,R,L,CLE,DET,20,3
2025-10-02,682120,679529,CU,80.4,2292,-0.8,-0.12,-0.2047725546109517,1.8335256256689427,1,0,2,3,Top,,681481,650402,1,0,R,L,CLE,DET,20,2
2025-10-02,682120,679529,CU,81.7,2360,-0.92,-0.27,-0.685994439762153,1.2332085700825297,0,0,2,3,Top,,681481,650402,1,0,R,L,CLE,DET,20,1
2025-10-02,682120,672761,CU,81.4,2272,-0.7,-0.22,0.1494257105227249,1.8318407195398891,1,2,1,3,Top,,681481,650402,1,0,R,L,CLE,DET,19,4
2025-10-02,682120,672761,FF,94.6,2209,0.72,1.1,1.504748335149925,2.6933738530070004,1,1,1,3,Top,,681481,650402,1,0,R,L,CLE,DET,19,3
2025-10-02,682120,672761,FF,94.6,2325,0.49,1.15,0.7568907475727994,2.887648589735006,1,0,1,3,Top,,681481,650402,1,0,R,L,CLE,DET,19,2
2025-10-02,682120,672761,FF,93.7,2242,0.57,1.07,1.4292665548051686,2.6531362826197644,0,0,1,3,Top,,681481,650402,1,0,R,L,CLE,DET,19,1
2025-10-02,682120,681481,SI,93.8,2276,1.48,0.51,1.058884889391443,2.1650685414453044,0,1,1,3,Top,650402,,678009,0,0,L,L,CLE,DET,18,2
2025-10-02,682120,681481,SI,94.3,2226,1.54,0.62,0.867455605520171,2.228193057942521,0,0,1,3,Top,650402,,678009,0,0,L,L,CLE,DET,18,1
2025-10-02,677944,650402,SI,95.9,2346,-1.56,0.6,-0.2583885291710581,2.7046769315329753,1,1,1,3,Top,678009,,,0,0,R,R,CLE,DET,17,3
2025-10-02,677944,650402,SL,85.5,2587,0.55,-0.22,0.2321164699692928,3.714024072111144,0,1,1,3,Top,678009,,,0,0,R,R,CLE,DET,17,2
2025-10-02,677944,650402,FF,95.3,2464,-0.81,1.27,-0.0114141862490324,2.933093635785162,0,0,1,3,Top,678009,,,0,0,R,R,CLE,DET,17,1
2025-10-02,677944,678009,CH,86.7,1718,-1.3,0.19,-0.1407962157885713,2.3948309830917656,1,1,1,3,Top,,,,0,0,L,R,CLE,DET,16,3
2025-10-02,677944,678009,CH,86.7,1846,-1.16,0.2,0.0345122474800807,0.1950091536118519,0,1,1,3,Top,,,,0,0,L,R,CLE,DET,16,2
2025-10-02,677944,678009,ST,84.9,2610,0.88,-0.07,0.2250062956132998,2.3689517075263327,0,0,1,3,Top,,,,0,0,L,R,CLE,DET,16,1
2025-10-02,677944,595879,SL,86.2,2614,0.68,-0.32,0.364498195317458,2.3971569487788913,2,2,0,3,Top,,,,0,0,R,R,CLE,DET,15,7
2025-10-02,677944,595879,CU,78.0,2610,0.78,-1.32,0.5806104146322472,1.5134297899235278,2,2,0,3,Top,,,,0,0,R,R,CLE,DET,15,6
2025-10-02,677944,595879,SL,86.3,2570,0.4,-0.17,2.4055261693060017,1.8777429614455816,1,2,0,3,Top,,,,0,0,R,R,CLE,DET,15,5
2025-10-02,677944,595879,SL,84.5,2606,0.45,-0.35,1.7468729507359932,1.3603612874771347,1,2,0,3,Top,,,,0,0,R,R,CLE,DET,15,4
2025-10-02,677944,595879,SL,84.5,2525,0.36,-0.22,1.41205063941279,2.2675028997141404,1,1,0,3,Top,,,,0,0,R,R,CLE,DET,15,3
2025-10-02,677944,595879,CU,79.0,2425,0.62,-0.64,2.1960110900813024,0.213173197653826,0,1,0,3,Top,,,,0,0,R,R,CLE,DET,15,2
2025-10-02,677944,595879,SL,85.1,2653,0.39,-0.34,1.1919646709595435,1.7690148977181273,0,0,0,3,Top,,,,0,0,R,R,CLE,DET,15,1
2025-10-02,656427,666310,KC,80.4,2497,0.83,-0.42,-0.2349610081420887,1.4125600381162244,3,2,2,2,Bot,800050,,,0,0,L,R,CLE,DET,14,8
2025-10-02,656427,666310,SL,86.7,2530,0.27,0.49,-0.8619197069124032,2.320824095096534,3,2,2,2,Bot,800050,,,0,0,L,R,CLE,DET,14,7
2025-10-02,656427,666310,FF,95.3,2360,-0.69,1.45,-1.2509797106014413,2.1334996308377967,3,2,2,2,Bot,800050,,,0,0,L,R,CLE,DET,14,6
2025-10-02,656427,666310,SL,85.3,2471,0.53,0.37,-0.6821198618315556,2.621400413357055,3,1,2,2,Bot,800050,,,0,0,L,R,CLE,DET,14,5
2025-10-02,656427,666310,FF,94.2,2213,-0.25,1.23,0.5082521492156324,1.3720415320767136,2,1,2,2,Bot,800050,,,0,0,L,R,CLE,DET,14,4
2025-10-02,656427,666310,FF,93.6,2129,-0.28,1.29,-0.5911683792636624,2.924607638046262,2,0,2,2,Bot,800050,,,0,0,L,R,CLE,DET,14,3
2025-10-02,656427,666310,SL,87.6,2461,0.48,0.38,0.4442942324095263,0.6878283397523806,1,0,2,2,Bot,800050,,,0,0,L,R,CLE,DET,14,2
2025-10-02,656427,666310,KC,78.6,2381,1.06,-0.91,-0.8829605012548836,0.9111560533363804,0,0,2,2,Bot,800050,,,0,0,L,R,CLE,DET,14,1
2025-10-02,656427,672356,KC,78.2,2374,0.82,-0.77,0.2477652251553265,0.7326012517782394,0,2,1,2,Bot,800050,,,0,0,R,R,CLE,DET,13,3
2025-10-02,656427,672356,FF,93.3,2379,-0.67,1.4,-0.6577847589317487,2.014085816853245,0,1,1,2,Bot,800050,,,0,0,R,R,CLE,DET,13,2
2025-10-02,656427,672356,FF,93.4,2414,-0.69,1.36,-1.0371530780248426,2.2482312179149995,0,0,1,2,Bot,800050,,,0,0,R,R,CLE,DET,13,1
2025-10-02,656427,800050,KC,77.5,2389,1.04,-0.47,-0.0520272307066499,1.8609717840959017,0,0,1,2,Bot,,,,0,0,L,R,CLE,DET,12,1
2025-10-02,656427,700932,FF,94.8,2407,-0.49,1.48,-0.2216583700657364,2.7870416880814872,1,2,0,2,Bot,,,,0,0,L,R,CLE,DET,11,4
2025-10-02,656427,700932,KC,77.9,2380,0.99,-0.85,-0.4706925766261322,1.7515160055546368,1,1,0,2,Bot,,,,0,0,L,R,CLE,DET,11,3
2025-10-02,656427,700932,FF,93.6,2334,-0.56,1.44,-0.9118253092994084,2.9999156371521836,1,0,0,2,Bot,,,,0,0,L,R,CLE,DET,11,2
2025-10-02,656427,700932,SL,85.3,2512,0.44,0.41,0.0590249023548511,1.1768559114472734,0,0,0,2,Bot,,,,0,0,L,R,CLE,DET,11,1
2025-10-02,677944,656716,CH,87.0,1832,-1.25,0.17,0.1948975259115959,1.302068890760347,1,1,2,2,Top,,,,0,0,L,R,CLE,DET,10,3
2025-10-02,677944,656716,CH,86.4,1747,-1.2,0.14,-2.800888114378103,3.3836502942759044,0,1,2,2,Top,,,,0,0,L,R,CLE,DET,10,2
2025-10-02,677944,656716,CU,76.3,2416,0.87,-1.15,-0.0552765297240241,2.390513966596668,0,0,2,2,Top,,,,0,0,L,R,CLE,DET,10,1
2025-10-02,677944,693307,FF,95.4,2380,-0.84,1.46,0.1312391250572362,3.886261642886976,1,2,1,2,Top,,,,0,0,R,R,CLE,DET,9,4
2025-10-02,677944,693307,FF,96.4,2432,-1.1,1.27,0.054421938056514,4.870971675516056,0,2,1,2,Top,,,,0,0,R,R,CLE,DET,9,3
2025-10-02,677944,693307,FF,93.2,2272,-1.16,1.35,-0.7177033640077888,3.1667382489155886,0,1,1,2,Top,,,,0,0,R,R,CLE,DET,9,2
2025-10-02,677944,693307,FC,88.5,2328,0.05,0.27,0.6104883952323009,2.617116377929184,0,0,1,2,Top,,,,0,0,R,R,CLE,DET,9,1
2025-10-02,677944,682985,FF,94.1,2382,-1.03,1.28,-0.2060118654342148,3.3111876531919675,0,0,0,2,Top,,,,0,0,L,R,CLE,DET,8,1
2025-10-02,656427,608070,SL,87.7,2578,0.66,0.2,0.3667546039249308,0.7813539886078305,3,2,2,1,Bot,,,,0,0,L,R,CLE,DET,7,6
2025-10-02,656427,608070,KC,78.0,2393,0.88,-0.7,-0.4059093183413775,1.74761557396132,3,1,2,1,Bot,,,,0,0,L,R,CLE,DET,7,5
2025-10-02,656427,608070,FF,94.7,2370,-0.44,1.38,-0.4640976394225866,2.4225284538199334,3,0,2,1,Bot,,,,0,0,L,R,CLE,DET,7,4
2025-10-02,656427,608070,SI,90.1,2086,-1.24,0.59,-1.727955947916242,1.914996385697583,2,0,2,1,Bot,,,,0,0,L,R,CLE,DET,7,3
2025-10-02,656427,608070,SL,86.3,2477,0.64,0.25,-0.5079873617473584,1.1007982452769736,1,0,2,1,Bot,,,,0,0,L,R,CLE,DET,7,2
2025-10-02,656427,608070,KC,78.7,2431,1.01,-0.71,0.0746401930854298,1.2977955136924342,0,0,2,1,Bot,,,,0,0,L,R,CLE,DET,7,1
2025-10-02,656427,671655,KC,76.9,2361,1.04,-0.41,-0.7046812445889583,2.094261477154471,1,1,1,1,Bot,,,,0,0,L,R,CLE,DET,6,3
2025-10-02,656427,671655,SL,85.9,2605,0.5,0.34,-0.4612375838139422,1.6473347560249685,1,0,1,1,Bot,,,,0,0,L,R,CLE,DET,6,2
2025-10-02,656427,671655,SL,87.1,2473,0.74,0.36,-0.0579167109218331,1.285423472300136,0,0,1,1,Bot,,,,0,0,L,R,CLE,DET,6,1
2025-10-02,656427,680757,SL,86.1,2528,0.51,0.39,-0.2918128865541308,1.7939510753856718,2,2,0,1,Bot,,,,0,0,L,R,CLE,DET,5,5
2025-10-02,656427,680757,FF,92.6,2284,-0.74,1.22,0.0666752359085369,3.9978639634870623,1,2,0,1,Bot,,,,0,0,L,R,CLE,DET,5,4
2025-10-02,656427,680757,SL,85.8,2397,0.74,0.16,-0.2776301973167057,2.743641450915034,1,1,0,1,Bot,,,,0,0,L,R,CLE,DET,5,3
2025-10-02,656427,680757,FF,94.1,2222,-0.79,1.21,-0.3205616110647651,2.4913712080184456,1,0,0,1,Bot,,,,0,0,L,R,CLE,DET,5,2
2025-10-02,656427,680757,FF,92.2,2260,-0.73,1.14,0.1929886269374093,0.9572193463748364,0,0,0,1,Bot,,,,0,0,L,R,CLE,DET,5,1
2025-10-02,677944,679529,FF,97.2,2458,-0.85,1.35,0.8833259772213747,3.24090385890788,2,2,2,1,Top,681481,,,0,0,R,R,CLE,DET,4,5
2025-10-02,677944,679529,FF,94.6,2419,-0.93,1.27,0.6221059144649262,1.947276292038529,2,1,2,1,Top,681481,,,0,0,R,R,CLE,DET,4,4
2025-10-02,677944,679529,FF,95.3,2513,-1.08,1.27,1.0280402355803853,2.4537607073562437,1,1,2,1,Top,681481,,,0,0,R,R,CLE,DET,4,3
2025-10-02,677944,679529,FF,95.9,2493,-0.88,1.38,0.7826030232080036,4.069583851930298,0,1,2,1,Top,681481,,,0,0,R,R,CLE,DET,4,2
2025-10-02,677944,679529,FF,96.1,2489,-0.89,1.3,-0.1852506671541163,2.415977686628686,0,0,2,1,Top,681481,,,0,0,R,R,CLE,DET,4,1
2025-10-02,677944,672761,ST,84.7,2741,0.86,-0.25,-0.5437636496743596,2.6968816314080706,2,2,1,1,Top,681481,,,0,0,L,R,CLE,DET,3,7
2025-10-02,677944,672761,CH,85.8,1687,-1.15,0.27,-0.641953610437241,2.959489506985491,2,2,1,1,Top,681481,,,0,0,L,R,CLE,DET,3,6
2025-10-02,677944,672761,FF,96.1,2454,-0.75,1.42,0.3427858254238696,3.4746924341570087,2,2,1,1,Top,681481,,,0,0,L,R,CLE,DET,3,5
2025-10-02,677944,672761,CU,80.2,2527,0.86,-1.02,-1.0174266918996293,3.9570898308568623,1,2,1,1,Top,681481,,,0,0,L,R,CLE,DET,3,4
2025-10-02,677944,672761,FF,96.7,2517,-0.94,1.3,0.7573146556545721,4.166220312829313,0,2,1,1,Top,681481,,,0,0,L,R,CLE,DET,3,3
2025-10-02,677944,672761,FF,97.0,2565,-1.01,1.19,0.3747784875876582,2.7781826560446943,0,1,1,1,Top,681481,,,0,0,L,R,CLE,DET,3,2
2025-10-02,677944,672761,FF,96.1,2451,-0.85,1.51,-0.4186595233366328,2.7907091427947965,0,0,1,1,Top,681481,,,0,0,L,R,CLE,DET,3,1
2025-10-02,677944,681481,SL,85.9,2591,0.41,-0.35,0.8942721894272132,0.5864691050621147,3,2,1,1,Top,,,,0,0,L,R,CLE,DET,2,7
2025-10-02,677944,681481,CU,80.3,2484,0.74,-1.08,-0.7518499031130005,1.4166873717959834,2,2,1,1,Top,,,,0,0,L,R,CLE,DET,2,6
2025-10-02,677944,681481,CH,89.6,1853,-1.18,0.24,0.0181132199576137,0.4196812782697776,1,2,1,1,Top,,,,0,0,L,R,CLE,DET,2,5
2025-10-02,677944,681481,SL,88.1,2716,0.31,-0.25,0.5247543938251704,0.9958997824519976,1,2,1,1,Top,,,,0,0,L,R,CLE,DET,2,4
2025-10-02,677944,681481,FF,95.4,2498,-1.07,1.19,-0.6953766704292834,3.5498850950499055,1,1,1,1,Top,,,,0,0,L,R,CLE,DET,2,3
2025-10-02,677944,681481,FF,95.8,2490,-0.92,1.35,-0.319179191228113,2.725210799801228,1,0,1,1,Top,,,,0,0,L,R,CLE,DET,2,2
2025-10-02,677944,681481,CH,88.5,1877,-1.21,0.32,-0.4024582713454852,1.2733261458363283,0,0,1,1,Top,,,,0,0,L,R,CLE,DET,2,1
2025-10-02,677944,650402,FC,88.7,2340,0.28,0.15,-0.2889284378856137,2.389864914459628,3,2,0,1,Top,,,,0,0,R,R,CLE,DET,1,7
2025-10-02,677944,650402,FC,88.5,2323,0.08,0.38,0.7781305579601383,1.6346189619090916,3,2,0,1,Top,,,,0,0,R,R,CLE,DET,1,6
2025-10-02,677944,650402,CU,76.0,2589,0.78,-1.28,0.7015893479039796,1.0008642396998786,2,2,0,1,Top,,,,0,0,R,R,CLE,DET,1,5
2025-10-02,677944,650402,FC,88.4,2267,0.33,0.55,0.6148071760696234,2.195396930278131,2,1,0,1,Top,,,,0,0,R,R,CLE,DET,1,4
2025-10-02,677944,650402,FF,95.0,2520,-0.9,1.29,1.160764066350258,1.9490262501647335,1,1,0,1,Top,,,,0,0,R,R,CLE,DET,1,3
2025-10-02,677944,650402,FC,88.7,2331,0.27,0.58,0.8817960651315542,1.7268760037884074,1,0,0,1,Top,,,,0,0,R,R,CLE,DET,1,2
2025-10-02,677944,650402,FC,89.1,2335,0.18,0.39,1.0734847231401778,0.8693044464704474,0,0,0,1,Top,,,,0,0,R,R,CLE,DET,1,1
2025-10-02,670280,663993,FF,97.1,2493,-0.72,1.52,0.5910777849722703,2.7954560619302447,0,1,2,9,Top,807799,,,0,4,L,R,NYY,BOS,68,2
2025-10-02,670280,663993,CU,77.7,2475,0.98,-0.49,-0.1040004155030623,2.5981674750658077,0,0,2,9,Top,807799,,,0,4,L,R,NYY,BOS,68,1
2025-10-02,670280,678882,CU,79.6,2457,0.76,-0.56,0.6479262405410094,1.046653547447078,1,2,1,9,Top,807799,,,0,4,R,R,NYY,BOS,67,4
2025-10-02,670280,678882,FS,93.0,1813,-0.44,0.29,1.155582664072956,0.8702801217339702,0,2,1,9,Top,807799,,,0,4,R,R,NYY,BOS,67,3
2025-10-02,670280,678882,CU,77.9,2497,0.83,-0.89,0.4497408097083584,1.56711831602958,0,1,1,9,Top,807799,,,0,4,R,R,NYY,BOS,67,2
2025-10-02,670280,678882,CU,78.4,2469,0.65,-0.87,0.170224738135911,3.4492400619807233,0,0,1,9,Top,807799,,,0,4,R,R,NYY,BOS,67,1
2025-10-02,670280,807799,FS,91.9,1899,-0.86,0.32,0.004199521619789,1.3054201009038482,0,1,0,9,Top,608324,,,0,4,L,R,NYY,BOS,66,2
2025-10-02,670280,807799,FF,96.5,2503,-0.82,1.62,-0.1465695646122515,2.5081315311729693,0,0,0,9,Top,608324,,,0,4,L,R,NYY,BOS,66,1
2025-10-02,670280,608324,CU,78.5,2453,0.77,-0.35,-0.88149665675932,2.9392949126799883,3,2,0,9,Top,,,,0,4,R,R,NYY,BOS,65,6
2025-10-02,670280,608324,FS,92.7,1802,-0.44,0.62,1.800030423801743,1.6672441893327603,2,2,0,9,Top,,,,0,4,R,R,NYY,BOS,65,5
2025-10-02,670280,608324,CU,78.9,2391,0.83,-0.42,-0.5156759239109313,2.950774158299105,2,1,0,9,Top,,,,0,4,R,R,NYY,BOS,65,4
2025-10-02,670280,608324,CU,78.2,2539,0.7,-0.47,0.7777437812198249,1.6063189329454728,1,1,0,9,Top,,,,0,4,R,R,NYY,BOS,65,3
2025-10-02,670280,608324,CU,77.1,2489,0.75,-0.59,0.8503353660515014,1.9992548727480377,1,0,0,9,Top,,,,0,4,R,R,NYY,BOS,65,2
2025-10-02,670280,608324,FF,97.3,2478,-0.77,1.67,0.5128746005466843,1.3003275589686416,0,0,0,9,Top,,,,0,4,R,R,NYY,BOS,65,1
2025-10-02,547973,683011,FS,91.0,852,0.6,0.25,-0.4305228961059413,1.6380602774665047,2,2,2,8,Bot,502671,,,4,0,R,L,NYY,BOS,64,5
2025-10-02,547973,683011,FF,99.4,2501,0.26,1.57,0.1775708501634368,2.892099337671402,2,1,2,8,Bot,502671,,,4,0,R,L,NYY,BOS,64,4
2025-10-02,547973,683011,FF,98.9,2429,0.15,1.6,1.3988349457269904,3.9835473993445616,1,1,2,8,Bot,502671,,,4,0,R,L,NYY,BOS,64,3
2025-10-02,547973,683011,FS,90.9,738,0.63,0.02,1.43725592156472,2.2198817378862663,0,1,2,8,Bot,502671,,,4,0,R,L,NYY,BOS,64,2
2025-10-02,547973,683011,FF,100.8,2578,0.33,1.61,-0.293968313604079,3.356571662161079,0,0,2,8,Bot,502671,,,4,0,R,L,NYY,BOS,64,1
2025-10-02,547973,665862,SI,100.7,2514,1.42,1.2,-0.7053961899600061,3.151413131524228,0,2,1,8,Bot,502671,,,4,0,L,L,NYY,BOS,63,4
2025-10-02,547973,665862,SL,87.4,2498,-1.2,0.15,-0.5750422225822229,2.7372182068085777,0,2,1,8,Bot,502671,,,4,0,L,L,NYY,BOS,63,3
2025-10-02,547973,665862,FF,100.3,2518,0.14,1.61,0.2675719518625493,3.6830647589092154,0,1,1,8,Bot,502671,,,4,0,L,L,NYY,BOS,63,2
2025-10-02,547973,665862,FF,100.8,2516,0.17,1.46,0.4513146438276788,2.977888866337513,0,0,1,8,Bot,502671,,,4,0,L,L,NYY,BOS,63,1
2025-10-02,547973,641857,SL,87.1,2389,-1.12,0.31,-0.4045127491983169,1.8042585763041743,0,2,0,8,Bot,502671,,,4,0,L,L,NYY,BOS,62,5
2025-10-02,547973,641857,SL,85.7,2308,-0.94,0.36,0.5202504631173327,3.1495412142412684,0,2,0,8,Bot,502671,,,4,0,L,L,NYY,BOS,62,4
2025-10-02,547973,641857,FF,99.1,2338,0.36,1.49,-0.1967790593600617,3.116744804978583,0,2,0,8,Bot,502671,,,4,0,L,L,NYY,BOS,62,3
2025-10-02,547973,641857,FF,98.2,2414,0.59,1.54,0.283311351875111,2.2703823264113265,0,1,0,8,Bot,502671,,,4,0,L,L,NYY,BOS,62,2
2025-10-02,547973,641857,FF,98.8,2458,0.73,1.51,0.2574556849164134,2.550491393660505,0,0,0,8,Bot,502671,,,4,0,L,L,NYY,BOS,62,1
2025-10-02,547973,502671,FS,88.0,1067,0.51,0.06,0.4148393793842947,2.4419571885604445,0,1,0,8,Bot,,,,4,0,R,L,NYY,BOS,61,2
2025-10-02,547973,502671,FF,97.8,2438,0.08,1.71,-0.3886881146265419,2.112737889094232,0,0,0,8,Bot,,,,4,0,R,L,NYY,BOS,61,1
2025-10-02,693645,596115,SI,98.4,2221,-1.18,1.04,-0.531271139117492,2.184761362052482,0,0,2,8,Top,,,,0,4,R,R,NYY,BOS,60,1
2025-10-02,693645,680776,FC,95.5,2303,0.6,0.77,0.1551295241255345,3.479275946952729,0,0,1,8,Top,,,,0,4,L,R,NYY,BOS,59,1
2025-10-02,693645,663853,FF,97.6,2505,-0.18,1.46,0.2309689842802851,4.028462638617342,2,2,0,8,Top,,,,0,4,R,R,NYY,BOS,58,5
2025-10-02,693645,663853,FC,90.1,2645,0.76,0.11,0.095263568979112,1.34742343193017,1,2,0,8,Top,,,,0,4,R,R,NYY,BOS,58,4
2025-10-02,693645,663853,FF,98.1,2376,-0.4,1.57,-0.392863561793947,3.182852992600078,1,1,0,8,Top,,,,0,4,R,R,NYY,BOS,58,3
2025-10-02,693645,663853,FC,91.3,2541,0.62,0.5,1.923530791632535,1.980272693660981,0,1,0,8,Top,,,,0,4,R,R,NYY,BOS,58,2
2025-10-02,693645,663853,SI,96.6,2171,-0.98,0.99,0.0502887552304596,2.371775036579159,0,0,0,8,Top,,,,0,4,R,R,NYY,BOS,58,1
2025-10-02,669711,519317,SI,94.9,2238,-1.5,0.3,-0.8643938851759494,2.5939801242990805,3,2,2,7,Bot,,,,4,0,R,R,NYY,BOS,57,6
2025-10-02,669711,519317,FF,94.2,2293,-1.13,0.64,-0.1665845997610682,2.6731344431011337,3,1,2,7,Bot,,,,4,0,R,R,NYY,BOS,57,5
2025-10-02,669711,519317,SI,95.4,2058,-1.5,0.12,-0.2846236844417862,2.1019710203260806,3,0,2,7,Bot,,,,4,0,R,R,NYY,BOS,57,4
2025-10-02,669711,519317,SI,94.1,2014,-1.57,0.19,-1.1287198531737843,2.2362140390974683,2,0,2,7,Bot,,,,4,0,R,R,NYY,BOS,57,3
2025-10-02,669711,519317,CH,86.2,1651,-1.48,-0.24,1.4222609401520687,2.7913514421367243,1,0,2,7,Bot,,,,4,0,R,R,NYY,BOS,57,2
2025-10-02,669711,519317,FF,95.1,2247,-1.03,0.8,1.025086527288496,3.1511101687163423,0,0,2,7,Bot,,,,4,0,R,R,NYY,BOS,57,1
2025-10-02,669711,641355,SI,94.2,2062,-1.46,0.14,-0.3080460020424345,2.5054965251108663,0,0,1,7,Bot,,,,4,0,L,R,NYY,BOS,56,1
2025-10-02,669711,592450,FF,94.7,2270,-0.9,1.21,-0.4212145221565447,3.2847661623966538,1,2,0,7,Bot,,,,4,0,R,R,NYY,BOS,55,4
2025-10-02,669711,592450,CH,85.2,1593,-1.12,-0.2,0.7681651806537455,2.01099590586967,0,2,0,7,Bot,,,,4,0,R,R,NYY,BOS,55,3
2025-10-02,669711,592450,CU,78.6,2643,1.54,-0.79,-0.2603991566625832,1.408558358829784,0,1,0,7,Bot,,,,4,0,R,R,NYY,BOS,55,2
2025-10-02,669711,592450,ST,83.4,2677,1.6,0.7,-0.7872520411001225,3.2001292577984355,0,0,0,7,Bot,,,,4,0,R,R,NYY,BOS,55,1
2025-10-02,693645,677800,FF,98.6,2444,-0.29,1.46,-0.0024017676806223,2.774303642193489,2,2,2,7,Top,,,,0,4,L,R,NYY,BOS,54,5
2025-10-02,693645,677800,FC,94.5,2371,0.21,0.67,-0.4125048200033466,2.5599795353923236,2,1,2,7,Top,,,,0,4,L,R,NYY,BOS,54,4
2025-10-02,693645,677800,FF,97.5,2312,-0.38,1.32,-1.7958149999866773,4.0398184894295905,1,1,2,7,Top,,,,0,4,L,R,NYY,BOS,54,3
2025-10-02,693645,677800,CU,85.4,2652,0.35,-1.18,0.6139759071804561,-0.0263597083399349,0,1,2,7,Top,,,,0,4,L,R,NYY,BOS,54,2
2025-10-02,693645,677800,FF,97.5,2398,-0.55,1.49,-0.316517920695298,2.9806360611062863,0,0,2,7,Top,,,,0,4,L,R,NYY,BOS,54,1
2025-10-02,693645,665966,FF,98.9,2380,-0.7,1.37,-0.8720493368992429,3.428273743472104,1,2,1,7,Top,,,,0,4,R,R,NYY,BOS,53,4
2025-10-02,693645,665966,FC,94.6,2527,0.58,0.99,0.1295842000050563,3.323827029658049,1,1,1,7,Top,,,,0,4,R,R,NYY,BOS,53,3
2025-10-02,693645,665966,FF,98.7,2437,-0.64,1.5,-0.1563821253117099,2.5216329656776733,1,0,1,7,Top,,,,0,4,R,R,NYY,BOS,53,2
2025-10-02,693645,665966,FF,96.8,2424,-0.37,1.52,-1.0032024022948418,3.8665491726762298,0,0,1,7,Top,,,,0,4,R,R,NYY,BOS,53,1
2025-10-02,693645,663993,CU,82.2,2546,0.53,-0.96,0.1955738546547062,2.3956193962207295,0,1,0,7,Top,,,,0,4,L,R,NYY,BOS,52,2
2025-10-02,693645,663993,FC,93.9,2436,0.54,0.98,-0.4116688043939018,3.734860406477333,0,0,0,7,Top,,,,0,4,L,R,NYY,BOS,52,1
2025-10-02,571927,663757,SI,94.4,2259,1.42,0.95,-0.4773935752580416,2.649911794251423,2,1,2,6,Bot,,669224,,4,0,L,L,NYY,BOS,51,4
2025-10-02,571927,663757,SI,94.7,2059,1.47,1.02,-0.5157528064464842,1.679746454503112,1,1,2,6,Bot,,669224,,4,0,L,L,NYY,BOS,51,3
2025-10-02,571927,663757,SI,94.6,2331,1.4,0.94,-1.5267906979992414,2.46064319147862,0,1,2,6,Bot,,669224,,4,0,L,L,NYY,BOS,51,2
2025-10-02,571927,663757,CU,81.0,2237,-0.59,-0.81,-0.3794115838241572,2.6272209089009437,0,0,2,6,Bot,,669224,,4,0,L,L,NYY,BOS,51,1
2025-10-02,571927,669224,SI,94.5,2098,1.45,0.89,-0.3608834792319264,1.94757169277492,0,1,1,6,Bot,665862,,,4,0,L,L,NYY,BOS,50,2
2025-10-02,571927,669224,SI,95.4,2166,1.36,1.04,-0.4414490976797405,2.236000576515135,0,0,1,6,Bot,665862,,,4,0,L,L,NYY,BOS,50,1
2025-10-02,571927,683011,SI,94.3,2209,1.24,0.97,-0.7545259557872017,2.7786778685770104,1,2,0,6,Bot,665862,,,4,0,R,L,NYY,BOS,49,4
2025-10-02,571927,683011,SI,94.6,2204,1.36,1.13,0.024877252140661,3.534434835182501,1,1,0,6,Bot,665862,,,4,0,R,L,NYY,BOS,49,3
2025-10-02,571927,683011,CH,82.8,2367,1.52,-0.23,1.3188152003793043,2.1506496294544446,0,1,0,6,Bot,665862,,,4,0,R,L,NYY,BOS,49,2
2025-10-02,571927,683011,SI,94.2,2172,1.32,1.08,0.1649250061453921,3.25551167313082,0,0,0,6,Bot,665862,,,4,0,R,L,NYY,BOS,49,1
2025-10-02,571927,665862,CH,84.0,2416,1.19,-0.15,0.3807304592374303,1.7421325660775389,1,1,0,6,Bot,,,,4,0,L,L,NYY,BOS,48,3
2025-10-02,571927,665862,CH,83.9,2342,1.13,0.0,-1.2609208686089042,1.205616227939076,0,1,0,6,Bot,,,,4,0,L,L,NYY,BOS,48,2
2025-10-02,571927,665862,SI,95.0,2151,1.31,1.13,-0.7394111676480941,2.3796814405053732,0,0,0,6,Bot,,,,4,0,L,L,NYY,BOS,48,1
2025-10-02,693645,678882,FF,98.8,2304,-0.3,1.43,0.0795366834566051,3.9567296428775736,2,2,2,6,Top,608324,,,0,4,R,R,NYY,BOS,47,5
2025-10-02,693645,678882,SI,98.7,2218,-1.1,0.69,0.2620669925550771,2.3051397777319025,2,1,2,6,Top,608324,,,0,4,R,R,NYY,BOS,47,4
2025-10-02,693645,678882,CU,84.6,2516,0.59,-1.14,1.5468991773533949,1.5244111906535425,1,1,2,6,Top,608324,,,0,4,R,R,NYY,BOS,47,3
2025-10-02,693645,678882,FC,92.2,2430,0.72,0.45,1.9371011712329156,1.0486322183036785,0,1,2,6,Top,608324,,,0,4,R,R,NYY,BOS,47,2
2025-10-02,693645,678882,FC,94.6,2364,0.47,0.79,-0.592846426829332,3.1112922395153717,0,0,2,6,Top,608324,,,0,4,R,R,NYY,BOS,47,1
2025-10-02,693645,807799,FF,97.0,2298,-0.13,1.39,-0.5703674334927029,4.190224679461966,0,2,1,6,Top,608324,,,0,4,L,R,NYY,BOS,46,3
2025-10-02,693645,807799,CU,84.0,2523,0.54,-0.56,0.4946106813964628,1.4336196406890904,0,1,1,6,Top,608324,,,0,4,L,R,NYY,BOS,46,2
2025-10-02,693645,807799,FF,98.5,2389,-0.47,1.62,-0.0935899823927966,2.891607013838705,0,0,1,6,Top,608324,,,0,4,L,R,NYY,BOS,46,1
2025-10-02,693645,608324,SI,97.7,2252,-1.13,1.11,0.4013513662257619,2.634395664692848,0,1,0,6,Top,596115,,,0,4,R,R,NYY,BOS,45,2
2025-10-02,693645,608324,SI,97.3,2201,-1.07,0.99,-0.2122529539271762,2.134920613574856,0,0,0,6,Top,596115,,,0,4,R,R,NYY,BOS,45,1
2025-10-02,693645,596115,FC,94.1,2478,0.56,0.85,0.2125963928043768,2.415064547991596,0,0,0,6,Top,,,,0,4,R,R,NYY,BOS,44,1
2025-10-02,686580,642708,CU,83.8,2687,0.46,-1.5,-0.7539112021091623,1.5774612187683186,2,2,2,5,Bot,,,,4,0,R,R,NYY,BOS,43,7
2025-10-02,686580,642708,FF,95.5,2346,0.19,1.35,0.1074444117663052,5.547522233721783,1,2,2,5,Bot,,,,4,0,R,R,NYY,BOS,43,6
2025-10-02,686580,642708,ST,83.9,2530,1.58,-0.04,0.2271189189807272,1.7652939406692356,1,2,2,5,Bot,,,,4,0,R,R,NYY,BOS,43,5
2025-10-02,686580,642708,ST,84.1,2545,0.91,-0.38,-0.379683293619331,1.0972284904194676,1,2,2,5,Bot,,,,4,0,R,R,NYY,BOS,43,4
2025-10-02,686580,642708,ST,85.1,2568,1.65,0.09,1.253515781686711,1.3140906411644933,0,2,2,5,Bot,,,,4,0,R,R,NYY,BOS,43,3
2025-10-02,686580,642708,FF,95.3,2441,-0.01,1.53,-0.3752085628615945,2.375853960821926,0,1,2,5,Bot,,,,4,0,R,R,NYY,BOS,43,2
2025-10-02,686580,642708,FC,91.8,2625,0.35,0.63,-0.5008562092143622,2.3351405746278067,0,0,2,5,Bot,,,,4,0,R,R,NYY,BOS,43,1
2025-10-02,686580,700250,FF,95.5,2450,-0.04,1.48,0.0274047281438297,3.3502347147895506,0,0,1,5,Bot,,,,4,0,L,R,NYY,BOS,42,1
2025-10-02,686580,519317,FC,90.1,2445,0.6,0.53,0.3209286839706402,2.1959638786403,0,0,0,5,Bot,,,,4,0,R,R,NYY,BOS,41,1
2025-10-02,693645,680776,FF,99.9,2401,-0.55,1.45,1.111453231913389,2.438063321894332,0,2,2,5,Top,663853,663993,,0,4,L,R,NYY,BOS,40,3
2025-10-02,693645,680776,FF,98.2,2380,-0.15,1.51,0.1491320437276051,3.403126851812568,0,1,2,5,Top,663853,663993,,0,4,L,R,NYY,BOS,40,2
2025-10-02,693645,680776,FF,99.5,2330,-0.64,1.29,-0.584627231023915,2.8482150355006532,0,0,2,5,Top,663853,663993,,0,4,L,R,NYY,BOS,40,1
2025-10-02,693645,663853,SI,99.2,2086,-1.07,1.09,0.5333839999007075,2.6165518675890143,2,2,2,5,Top,663993,,,0,4,R,R,NYY,BOS,39,5
2025-10-02,693645,663853,FF,98.2,2336,-0.51,1.32,-0.4021722830477986,4.935937291356233,1,2,2,5,Top,663993,,,0,4,R,R,NYY,BOS,39,4
2025-10-02,693645,663853,CU,83.1,2589,0.9,-1.17,0.7260052576143879,1.6782660217056122,1,1,2,5,Top,663993,,,0,4,R,R,NYY,BOS,39,3
2025-10-02,693645,663853,CU,83.8,2500,0.88,-0.77,0.846291497951914,3.8557825804765287,0,1,2,5,Top,663993,,,0,4,R,R,NYY,BOS,39,2
2025-10-02,693645,663853,FF,99.9,2337,-0.47,1.4,-0.1683791112524829,2.9650543002152823,0,0,2,5,Top,663993,,,0,4,R,R,NYY,BOS,39,1
2025-10-02,693645,677800,FF,99.4,2349,-0.57,1.53,-0.9315861447017172,3.067311863597536,0,2,1,5,Top,663993,,,0,4,L,R,NYY,BOS,38,3
2025-10-02,693645,677800,FF,98.3,2378,-0.47,1.53,-0.0583520309346849,3.4920752662584973,0,1,1,5,Top,663993,,,0,4,L,R,NYY,BOS,38,2
2025-10-02,693645,677800,FF,99.0,2393,-0.28,1.57,-0.0737561140254043,2.7778040706040708,0,0,1,5,Top,663993,,,0,4,L,R,NYY,BOS,38,1
2025-10-02,693645,665966,SI,99.0,2257,-1.28,0.76,0.6006200107099171,2.462776432149874,2,2,0,5,Top,663993,,,0,4,R,R,NYY,BOS,37,7
2025-10-02,693645,665966,SI,99.4,2285,-1.17,0.89,-0.1636122489329896,3.3262089270312005,2,2,0,5,Top,663993,,,0,4,R,R,NYY,BOS,37,6
2025-10-02,693645,665966,FF,99.3,2368,-0.52,1.44,-0.1355178052520277,2.8485044736544154,2,2,0,5,Top,663993,,,0,4,R,R,NYY,BOS,37,5
2025-10-02,693645,665966,SI,98.0,2241,-1.13,1.06,-0.7801432879629484,2.639590528008089,2,1,0,5,Top,663993,,,0,4,R,R,NYY,BOS,37,4
2025-10-02,693645,665966,FC,90.6,2440,0.58,0.5,1.6001832897452417,1.3202959268455874,1,1,0,5,Top,663993,,,0,4,R,R,NYY,BOS,37,3
2025-10-02,693645,665966,FC,91.1,2556,0.4,0.43,1.614692169200743,0.0900500768589722,0,1,0,5,Top,663993,,,0,4,R,R,NYY,BOS,37,2
2025-10-02,693645,665966,SI,98.7,2289,-1.01,1.27,-0.4682648143141708,2.5056312957834415,0,0,0,5,Top,663993,,,0,4,R,R,NYY,BOS,37,1
2025-10-02,693645,663993,FF,98.0,2427,-0.49,1.42,0.5837863128213395,3.1427057738349147,1,0,0,5,Top,,,,0,4,L,R,NYY,BOS,36,2
2025-10-02,693645,663993,FF,97.3,2318,-0.58,1.37,-0.6606652373140383,3.5424493735564697,0,0,0,5,Top,,,,0,4,L,R,NYY,BOS,36,1
2025-10-02,686580,641355,FF,96.1,2426,0.01,1.38,0.7155130893859976,2.8503422077977087,0,0,2,4,Bot,592450,669224,683011,4,0,L,R,NYY,BOS,35,1
2025-10-02,686580,592450,FF,95.5,2175,-0.12,1.39,-1.5807140692107629,4.544073872843887,0,0,2,4,Bot,669224,683011,,4,0,R,R,NYY,BOS,34,1
2025-10-02,813349,663757,ST,83.0,2509,-1.09,0.46,-0.5182101164953353,1.855444036276189,0,1,1,4,Bot,669224,683011,,4,0,L,L,NYY,BOS,33,2
2025-10-02,813349,663757,SI,91.5,2107,1.69,0.72,0.2207600790554515,1.3606199122328209,0,0,1,4,Bot,669224,683011,,4,0,L,L,NYY,BOS,33,1
2025-10-02,813349,669224,SI,92.0,2106,1.57,0.59,0.3832935128976007,2.0976958190590764,3,2,1,4,Bot,683011,665862,642708,2,0,L,L,NYY,BOS,32,9
2025-10-02,813349,669224,SI,93.0,2214,1.47,0.93,-0.911432427740539,2.8357564664496326,3,2,1,4,Bot,683011,665862,642708,2,0,L,L,NYY,BOS,32,8
2025-10-02,813349,669224,SI,94.2,2267,1.53,0.79,-1.4279681606817076,1.788253908547029,2,2,1,4,Bot,683011,665862,642708,2,0,L,L,NYY,BOS,32,7
2025-10-02,813349,669224,ST,81.9,2519,-1.12,0.11,-1.2678266107014349,2.1706285514724546,1,2,1,4,Bot,683011,665862,642708,2,0,L,L,NYY,BOS,32,6
2025-10-02,813349,669224,ST,82.3,2410,-1.01,0.1,0.1593926285687414,3.0086010760276634,1,2,1,4,Bot,683011,665862,642708,2,0,L,L,NYY,BOS,32,5
2025-10-02,813349,669224,ST,84.1,2508,-1.15,-0.29,-1.4893139211039137,0.4472231996207259,0,2,1,4,Bot,683011,665862,642708,2,0,L,L,NYY,BOS,32,4
2025-10-02,813349,669224,FF,94.0,2382,0.87,1.33,0.8609954143762165,2.8072471480838175,0,2,1,4,Bot,683011,665862,642708,2,0,L,L,NYY,BOS,32,3
2025-10-02,813349,669224,SI,94.0,2128,1.48,0.72,0.4622952788346444,2.8675502422846897,0,1,1,4,Bot,683011,665862,642708,2,0,L,L,NYY,BOS,32,2
2025-10-02,813349,669224,ST,82.4,2348,-0.93,-0.15,-0.7305044631857527,1.7805049949383398,0,0,1,4,Bot,683011,665862,642708,2,0,L,L,NYY,BOS,32,1
2025-10-02,813349,683011,FF,94.4,2395,0.71,1.33,-0.3865526184242566,3.0875379907674168,0,1,1,4,Bot,665862,642708,519317,1,0,R,L,NYY,BOS,31,2
2025-10-02,813349,683011,SL,87.5,2384,0.09,0.42,-0.1650396241703297,2.024439175813984,0,0,1,4,Bot,665862,642708,519317,1,0,R,L,NYY,BOS,31,1
2025-10-02,813349,665862,FF,94.7,2312,0.77,1.33,0.4760322557573337,3.574644230453943,0,1,1,4,Bot,642708,519317,,1,0,L,L,NYY,BOS,30,2
2025-10-02,813349,665862,FF,94.0,2213,0.82,1.3,0.0232260205595604,2.549454059525371,0,0,1,4,Bot,642708,519317,,1,0,L,L,NYY,BOS,30,1
2025-10-02,813349,642708,CH,83.6,1445,1.32,-0.05,0.7561828158545294,2.5504699304988336,1,0,1,4,Bot,519317,641355,,0,0,R,L,NYY,BOS,29,2
2025-10-02,813349,642708,CH,84.2,1395,1.14,-0.06,1.058123169928966,1.6805323623592805,0,0,1,4,Bot,519317,641355,,0,0,R,L,NYY,BOS,29,1
2025-10-02,813349,700250,ST,83.8,2591,-1.21,0.04,-0.7068705996099264,1.5782378368467669,0,2,0,4,Bot,519317,641355,,0,0,L,L,NYY,BOS,28,3
2025-10-02,813349,700250,ST,82.8,2517,-1.31,0.14,-0.2825399914249167,2.2554170601085857,0,1,0,4,Bot,519317,641355,,0,0,L,L,NYY,BOS,28,2
2025-10-02,813349,700250,SI,92.7,2150,1.65,0.66,0.3479947228513633,2.3317314439248396,0,0,0,4,Bot,519317,641355,,0,0,L,L,NYY,BOS,28,1
2025-10-02,813349,519317,FF,94.2,2268,0.79,1.31,-1.0662777591767094,3.523655398028401,3,2,0,4,Bot,,641355,,0,0,R,L,NYY,BOS,27,7
2025-10-02,813349,519317,CH,84.4,1343,1.09,-0.32,-0.3926221122122015,1.3546182419097086,3,2,0,4,Bot,,641355,,0,0,R,L,NYY,BOS,27,6
2025-10-02,813349,519317,CH,85.9,1431,1.47,-0.17,1.2205972896974184,0.9902849077876072,2,2,0,4,Bot,,641355,,0,0,R,L,NYY,BOS,27,5
2025-10-02,813349,519317,FF,93.7,2226,0.68,1.39,0.0957481037307038,2.9874834991592136,2,1,0,4,Bot,,641355,,0,0,R,L,NYY,BOS,27,4
2025-10-02,813349,519317,FF,93.4,2199,0.67,1.44,-1.1476579869686607,3.3884919592520744,1,1,0,4,Bot,,641355,,0,0,R,L,NYY,BOS,27,3
2025-10-02,813349,519317,FF,93.5,2194,0.67,1.34,-0.8360065252103667,2.548224130874017,1,0,0,4,Bot,,641355,,0,0,R,L,NYY,BOS,27,2
2025-10-02,813349,519317,FF,94.4,2194,0.79,1.34,0.8016495997390346,3.869529722219149,0,0,0,4,Bot,,641355,,0,0,R,L,NYY,BOS,27,1
2025-10-02,813349,641355,SI,93.1,2173,1.52,0.59,0.5573446819385046,2.151913206030883,3,2,0,4,Bot,,,,0,0,L,L,NYY,BOS,26,6
2025-10-02,813349,641355,ST,84.1,2516,-1.16,0.11,-1.676664537658672,1.1072361172625715,2,2,0,4,Bot,,,,0,0,L,L,NYY,BOS,26,5
2025-10-02,813349,641355,CH,83.7,1412,1.22,-0.27,0.1761728900739654,1.164442830623658,2,1,0,4,Bot,,,,0,0,L,L,NYY,BOS,26,4
2025-10-02,813349,641355,SI,93.0,2184,1.45,0.82,-0.8924452094314079,2.826913636496703,1,1,0,4,Bot,,,,0,0,L,L,NYY,BOS,26,3
2025-10-02,813349,641355,SI,92.6,2144,1.6,0.8,-0.1707032686386722,3.3220944726682413,1,0,0,4,Bot,,,,0,0,L,L,NYY,BOS,26,2
2025-10-02,813349,641355,SI,92.4,2175,1.63,0.75,1.2097718424176591,2.993311028503178,0,0,0,4,Bot,,,,0,0,L,L,NYY,BOS,26,1
2025-10-02,693645,678882,SI,98.9,2235,-1.19,0.92,-0.6299488829877091,2.3784523652628335,0,0,2,4,Top,807799,,,0,0,R,R,NYY,BOS,25,1
2025-10-02,693645,807799,FF,99.7,2425,-0.71,1.5,-0.5803424869921878,2.9341889039639057,1,2,2,4,Top,,,,0,0,L,R,NYY,BOS,24,4
2025-10-02,693645,807799,FC,92.2,2452,0.64,0.6,1.0422074195474686,0.91598956343341,0,2,2,4,Top,,,,0,0,L,R,NYY,BOS,24,3
2025-10-02,693645,807799,SI,99.8,2035,-1.12,1.05,-0.712741467479812,3.188264828629383,0,1,2,4,Top,,,,0,0,L,R,NYY,BOS,24,2
2025-10-02,693645,807799,SI,99.6,2093,-1.07,0.85,-0.4417747023218958,3.1898751515657087,0,0,2,4,Top,,,,0,0,L,R,NYY,BOS,24,1
2025-10-02,693645,608324,FF,100.4,2426,-0.58,1.47,-0.2941029051836573,3.2957555923974464,0,0,1,4,Top,,,,0,0,R,R,NYY,BOS,23,1
2025-10-02,693645,596115,FF,98.9,2393,-0.51,1.36,-0.2984340572780886,2.536697540680235,2,1,0,4,Top,,,,0,0,R,R,NYY,BOS,22,4
2025-10-02,693645,596115,CU,84.6,2536,0.57,-0.96,0.7900298818689377,1.0797736538466762,1,1,0,4,Top,,,,0,0,R,R,NYY,BOS,22,3
2025-10-02,693645,596115,FF,99.1,2399,-0.71,1.42,0.7024176783426572,2.8200164977387434,1,0,0,4,Top,,,,0,0,R,R,NYY,BOS,22,2
2025-10-02,693645,596115,FC,92.3,2431,0.63,0.73,1.2999825494178492,2.810239167453389,0,0,0,4,Top,,,,0,0,R,R,NYY,BOS,22,1
2025-10-02,813349,592450,CH,85.7,1515,0.93,-0.21,0.6097848028545012,2.2467607080459717,1,1,2,3,Bot,663757,,,0,0,R,L,NYY,BOS,21,3
2025-10-02,813349,592450,CU,80.9,2423,-0.97,-0.87,0.3657378383414119,1.9505707876234095,1,0,2,3,Bot,663757,,,0,0,R,L,NYY,BOS,21,2
2025-10-02,813349,592450,CH,86.0,1379,1.35,-0.26,1.0985701807057962,0.4260094693379477,0,0,2,3,Bot,663757,,,0,0,R,L,NYY,BOS,21,1
2025-10-02,813349,663757,FF,93.2,2223,0.86,1.35,0.0684273451148456,3.095699522496412,0,0,2,3,Bot,,,,0,0,L,L,NYY,BOS,20,1
2025-10-02,813349,669224,ST,82.7,2564,-1.41,-0.05,-0.0243583892216909,2.101018422714899,2,2,1,3,Bot,,,,0,0,L,L,NYY,BOS,19,5
2025-10-02,813349,669224,SI,94.6,2167,1.55,0.86,0.1188605755115563,2.0892058573106755,2,1,1,3,Bot,,,,0,0,L,L,NYY,BOS,19,4
2025-10-02,813349,669224,SI,92.5,2141,1.62,0.74,0.0059055810446426,3.4880487190883,2,0,1,3,Bot,,,,0,0,L,L,NYY,BOS,19,3
2025-10-02,813349,669224,ST,81.9,2479,-1.24,-0.13,-1.104640967151536,1.9836207210433143,1,0,1,3,Bot,,,,0,0,L,L,NYY,BOS,19,2
2025-10-02,813349,669224,FF,94.5,2404,0.6,1.37,-1.678347890875358,2.258761382188148,0,0,1,3,Bot,,,,0,0,L,L,NYY,BOS,19,1
2025-10-02,813349,683011,CU,81.6,2465,-0.9,-1.04,0.0692924390922398,1.6962427241220164,2,2,0,3,Bot,,,,0,0,R,L,NYY,BOS,18,5
2025-10-02,813349,683011,SL,88.3,2396,-0.03,0.61,-0.8851163777470421,1.7509795898582348,2,1,0,3,Bot,,,,0,0,R,L,NYY,BOS,18,4
2025-10-02,813349,683011,FF,92.5,2233,0.92,1.37,0.464407585988378,2.633383942962899,2,0,0,3,Bot,,,,0,0,R,L,NYY,BOS,18,3
2025-10-02,813349,683011,CH,84.2,1353,1.1,-0.08,1.1247317063515418,2.361095225317908,1,0,0,3,Bot,,,,0,0,R,L,NYY,BOS,18,2
2025-10-02,813349,683011,FF,93.1,2284,0.82,1.49,-1.5443226011595546,2.0800600596526744,0,0,0,3,Bot,,,,0,0,R,L,NYY,BOS,18,1
2025-10-02,693645,680776,FC,92.7,2481,0.72,0.33,0.3975481887402463,1.678199767011641,0,2,2,3,Top,,,,0,0,L,R,NYY,BOS,17,4
2025-10-02,693645,680776,FF,100.8,2380,-0.7,1.38,-0.3641172779375581,2.3561807396791083,0,2,2,3,Top,,,,0,0,L,R,NYY,BOS,17,3
2025-10-02,693645,680776,CU,83.4,2449,0.56,-1.32,-0.6119385896366509,3.28353701081706,0,1,2,3,Top,,,,0,0,L,R,NYY,BOS,17,2
2025-10-02,693645,680776,FF,100.0,2393,-0.52,1.39,0.0999292918873833,2.0061921590135863,0,0,2,3,Top,,,,0,0,L,R,NYY,BOS,17,1
2025-10-02,693645,663853,SI,99.6,2125,-1.03,1.01,-0.0392039024451538,2.899013937370283,1,2,1,3,Top,,,,0,0,R,R,NYY,BOS,16,4
2025-10-02,693645,663853,SI,99.6,2226,-1.18,1.12,-0.0887846931081595,2.2528990709215506,1,1,1,3,Top,,,,0,0,R,R,NYY,BOS,16,3
2025-10-02,693645,663853,FC,91.6,2496,0.63,0.08,1.180046310837306,0.5058628223854815,0,1,1,3,Top,,,,0,0,R,R,NYY,BOS,16,2
2025-10-02,693645,663853,FC,91.4,2461,0.77,0.07,0.7587216826013764,2.727811119275271,0,0,1,3,Top,,,,0,0,R,R,NYY,BOS,16,1
2025-10-02,693645,677800,CU,84.5,2512,0.42,-0.59,-0.0203570132606896,1.7784617196904775,2,1,0,3,Top,,,,0,0,L,R,NYY,BOS,15,4
2025-10-02,693645,677800,FF,98.0,2373,-0.64,1.41,-1.5067772860202484,2.765069159720401,1,1,0,3,Top,,,,0,0,L,R,NYY,BOS,15,3
2025-10-02,693645,677800,FF,98.8,2471,-0.45,1.54,-0.4426586172574666,1.891733275982961,1,0,0,3,Top,,,,0,0,L,R,NYY,BOS,15,2
2025-10-02,693645,677800,FF,98.6,2377,-0.45,1.46,-1.0554175107474133,2.1986184724689446,0,0,0,3,Top,,,,0,0,L,R,NYY,BOS,15,1
2025-10-02,813349,665862,SI,95.0,2133,1.72,0.76,-0.5082443652120601,2.3198571410513775,2,2,2,2,Bot,,519317,,0,0,L,L,NYY,BOS,14,7
2025-10-02,813349,665862,FF,95.2,2319,0.72,1.32,0.2397772846914944,3.820166757738357,2,2,2,2,Bot,,519317,,0,0,L,L,NYY,BOS,14,6
2025-10-02,813349,665862,ST,83.8,2459,-1.23,-0.07,0.9531852012707388,2.4608690902335013,2,2,2,2,Bot,,519317,,0,0,L,L,NYY,BOS,14,5
2025-10-02,813349,665862,ST,84.7,2568,-1.32,0.17,-2.7900706989261708,0.3982819878842276,1,2,2,2,Bot,,519317,,0,0,L,L,NYY,BOS,14,4
2025-10-02,813349,665862,FF,95.3,2259,0.87,1.27,0.381853062991339,3.852777664596211,1,1,2,2,Bot,,519317,,0,0,L,L,NYY,BOS,14,3
2025-10-02,813349,665862,ST,83.6,2579,-1.03,0.14,-0.0031959999181221,2.082730875569578,1,0,2,2,Bot,,519317,,0,0,L,L,NYY,BOS,14,2
2025-10-02,813349,665862,ST,82.6,2462,-1.1,-0.1,-1.0176990903766243,1.9439357063263352,0,0,2,2,Bot,,519317,,0,0,L,L,NYY,BOS,14,1
2025-10-02,813349,642708,SI,94.4,2142,1.57,0.44,-0.3004816128815983,2.5136091573687827,2,2,1,2,Bot,,519317,,0,0,R,L,NYY,BOS,13,6
2025-10-02,813349,642708,FF,95.7,2366,0.72,1.39,-0.6657190876870948,3.1437349694496652,2,2,1,2,Bot,,519317,,0,0,R,L,NYY,BOS,13,5
2025-10-02,813349,642708,CU,79.4,2503,-1.04,-0.84,0.1412642583673672,2.2669259091390694,2,1,1,2,Bot,,519317,,0,0,R,L,NYY,BOS,13,4
2025-10-02,813349,642708,SL,87.1,2426,0.0,0.44,0.7105967165271735,2.3840446121833967,2,0,1,2,Bot,,519317,,0,0,R,L,NYY,BOS,13,3
2025-10-02,813349,642708,CH,84.9,1194,0.8,-0.31,0.3334664145272777,0.5798831433318532,1,0,1,2,Bot,,519317,,0,0,R,L,NYY,BOS,13,2
2025-10-02,813349,642708,SL,88.0,2340,-0.06,0.22,-1.068449208603744,1.1865824437866697,0,0,1,2,Bot,,519317,,0,0,R,L,NYY,BOS,13,1
2025-10-02,813349,700250,ST,83.2,2546,-1.17,-0.02,-1.340661133962199,0.6457439179423421,1,2,0,2,Bot,,519317,,0,0,L,L,NYY,BOS,12,5
2025-10-02,813349,700250,SI,94.6,2108,1.43,0.77,-0.3473314842685766,1.909909365905852,1,2,0,2,Bot,,519317,,0,0,L,L,NYY,BOS,12,4
2025-10-02,813349,700250,FF,95.0,2320,0.86,1.49,0.0579180279886146,4.5463360159760615,0,2,0,2,Bot,,519317,,0,0,L,L,NYY,BOS,12,3
2025-10-02,813349,700250,ST,83.0,2533,-0.98,0.07,-0.2759968459825923,0.9757135243943158,0,1,0,2,Bot,,519317,,0,0,L,L,NYY,BOS,12,2
2025-10-02,813349,700250,SI,94.8,2106,1.39,0.93,-0.2030823523904519,2.990245607733918,0,0,0,2,Bot,,519317,,0,0,L,L,NYY,BOS,12,1
2025-10-02,813349,519317,CU,81.3,2496,-0.97,-1.04,-0.3905665549666534,1.6940629898968336,2,2,0,2,Bot,,,,0,0,R,L,NYY,BOS,11,5
2025-10-02,813349,519317,SL,86.0,2314,-0.24,0.36,-0.8105004910806443,2.6491819690218317,2,1,0,2,Bot,,,,0,0,R,L,NYY,BOS,11,4
2025-10-02,813349,519317,CU,77.0,2561,-1.26,-0.99,0.9517478064139712,3.286997558366368,1,1,0,2,Bot,,,,0,0,R,L,NYY,BOS,11,3
2025-10-02,813349,519317,FF,92.9,2214,0.91,1.33,0.3985903787122117,3.1450604494252534,1,0,0,2,Bot,,,,0,0,R,L,NYY,BOS,11,2
2025-10-02,813349,519317,SL,86.8,2242,0.04,0.55,-1.1213091049071289,2.4927879787541745,0,0,0,2,Bot,,,,0,0,R,L,NYY,BOS,11,1
2025-10-02,693645,665966,SI,99.7,2369,-1.25,0.98,-0.3065828344688803,2.0572884866525145,2,0,2,2,Top,807799,,,0,0,R,R,NYY,BOS,10,3
2025-10-02,693645,665966,FF,99.0,2418,-0.32,1.52,0.8116319294061181,2.142634410347964,1,0,2,2,Top,807799,,,0,0,R,R,NYY,BOS,10,2
2025-10-02,693645,665966,SI,99.4,2285,-1.15,0.84,0.1754249623062596,1.3272735586335065,0,0,2,2,Top,807799,,,0,0,R,R,NYY,BOS,10,1
2025-10-02,693645,663993,SI,100.7,2344,-1.11,0.83,0.1447910338790401,1.768690813252175,2,2,1,2,Top,807799,,,0,0,L,R,NYY,BOS,9,7
2025-10-02,693645,663993,FC,96.6,2418,0.47,0.76,0.5911704546194616,3.751538989280565,2,2,1,2,Top,807799,,,0,0,L,R,NYY,BOS,9,6
2025-10-02,693645,663993,FF,99.9,2448,-0.48,1.42,-0.0609726178156995,2.087147251513654,2,2,1,2,Top,807799,,,0,0,L,R,NYY,BOS,9,5
2025-10-02,693645,663993,FF,100.3,2431,-0.56,1.63,1.0315368121945665,3.193177241678519,1,2,1,2,Top,807799,,,0,0,L,R,NYY,BOS,9,4
2025-10-02,693645,663993,FF,99.3,2402,-0.27,1.59,0.8701990691171777,4.590837453003116,0,2,1,2,Top,807799,,,0,0,L,R,NYY,BOS,9,3
2025-10-02,693645,663993,FF,98.9,2303,-0.07,1.43,0.0432217334332844,3.4838361375763967,0,1,1,2,Top,807799,,,0,0,L,R,NYY,BOS,9,2
2025-10-02,693645,663993,FF,99.3,2358,-0.25,1.45,-0.3472877856433618,3.5651545531922224,0,0,1,2,Top,807799,,,0,0,L,R,NYY,BOS,9,1
2025-10-02,693645,678882,SI,98.8,2167,-1.1,0.74,-1.0135824790842871,3.0594743346387956,3,2,0,2,Top,807799,,,0,0,R,R,NYY,BOS,8,7
2025-10-02,693645,678882,FF,98.1,2317,-0.49,1.49,-0.2256127276141092,2.645361666511806,3,2,0,2,Top,807799,,,0,0,R,R,NYY,BOS,8,6
2025-10-02,693645,678882,SI,98.8,2202,-1.26,0.93,0.2848135520652695,0.8720738982786396,2,2,0,2,Top,807799,,,0,0,R,R,NYY,BOS,8,5
2025-10-02,693645,678882,SI,98.0,2199,-1.18,1.02,-0.6028847924411211,2.7356607800601074,2,1,0,2,Top,807799,,,0,0,R,R,NYY,BOS,8,4
2025-10-02,693645,678882,FF,97.6,2284,-0.2,1.51,0.4010366785277547,2.366160654577076,2,0,0,2,Top,807799,,,0,0,R,R,NYY,BOS,8,3
2025-10-02,693645,678882,FF,97.8,2278,-0.26,1.48,-0.944383144368676,2.1893078168547135,1,0,0,2,Top,807799,,,0,0,R,R,NYY,BOS,8,2
2025-10-02,693645,678882,FF,99.1,2370,-0.58,1.53,-1.4370738170960515,2.4564120646733514,0,0,0,2,Top,807799,,,0,0,R,R,NYY,BOS,8,1
2025-10-02,693645,807799,FC,96.9,2435,0.46,0.84,-0.1698801894650585,2.104615421462815,2,2,0,2,Top,,,,0,0,L,R,NYY,BOS,7,5
2025-10-02,693645,807799,FF,99.7,2410,-0.32,1.5,-1.132464101812397,3.484697399865845,1,2,0,2,Top,,,,0,0,L,R,NYY,BOS,7,4
2025-10-02,693645,807799,FF,99.5,2338,-0.47,1.44,-0.0036026092167151,4.248077535524915,0,2,0,2,Top,,,,0,0,L,R,NYY,BOS,7,3
2025-10-02,693645,807799,CU,83.5,2632,0.77,-1.24,0.4041163848156013,1.0710118489265392,0,1,0,2,Top,,,,0,0,L,R,NYY,BOS,7,2
2025-10-02,693645,807799,FF,98.5,2438,-0.72,1.49,-0.4519884178546348,3.2667708013325005,0,0,0,2,Top,,,,0,0,L,R,NYY,BOS,7,1
2025-10-02,813349,641355,FF,95.1,2277,0.84,1.27,-0.675438387555239,2.6790073047300353,0,0,2,1,Bot,,,,0,0,L,L,NYY,BOS,6,1
2025-10-02,813349,592450,CH,85.5,1316,1.19,0.32,0.1543292459273828,1.8633371707720792,1,0,1,1,Bot,,,,0,0,R,L,NYY,BOS,5,2
2025-10-02,813349,592450,CU,79.0,2455,-1.0,-1.04,-1.211123004889441,0.1848702136606057,0,0,1,1,Bot,,,,0,0,R,L,NYY,BOS,5,1
2025-10-02,813349,663757,SI,94.0,2149,1.59,0.72,-0.4161870640047751,2.230202848111643,2,2,0,1,Bot,,,,0,0,L,L,NYY,BOS,4,5
2025-10-02,813349,663757,ST,84.2,2432,-1.41,-0.05,-1.509577501008799,1.9105001232690149,1,2,0,1,Bot,,,,0,0,L,L,NYY,BOS,4,4
2025-10-02,813349,663757,ST,81.5,2273,-1.1,0.02,0.7005826710796945,2.935342217471614,1,1,0,1,Bot,,,,0,0,L,L,NYY,BOS,4,3
2025-10-02,813349,663757,SI,94.9,2109,1.51,0.66,-0.7174962930801578,2.01480009310228,0,1,0,1,Bot,,,,0,0,L,L,NYY,BOS,4,2
2025-10-02,813349,663757,FF,94.0,2093,0.9,1.43,-0.3338961078921373,1.6228124422308134,0,0,0,1,Bot,,,,0,0,L,L,NYY,BOS,4,1
2025-10-02,693645,608324,SI,100.1,2237,-0.98,1.09,0.4754608903226076,3.1404644088248106,1,2,2,1,Top,,,,0,0,R,R,NYY,BOS,3,4
2025-10-02,693645,608324,FC,96.2,2332,0.53,0.59,0.3175996443052549,4.94240949995765,0,2,2,1,Top,,,,0,0,R,R,NYY,BOS,3,3
2025-10-02,693645,608324,CU,84.9,2638,0.52,-1.19,0.2472566165649081,2.46813579886775,0,1,2,1,Top,,,,0,0,R,R,NYY,BOS,3,2
2025-10-02,693645,608324,FF,100.6,2383,-0.7,1.41,-0.3074244133320423,2.8495629481592166,0,0,2,1,Top,,,,0,0,R,R,NYY,BOS,3,1
2025-10-02,693645,596115,FF,99.7,2407,-0.43,1.41,-0.6472779853420041,3.1595060298351525,2,1,1,1,Top,,,,0,0,R,R,NYY,BOS,2,4
2025-10-02,693645,596115,SI,98.7,2309,-1.2,0.78,0.4018708178976935,1.7589120221128045,2,0,1,1,Top,,,,0,0,R,R,NYY,BOS,2,3
2025-10-02,693645,596115,FF,100.0,2374,-0.34,1.35,-0.2744807414175876,4.551740891845673,1,0,1,1,Top,,,,0,0,R,R,NYY,BOS,2,2
2025-10-02,693645,596115,SI,100.0,2370,-1.14,0.98,1.1888015211583849,2.1131091637884643,0,0,1,1,Top,,,,0,0,R,R,NYY,BOS,2,1
2025-10-02,693645,680776,FC,96.6,2392,0.63,0.82,0.5527096843052617,2.446171797594095,2,2,0,1,Top,,,,0,0,L,R,NYY,BOS,1,6
2025-10-02,693645,680776,FC,95.9,2419,0.7,0.7,0.246117513606111,4.889891048171907,1,2,0,1,Top,,,,0,0,L,R,NYY,BOS,1,5
2025-10-02,693645,680776,FF,100.5,2349,-0.62,1.42,-0.5822962974546033,4.283306370965462,0,2,0,1,Top,,,,0,0,L,R,NYY,BOS,1,4
2025-10-02,693645,680776,SI,100.5,2529,-0.88,1.4,0.558700548836505,2.503950069360687,0,2,0,1,Top,,,,0,0,L,R,NYY,BOS,1,3
2025-10-02,693645,680776,FF,99.7,2551,-0.66,1.46,0.4251326123894196,2.814094992465522,0,1,0,1,Top,,,,0,0,L,R,NYY,BOS,1,2
2025-10-02,693645,680776,FF,98.7,2521,-0.62,1.52,0.3578536703197718,3.1848906278427034,0,0,0,1,Top,,,,0,0,L,R,NYY,BOS,1,1
2025-10-02,552640,666023,SI,96.4,2484,-1.28,0.73,0.1075324193270768,2.4479135831405365,0,0,2,9,Top,,669369,656811,1,3,R,R,CHC,SD,72,1
2025-10-02,552640,630105,SI,96.3,2361,-1.24,0.67,-1.118861455341426,3.1150671111914487,1,2,1,9,Top,669369,656811,,1,3,L,R,CHC,SD,71,4
2025-10-02,552640,630105,SI,96.2,2330,-1.44,0.61,-0.9528631023183662,1.4728344609555204,1,1,1,9,Top,669369,656811,,1,3,L,R,CHC,SD,71,3
2025-10-02,552640,630105,SI,97.3,2256,-1.44,0.51,-0.3212474476723208,1.5417550571998802,1,0,1,9,Top,669369,656811,,1,3,L,R,CHC,SD,71,2
2025-10-02,552640,630105,SI,96.9,2278,-1.3,0.86,0.5950987719852026,0.3026388539467439,0,0,1,9,Top,669369,656811,,1,3,L,R,CHC,SD,71,1
2025-10-02,641745,669369,CH,91.5,1940,-0.99,0.63,2.2012325864678663,-1.25239433274586,1,2,1,9,Top,656811,,,1,3,L,R,CHC,SD,70,4
2025-10-02,641745,669369,CH,91.8,1847,-0.89,0.34,-1.8706637475604784,1.30880367882757,0,2,1,9,Top,656811,,,1,3,L,R,CHC,SD,70,3
2025-10-02,641745,669369,CH,92.4,1897,-0.97,0.59,-0.6870687135241856,1.1057153699394335,0,1,1,9,Top,656811,,,1,3,L,R,CHC,SD,70,2
2025-10-02,641745,669369,FF,95.2,2359,0.05,1.18,0.4164997281906996,1.6638201864319422,0,0,1,9,Top,656811,,,1,3,L,R,CHC,SD,70,1
2025-10-02,641745,656811,FF,96.1,2471,0.44,0.8,3.151298147001953,2.060656968440586,1,2,1,9,Top,,,,1,3,L,R,CHC,SD,69,4
2025-10-02,641745,656811,SL,84.5,2679,0.77,-0.93,-1.1592896025490875,0.6155249640335221,0,2,1,9,Top,,,,1,3,L,R,CHC,SD,69,3
2025-10-02,641745,656811,SL,84.4,2812,0.82,-0.87,-0.7060975324411856,1.6954285252508945,0,1,1,9,Top,,,,1,3,L,R,CHC,SD,69,2
2025-10-02,641745,656811,FF,96.7,2543,0.35,1.08,0.3854887162794403,2.0083313006264127,0,0,1,9,Top,,,,1,3,L,R,CHC,SD,69,1
2025-10-02,641745,593428,FF,97.5,2514,0.02,1.2,0.6271834642121578,1.492141172264751,3,2,0,9,Top,,,,1,3,R,R,CHC,SD,68,6
2025-10-02,641745,593428,FF,96.5,2536,0.13,1.16,0.7249000011916467,2.227816919947337,3,1,0,9,Top,,,,1,3,R,R,CHC,SD,68,5
2025-10-02,641745,593428,SL,84.6,2818,0.67,-0.81,0.1913463814944569,1.0219744249881466,2,1,0,9,Top,,,,1,3,R,R,CHC,SD,68,4
2025-10-02,641745,593428,SI,95.3,2205,-1.21,0.77,-1.7091782758796126,2.7969692426724273,1,1,0,9,Top,,,,1,3,R,R,CHC,SD,68,3
2025-10-02,641745,593428,SL,85.8,2866,0.71,-0.85,-0.6291602048198395,1.6627227086499197,1,0,0,9,Top,,,,1,3,R,R,CHC,SD,68,2
2025-10-02,641745,593428,FF,97.2,2500,-0.22,1.39,-0.0449566455258556,1.174795282549562,0,0,0,9,Top,,,,1,3,R,R,CHC,SD,68,1
2025-10-02,641745,701538,CH,92.7,1931,-0.74,0.77,0.4647911290399473,1.9525182879114689,1,1,0,9,Top,,,,0,3,L,R,CHC,SD,67,3
2025-10-02,641745,701538,FF,96.7,2397,-0.09,1.21,0.1075560545737202,2.395159626873304,1,0,0,9,Top,,,,0,3,L,R,CHC,SD,67,2
2025-10-02,641745,701538,SL,84.2,2799,0.8,-0.7,-1.3147032335876394,2.825947053587116,0,0,0,9,Top,,,,0,3,L,R,CHC,SD,67,1
2025-10-02,688158,621020,SL,88.1,2371,0.28,-0.04,0.4009131915089322,1.3066000216857616,2,2,2,8,Bot,,,,3,0,R,R,CHC,SD,66,5
2025-10-02,688158,621020,CU,85.5,2762,0.45,-0.55,1.4926207478072586,0.43839118074201,1,2,2,8,Bot,,,,3,0,R,R,CHC,SD,66,4
2025-10-02,688158,621020,SL,88.8,2440,0.33,0.15,0.952196017461267,1.9474151591127935,1,1,2,8,Bot,,,,3,0,R,R,CHC,SD,66,3
2025-10-02,688158,621020,FF,97.6,2375,-0.68,1.07,-0.7625775173711666,3.0593132532761858,0,1,1,8,Bot,691718,,,3,0,R,R,CHC,SD,66,2
2025-10-02,688158,621020,FF,97.6,2360,-0.56,1.12,0.778766601759026,2.6402848628252653,0,0,1,8,Bot,691718,,,3,0,R,R,CHC,SD,66,1
2025-10-02,688158,691718,FF,99.7,2480,-0.84,1.13,0.2699762135958411,2.708001978283362,0,1,1,8,Bot,,,,3,0,L,R,CHC,SD,65,2
2025-10-02,688158,691718,FF,99.9,2568,-0.71,1.33,0.4663653643161942,3.027704116859103,0,0,1,8,Bot,,,,3,0,L,R,CHC,SD,65,1
2025-10-02,688158,608348,SL,89.0,2381,0.25,-0.16,0.8523624783646067,0.9812152156827554,1,2,0,8,Bot,,,,3,0,R,R,CHC,SD,64,4
2025-10-02,688158,608348,CU,86.3,2696,0.7,-0.83,1.2951385532278654,1.030292038572314,0,2,0,8,Bot,,,,3,0,R,R,CHC,SD,64,3
2025-10-02,688158,608348,SI,97.7,2205,-1.44,0.37,-0.2836616700707275,1.732866590021513,0,1,0,8,Bot,,,,3,0,R,R,CHC,SD,64,2
2025-10-02,688158,608348,SL,88.1,2305,0.24,0.11,0.1272606686357593,2.465386366325387,0,0,0,8,Bot,,,,3,0,R,R,CHC,SD,64,1
2025-10-02,641745,592518,ST,85.5,2949,1.56,-0.19,1.011822410905097,1.698259802899725,1,2,2,8,Top,,,666023,0,3,R,R,CHC,SD,63,4
2025-10-02,641745,592518,SI,95.5,2202,-0.78,0.73,0.5134645929438689,2.274738307379766,1,1,2,8,Top,,,666023,0,3,R,R,CHC,SD,63,3
2025-10-02,641745,592518,SL,86.8,2738,0.53,-0.66,0.2843480023301318,0.9163110821100862,1,0,2,8,Top,,,666023,0,3,R,R,CHC,SD,63,2
2025-10-02,641745,592518,SI,97.3,2201,-1.05,0.8,1.454971916828693,1.0480665070120254,0,0,2,8,Top,,,666023,0,3,R,R,CHC,SD,63,1
2025-10-02,641745,650333,FF,98.2,2361,-0.33,1.13,-0.5480052331586074,1.421116549140177,3,2,1,8,Top,,666023,,0,3,L,R,CHC,SD,62,6
2025-10-02,641745,650333,FF,98.4,2346,-0.07,1.06,-0.1802586928733432,3.2496528047841364,3,1,1,8,Top,,666023,,0,3,L,R,CHC,SD,62,5
2025-10-02,641745,650333,FF,97.2,2333,-0.01,0.99,-0.539911726367009,2.9042145870938425,3,0,1,8,Top,,666023,,0,3,L,R,CHC,SD,62,4
2025-10-02,641745,650333,SL,86.4,2631,0.35,-0.46,0.6062025212212612,0.5424032523788593,2,0,1,8,Top,,666023,,0,3,L,R,CHC,SD,62,3
2025-10-02,641745,650333,FF,96.0,2329,0.16,0.96,1.7168010125421491,1.0453243194014017,1,0,1,8,Top,666023,,,0,3,L,R,CHC,SD,62,2
2025-10-02,641745,650333,FF,97.7,2474,0.13,1.28,1.588179441355574,1.721771967477095,0,0,1,8,Top,666023,,,0,3,L,R,CHC,SD,62,1
2025-10-02,641745,665487,SI,97.4,2102,-1.32,0.6,-1.4289914543178404,2.2409667981906845,1,2,0,8,Top,666023,,,0,3,R,R,CHC,SD,61,4
2025-10-02,641745,665487,SI,97.4,2225,-1.3,0.63,-0.7020449013603596,1.4630094054893512,1,1,0,8,Top,666023,,,0,3,R,R,CHC,SD,61,3
2025-10-02,641745,665487,SL,85.5,2791,0.54,-0.99,0.0544888888225127,1.405873982081944,1,0,0,8,Top,666023,,,0,3,R,R,CHC,SD,61,2
2025-10-02,641745,665487,SI,95.5,2084,-1.24,0.51,0.216344077816766,1.271851145193002,0,0,0,8,Top,666023,,,0,3,R,R,CHC,SD,61,1
2025-10-02,641745,666023,SL,85.1,2826,0.66,-0.86,-0.4278899208705911,1.980168714167799,2,2,0,8,Top,,,,0,3,R,R,CHC,SD,60,6
2025-10-02,641745,666023,FF,97.2,2526,0.26,1.32,0.5492239488910915,2.889811991904887,2,2,0,8,Top,,,,0,3,R,R,CHC,SD,60,5
2025-10-02,641745,666023,FF,97.7,2353,0.12,1.38,1.4228316319105865,2.317559919753891,1,2,0,8,Top,,,,0,3,R,R,CHC,SD,60,4
2025-10-02,641745,666023,SL,81.4,2852,1.3,-0.79,-0.0774715672290138,0.5749882619779547,0,2,0,8,Top,,,,0,3,R,R,CHC,SD,60,3
2025-10-02,641745,666023,SI,96.7,2237,-1.0,0.69,0.561010262071091,2.278808580441672,0,1,0,8,Top,,,,0,3,R,R,CHC,SD,60,2
2025-10-02,641745,666023,SI,95.0,2236,-0.6,0.85,0.4653665150212804,2.4882477886087644,0,0,0,8,Top,,,,0,3,R,R,CHC,SD,60,1
2025-10-02,670970,673548,SI,98.3,2437,1.23,0.85,0.4346441821686742,2.6559492182532916,0,2,2,7,Bot,663656,,,3,0,R,L,CHC,SD,59,3
2025-10-02,670970,673548,SI,99.2,2425,1.23,0.89,-0.3533833449515078,2.097727179466822,0,1,2,7,Bot,663656,,,3,0,R,L,CHC,SD,59,2
2025-10-02,670970,673548,SL,85.4,2683,-0.37,-0.03,0.3897066106552816,1.6267379462242275,0,0,2,7,Bot,663656,,,3,0,R,L,CHC,SD,59,1
2025-10-02,670970,663656,SI,98.7,2559,1.25,0.96,0.7920615026074176,3.035307362960633,2,1,1,7,Bot,,,663538,3,0,L,L,CHC,SD,58,4
2025-10-02,670970,663656,SI,98.4,2529,1.14,0.77,-0.7341462483769647,2.573488882497069,1,1,1,7,Bot,,,663538,3,0,L,L,CHC,SD,58,3
2025-10-02,670970,663656,SI,98.8,2359,1.49,0.53,1.0724757967119811,2.83376895115536,1,0,1,7,Bot,,,663538,3,0,L,L,CHC,SD,58,2
2025-10-02,670970,663656,SI,98.3,2398,1.08,0.67,0.8156268889540736,4.091858576921031,0,0,1,7,Bot,,,663538,3,0,L,L,CHC,SD,58,1
2025-10-02,670970,664023,SI,97.9,2442,1.43,0.87,-0.5078978052360916,2.670280267540246,0,0,0,7,Bot,,663538,,3,0,R,L,CHC,SD,57,1
2025-10-02,663158,663538,SI,96.7,2374,-1.22,1.21,-0.781696462852056,2.989066445162494,0,1,0,7,Bot,,,,3,0,R,R,CHC,SD,56,2
2025-10-02,663158,663538,SI,96.4,2327,-1.11,1.2,-0.7098932252546621,2.816065763245712,0,0,0,7,Bot,,,,3,0,R,R,CHC,SD,56,1
2025-10-02,663158,683737,FF,97.6,2316,-0.52,1.22,0.1633812313259526,2.699128765910832,2,2,0,7,Bot,,,,2,0,L,R,CHC,SD,55,5
2025-10-02,663158,683737,CH,90.0,1926,-1.15,0.68,-1.206205247427173,2.453318389330057,1,2,0,7,Bot,,,,2,0,L,R,CHC,SD,55,4
2025-10-02,663158,683737,CH,90.5,1924,-1.39,0.19,-0.9095709504385504,1.4301925387326322,1,1,0,7,Bot,,,,2,0,L,R,CHC,SD,55,3
2025-10-02,663158,683737,CH,89.3,1807,-1.2,0.45,-1.6216351832463989,2.1647418304709074,0,1,0,7,Bot,,,,2,0,L,R,CHC,SD,55,2
2025-10-02,663158,683737,CH,88.3,1836,-1.22,0.29,-0.2422840216865733,1.7979232621013042,0,0,0,7,Bot,,,,2,0,L,R,CHC,SD,55,1
2025-10-02,519141,630105,FF,92.8,2570,0.14,1.51,0.0176496344257089,2.3799237664445743,1,0,2,7,Top,,593428,,0,2,L,L,CHC,SD,54,2
2025-10-02,519141,630105,FF,93.7,2677,-0.01,1.51,0.3491521727691018,4.336716856358235,0,0,2,7,Top,,593428,,0,2,L,L,CHC,SD,54,1
2025-10-02,519141,578428,FF,94.0,2548,0.2,1.53,0.1831196029057516,1.9942705332887605,1,2,1,7,Top,,593428,,0,2,R,L,CHC,SD,53,5
2025-10-02,519141,578428,FF,94.1,2596,0.29,1.55,0.298542583741293,2.4644608784311357,1,2,1,7,Top,,593428,,0,2,R,L,CHC,SD,53,4
2025-10-02,519141,578428,KC,85.1,2324,-0.43,-0.99,-0.4385133762723858,1.6176539307076747,1,1,1,7,Top,,593428,,0,2,R,L,CHC,SD,53,3
2025-10-02,519141,578428,FF,93.7,2634,0.28,1.57,-0.0989498221291079,2.530642228740666,1,0,1,7,Top,593428,,,0,2,R,L,CHC,SD,53,2
2025-10-02,519141,578428,FF,94.8,2587,0.42,1.56,0.9436950195556426,0.965966335604322,0,0,1,7,Top,593428,,,0,2,R,L,CHC,SD,53,1
2025-10-02,519141,656811,FF,95.4,2544,0.52,1.55,0.6200362063784131,2.0336712012159195,3,2,0,7,Top,593428,,,0,2,L,L,CHC,SD,52,6
2025-10-02,519141,656811,FF,94.7,2466,0.37,1.26,1.642803686209225,4.925882053612586,2,2,0,7,Top,593428,,,0,2,L,L,CHC,SD,52,5
2025-10-02,519141,656811,FF,95.0,2580,0.31,1.38,-1.5484788781579892,3.319633958647798,1,2,0,7,Top,593428,,,0,2,L,L,CHC,SD,52,4
2025-10-02,519141,656811,FF,94.0,2602,0.25,1.45,0.3509234843211251,2.1769134882901096,1,1,0,7,Top,593428,,,0,2,L,L,CHC,SD,52,3
2025-10-02,519141,656811,FF,93.1,2649,0.25,1.55,-0.7425416460043406,1.7178876545828703,0,1,0,7,Top,593428,,,0,2,L,L,CHC,SD,52,2
2025-10-02,519141,656811,FF,92.9,2695,0.27,1.48,0.28522958712596,1.637415152287727,0,0,0,7,Top,593428,,,0,2,L,L,CHC,SD,52,1
2025-10-02,694037,593428,SL,88.5,2432,0.31,-0.05,0.046922296599983,2.70256993346089,1,2,0,7,Top,,,,0,2,R,R,CHC,SD,51,4
2025-10-02,694037,593428,SL,90.3,2394,0.36,0.12,1.3479371746606357,2.168700864348108,0,2,0,7,Top,,,,0,2,R,R,CHC,SD,51,3
2025-10-02,694037,593428,SL,86.9,2230,0.25,0.09,0.7818256685644858,1.4193234557573566,0,1,0,7,Top,,,,0,2,R,R,CHC,SD,51,2
2025-10-02,694037,593428,SL,85.6,2254,0.21,0.01,0.0767297969290012,2.9341596250234336,0,0,0,7,Top,,,,0,2,R,R,CHC,SD,51,1
2025-10-02,663158,807713,FF,100.2,2281,-0.44,1.32,0.5035984581307148,2.872236878420881,3,2,2,6,Bot,691718,608348,,2,0,R,R,CHC,SD,50,6
2025-10-02,663158,807713,FF,99.9,2463,-0.74,1.36,0.503995310810781,2.518084659891191,3,1,2,6,Bot,691718,608348,,2,0,R,R,CHC,SD,50,5
2025-10-02,663158,807713,FF,99.9,2435,-0.54,1.34,-0.8678806038331682,3.2241963057396172,2,1,2,6,Bot,691718,608348,,2,0,R,R,CHC,SD,50,4
2025-10-02,663158,807713,FF,100.2,2414,-0.36,1.43,0.8583151105295149,3.3387166054231843,1,1,2,6,Bot,691718,608348,,2,0,R,R,CHC,SD,50,3
2025-10-02,663158,807713,FF,99.4,2369,-0.44,1.47,0.6659805085374007,1.928907132361028,1,0,2,6,Bot,691718,608348,,2,0,R,R,CHC,SD,50,2
2025-10-02,663158,807713,FF,99.5,2359,-0.52,1.26,1.3642819580800658,2.478300282503228,0,0,2,6,Bot,691718,608348,,2,0,R,R,CHC,SD,50,1
2025-10-02,663158,621020,CH,91.8,1874,-1.3,0.71,0.1274584346538787,1.013436082517708,1,2,1,6,Bot,691718,608348,,2,0,R,R,CHC,SD,49,4
2025-10-02,663158,621020,CH,91.1,1889,-1.41,0.43,-0.1506241450992755,0.871735847341037,1,1,1,6,Bot,691718,608348,,2,0,R,R,CHC,SD,49,3
2025-10-02,663158,621020,SI,98.9,2237,-1.23,1.11,-0.7086423245670099,2.2329592017669677,1,0,1,6,Bot,691718,608348,,2,0,R,R,CHC,SD,49,2
2025-10-02,663158,621020,CH,88.8,1743,-1.24,0.75,-0.9072309156265576,3.932810542857222,0,0,1,6,Bot,691718,608348,,2,0,R,R,CHC,SD,49,1
2025-10-02,663158,691718,FF,99.7,2362,-0.63,1.24,-0.5112136683500001,2.4390141139869943,3,2,1,6,Bot,608348,,,2,0,L,R,CHC,SD,48,7
2025-10-02,663158,691718,FF,99.2,2356,-0.65,1.29,-1.0777177120202466,2.950666869276175,3,2,1,6,Bot,608348,,,2,0,L,R,CHC,SD,48,6
2025-10-02,663158,691718,CH,90.2,1882,-1.23,0.42,-1.5120106069237147,1.5942139075236934,2,2,1,6,Bot,608348,,,2,0,L,R,CHC,SD,48,5
2025-10-02,663158,691718,FF,98.2,2439,-0.43,1.33,-0.1017170691077295,3.98671221956904,1,2,1,6,Bot,608348,,,2,0,L,R,CHC,SD,48,4
2025-10-02,663158,691718,FF,98.8,2276,-0.33,1.36,-0.7419148909783184,2.9368812464421534,1,1,1,6,Bot,608348,,,2,0,L,R,CHC,SD,48,3
2025-10-02,663158,691718,FF,99.0,2420,-0.25,1.42,0.5688091338564807,3.4183816382591905,1,0,1,6,Bot,608348,,,2,0,L,R,CHC,SD,48,2
2025-10-02,663158,691718,FF,98.0,2276,-0.61,1.49,-1.3823842215755775,3.452143328757187,0,0,1,6,Bot,608348,,,2,0,L,R,CHC,SD,48,1
2025-10-02,663158,608348,FF,98.1,2334,-0.47,1.3,0.4324386559780212,2.474493187721857,0,0,1,6,Bot,,,,2,0,R,R,CHC,SD,47,1
2025-10-02,663158,673548,SI,98.6,2382,-1.14,1.15,-0.0364953391607663,2.385457422361572,2,2,0,6,Bot,,,,2,0,R,R,CHC,SD,46,6
2025-10-02,663158,673548,CH,91.1,1797,-1.37,0.47,0.3023156236692506,-0.502738578995656,1,2,0,6,Bot,,,,2,0,R,R,CHC,SD,46,5
2025-10-02,663158,673548,FF,98.6,2370,-0.51,1.36,1.1314233250309322,2.4262411947009315,1,2,0,6,Bot,,,,2,0,R,R,CHC,SD,46,4
2025-10-02,663158,673548,SI,97.8,2414,-1.07,1.02,-0.5454698306853403,0.8411122346358428,0,2,0,6,Bot,,,,2,0,R,R,CHC,SD,46,3
2025-10-02,663158,673548,FF,97.6,2459,-0.65,1.44,-0.381784129837487,2.0836279747547537,0,1,0,6,Bot,,,,2,0,R,R,CHC,SD,46,2
2025-10-02,663158,673548,FF,97.1,2340,-0.33,1.5,0.8361052506026196,1.7479853042176037,0,0,0,6,Bot,,,,2,0,R,R,CHC,SD,46,1
2025-10-02,694037,701538,FF,98.1,2304,-0.78,1.29,-0.2185634275397844,2.826697886358948,0,0,1,6,Top,592518,,,0,2,L,R,CHC,SD,45,1
2025-10-02,694037,592518,FF,100.0,2313,-0.55,1.26,0.3301703057942518,4.37525079074449,3,2,1,6,Top,,,,0,2,R,R,CHC,SD,44,6
2025-10-02,694037,592518,SL,85.8,2114,0.18,0.17,0.4451331645938886,3.1855825876465103,3,1,1,6,Top,,,,0,2,R,R,CHC,SD,44,5
2025-10-02,694037,592518,FF,97.5,2304,-0.64,1.16,-0.830926157679766,4.09445336314716,2,1,1,6,Top,,,,0,2,R,R,CHC,SD,44,4
2025-10-02,694037,592518,FF,99.0,2327,-0.87,1.21,0.0731084424676022,1.9626813648686547,2,0,1,6,Top,,,,0,2,R,R,CHC,SD,44,3
2025-10-02,694037,592518,FF,97.8,2336,-0.93,1.12,-0.6189317103098658,3.549449227897454,1,0,1,6,Top,,,,0,2,R,R,CHC,SD,44,2
2025-10-02,694037,592518,SL,88.8,2286,0.1,0.2,0.6484526730837611,1.1199975023473043,0,0,1,6,Top,,,,0,2,R,R,CHC,SD,44,1
2025-10-02,694037,650333,SL,89.2,2260,0.18,0.13,0.1210056730772896,1.301107225919525,1,1,0,6,Top,,,,0,2,L,R,CHC,SD,43,3
2025-10-02,694037,650333,SL,86.8,2106,0.14,0.17,0.0545296457255259,2.005795672340431,1,0,0,6,Top,,,,0,2,L,R,CHC,SD,43,2
2025-10-02,694037,650333,FF,98.7,2253,-0.87,1.25,-0.6849201205988315,3.498081665883478,0,0,0,6,Top,,,,0,2,L,R,CHC,SD,43,1
2025-10-02,593974,663656,SL,90.4,2230,-0.02,0.5,-0.4162933683274188,1.718048684450456,2,0,2,5,Bot,,664023,,2,0,L,L,CHC,SD,42,3
2025-10-02,593974,663656,SI,95.7,2103,1.18,0.53,2.567312524162954,2.928413638544913,1,0,2,5,Bot,,664023,,2,0,L,L,CHC,SD,42,2
2025-10-02,593974,663656,SI,95.6,2047,1.24,0.36,2.597881100626915,2.686958162242645,0,0,2,5,Bot,,664023,,2,0,L,L,CHC,SD,42,1
2025-10-02,593974,664023,SI,95.4,2180,1.23,0.82,-0.5425061122773172,1.726175484680304,1,2,2,5,Bot,,,,2,0,R,L,CHC,SD,41,4
2025-10-02,593974,664023,CH,87.4,2113,1.22,0.28,1.7125273446819584,1.5453260284933283,0,2,2,5,Bot,,,,2,0,R,L,CHC,SD,41,3
2025-10-02,593974,664023,CH,89.4,2259,1.33,0.59,1.002130810683015,2.0306855282486973,0,1,2,5,Bot,,,,2,0,R,L,CHC,SD,41,2
2025-10-02,593974,664023,CH,89.9,2236,1.13,0.65,0.9729746284805236,2.372225773966798,0,0,2,5,Bot,,,,2,0,R,L,CHC,SD,41,1
2025-10-02,593974,663538,SI,95.8,2116,1.21,0.58,-0.4139612434944082,2.380964273120334,2,1,0,5,Bot,683737,,,2,0,R,L,CHC,SD,40,4
2025-10-02,593974,663538,CH,89.6,2226,1.14,0.33,1.4282818830068118,3.023641889136501,1,1,0,5,Bot,683737,,,2,0,R,L,CHC,SD,40,3
2025-10-02,593974,663538,CH,89.4,2168,1.23,0.22,0.6509545130913998,2.507448679160685,1,0,0,5,Bot,683737,,,2,0,R,L,CHC,SD,40,2
2025-10-02,593974,663538,SL,88.7,2175,0.05,0.23,2.2986761151392567,2.8864043499465692,0,0,0,5,Bot,683737,,,2,0,R,L,CHC,SD,40,1
2025-10-02,593974,683737,SI,96.0,2066,1.2,0.7,1.25446455477839,3.093751013011244,2,2,0,5,Bot,,,,2,0,L,L,CHC,SD,39,5
2025-10-02,593974,683737,SL,89.5,2320,-0.03,0.47,0.1139008711201532,2.41246844847331,2,1,0,5,Bot,,,,2,0,L,L,CHC,SD,39,4
2025-10-02,593974,683737,SI,94.9,2104,1.16,0.77,0.9089822356482528,1.6014926850038678,1,1,0,5,Bot,,,,2,0,L,L,CHC,SD,39,3
2025-10-02,593974,683737,SI,95.6,2115,1.32,0.86,0.3323337685613433,2.5909776184170985,1,0,0,5,Bot,,,,2,0,L,L,CHC,SD,39,2
2025-10-02,593974,683737,SI,95.9,1765,1.28,0.2,-0.4688105707090915,3.875776819423723,0,0,0,5,Bot,,,,2,0,L,L,CHC,SD,39,1
2025-10-02,694037,665487,FF,100.4,2474,-0.97,1.26,0.1013395514958587,3.625370259148532,1,2,2,5,Top,,666023,657757,0,2,R,R,CHC,SD,38,4
2025-10-02,694037,665487,SL,91.0,2343,0.12,0.24,1.649046344545121,1.1104416545879685,0,2,2,5,Top,,666023,657757,0,2,R,R,CHC,SD,38,3
2025-10-02,694037,665487,FF,100.2,2450,-1.07,1.21,1.0000041591369946,2.535787530148645,0,1,2,5,Top,,666023,657757,0,2,R,R,CHC,SD,38,2
2025-10-02,694037,665487,FF,99.8,2480,-1.0,1.26,0.2741343683995545,2.558622181264683,0,0,2,5,Top,,666023,657757,0,2,R,R,CHC,SD,38,1
2025-10-02,694037,666023,FF,100.9,2390,-0.9,1.12,-0.9033708234443673,3.214417621051406,1,2,2,5,Top,657757,,,0,2,R,R,CHC,SD,37,4
2025-10-02,694037,666023,FF,100.6,2402,-0.93,1.14,-0.0776413946195935,3.4617275682794397,0,2,2,5,Top,657757,,,0,2,R,R,CHC,SD,37,3
2025-10-02,694037,666023,FF,100.2,2399,-0.91,1.2,-0.5533895471380678,4.005719135665322,0,1,2,5,Top,657757,,,0,2,R,R,CHC,SD,37,2
2025-10-02,694037,666023,FF,99.2,2385,-0.92,1.28,-1.4398211087843673,3.602908229447967,0,0,2,5,Top,657757,,,0,2,R,R,CHC,SD,37,1
2025-10-02,573204,630105,SL,90.0,2366,0.04,0.9,-0.6515313817266525,2.6633820859057513,1,2,1,5,Top,657757,,,0,2,L,L,CHC,SD,36,4
2025-10-02,573204,630105,SL,90.1,2334,-0.2,0.66,-1.8321354873349185,1.9143593194746995,0,2,1,5,Top,657757,,,0,2,L,L,CHC,SD,36,3
2025-10-02,573204,630105,FF,95.5,2450,0.37,1.71,0.395020867771458,1.763343291831007,0,1,1,5,Top,657757,,,0,2,L,L,CHC,SD,36,2
2025-10-02,573204,630105,FF,94.6,2349,0.33,1.61,0.2491290845193653,2.3594287345735463,0,0,1,5,Top,657757,,,0,2,L,L,CHC,SD,36,1
2025-10-02,573204,657757,SL,88.0,2336,-0.49,0.41,0.5465163012042075,2.594804583145461,1,0,1,5,Top,,,,0,2,L,L,CHC,SD,35,2
2025-10-02,573204,657757,ST,82.0,2533,-1.1,0.34,-0.810136702634459,1.8572217812471092,0,0,1,5,Top,,,,0,2,L,L,CHC,SD,35,1
2025-10-02,573204,656811,CU,77.7,2609,-0.24,-1.13,-0.337711000717841,1.6540248960329382,1,2,0,5,Top,,,,0,2,L,L,CHC,SD,34,4
2025-10-02,573204,656811,FF,94.3,2232,0.4,1.64,-0.0950998011041584,2.9047569184326525,1,1,0,5,Top,,,,0,2,L,L,CHC,SD,34,3
2025-10-02,573204,656811,FF,92.9,2196,0.04,1.52,-0.0082987772619726,3.7251101283166648,1,0,0,5,Top,,,,0,2,L,L,CHC,SD,34,2
2025-10-02,573204,656811,ST,80.5,2462,-1.27,0.14,0.868173458923398,4.383622756186167,0,0,0,5,Top,,,,0,2,L,L,CHC,SD,34,1
2025-10-02,650633,807713,ST,84.4,2703,1.21,0.45,0.7593382731406764,2.2976456251287463,1,2,2,4,Bot,608348,,,2,0,R,R,CHC,SD,33,4
2025-10-02,650633,807713,ST,84.1,2801,1.41,0.31,0.9996025144368998,2.491621571210118,1,1,2,4,Bot,608348,,,2,0,R,R,CHC,SD,33,3
2025-10-02,650633,807713,SI,94.0,2241,-1.26,0.32,0.3845985800525064,2.0255704885104633,1,0,2,4,Bot,608348,,,2,0,R,R,CHC,SD,33,2
2025-10-02,650633,807713,ST,81.7,2794,1.53,-0.11,1.471447273085818,1.4621627604468586,0,0,2,4,Bot,608348,,,2,0,R,R,CHC,SD,33,1
2025-10-02,650633,621020,CH,88.5,2108,-1.49,0.71,-0.2090302490924567,1.4041797524439326,2,2,1,4,Bot,608348,,,2,0,R,R,CHC,SD,32,6
2025-10-02,650633,621020,SL,84.6,2800,0.88,0.18,1.7361081437759207,2.364819396544523,1,2,1,4,Bot,608348,,,2,0,R,R,CHC,SD,32,5
2025-10-02,650633,621020,CH,88.9,2011,-1.4,0.7,-0.4262743150867978,1.167279679376133,1,2,1,4,Bot,608348,,,2,0,R,R,CHC,SD,32,4
2025-10-02,650633,621020,SI,95.5,2325,-1.29,0.65,-1.058455582884677,2.750456782204652,1,1,1,4,Bot,608348,,,2,0,R,R,CHC,SD,32,3
2025-10-02,650633,621020,SI,94.6,2232,-1.33,0.45,0.1879660370323146,2.9651876305416422,1,0,1,4,Bot,608348,,,2,0,R,R,CHC,SD,32,2
2025-10-02,650633,621020,FF,97.2,2391,-0.57,1.41,2.535709572318499,2.5176670239098566,0,0,1,4,Bot,608348,,,2,0,R,R,CHC,SD,32,1
2025-10-02,650633,691718,FF,95.3,2462,-0.68,1.2,-0.358401283731654,3.6588236091181967,3,2,0,4,Bot,608348,,,2,0,L,R,CHC,SD,31,7
2025-10-02,650633,691718,FF,96.5,2429,-0.74,1.46,0.0999946410527203,1.9381186955087488,3,2,0,4,Bot,608348,,,2,0,L,R,CHC,SD,31,6
2025-10-02,650633,691718,FF,96.1,2435,-0.69,1.43,-0.5395377635124546,2.0748299016701166,3,1,0,4,Bot,608348,,,2,0,L,R,CHC,SD,31,5
2025-10-02,650633,691718,CH,88.2,1883,-1.25,0.63,-1.539685739004485,2.9164888607485704,2,1,0,4,Bot,608348,,,2,0,L,R,CHC,SD,31,4
2025-10-02,650633,691718,CH,89.0,1952,-1.41,0.65,0.5374723793344889,1.3536535688296694,1,1,0,4,Bot,608348,,,2,0,L,R,CHC,SD,31,3
2025-10-02,650633,691718,FF,94.8,2328,-0.57,1.28,-1.1219086722482177,3.4963344261544407,0,1,0,4,Bot,608348,,,2,0,L,R,CHC,SD,31,2
2025-10-02,650633,691718,FF,95.2,2333,-0.69,1.46,-0.622371302817466,3.3139249088963765,0,0,0,4,Bot,608348,,,2,0,L,R,CHC,SD,31,1
2025-10-02,650633,608348,FF,94.4,2357,-0.7,1.11,-0.3242020141196854,2.6719362043189196,0,1,0,4,Bot,,,,2,0,R,R,CHC,SD,30,2
2025-10-02,650633,608348,FF,95.6,2318,-0.84,1.17,0.4048122363955441,2.18238984410688,0,0,0,4,Bot,,,,2,0,R,R,CHC,SD,30,1
2025-10-02,592791,593428,ST,79.6,2873,1.42,-0.23,0.100623897977506,2.019159549182455,3,2,2,4,Top,,701538,,0,2,R,R,CHC,SD,29,7
2025-10-02,592791,593428,FC,85.2,2716,0.58,0.26,1.606451217314062,-0.0062111554873558,2,2,2,4,Top,,701538,,0,2,R,R,CHC,SD,29,6
2025-10-02,592791,593428,ST,80.3,2803,1.72,-0.21,0.4458614092119755,1.3931703064054428,2,2,2,4,Top,,701538,,0,2,R,R,CHC,SD,29,5
2025-10-02,592791,593428,FC,85.3,2710,0.64,0.42,1.0376517325847014,0.451555257886707,1,2,2,4,Top,,701538,,0,2,R,R,CHC,SD,29,4
2025-10-02,592791,593428,FF,92.2,2405,-0.5,1.34,1.3659677125661878,2.7438005675843877,0,2,2,4,Top,,701538,,0,2,R,R,CHC,SD,29,3
2025-10-02,592791,593428,ST,79.3,2646,1.59,-0.31,0.0753309601166376,2.6702116230055717,0,1,2,4,Top,,701538,,0,2,R,R,CHC,SD,29,2
2025-10-02,592791,593428,FC,84.9,2646,0.7,0.3,0.2266930957517887,2.193885946862961,0,0,2,4,Top,,701538,,0,2,R,R,CHC,SD,29,1
2025-10-02,592791,701538,FC,86.8,2543,0.75,0.58,0.710242175514275,3.0147326888051227,0,0,2,4,Top,,,,0,2,L,R,CHC,SD,28,1
2025-10-02,592791,592518,FC,84.5,2627,0.67,0.33,0.339625712496323,2.3092739746866595,0,1,1,4,Top,,,,0,2,R,R,CHC,SD,27,2
2025-10-02,592791,592518,ST,79.8,2842,1.5,-0.37,0.6866519777802566,2.431083251623364,0,0,1,4,Top,,,,0,2,R,R,CHC,SD,27,1
2025-10-02,592791,650333,FF,91.6,2403,-0.56,1.51,0.5758881300495078,2.6794027150827717,1,1,0,4,Top,,,,0,2,L,R,CHC,SD,26,3
2025-10-02,592791,650333,CH,82.4,1553,-1.42,0.2,-0.675345775757026,1.3060715974396189,0,1,0,4,Top,,,,0,2,L,R,CHC,SD,26,2
2025-10-02,592791,650333,CU,78.0,2586,1.51,-0.66,0.5201428246969199,2.791701151101969,0,0,0,4,Top,,,,0,2,L,R,CHC,SD,26,1
2025-10-02,669093,673548,FS,80.9,1505,-0.95,0.54,0.5291992839054799,3.190926941735287,2,2,2,3,Bot,663656,,,2,0,R,R,CHC,SD,25,5
2025-10-02,669093,673548,SL,87.4,2335,0.26,0.34,-0.0930658821664546,2.9064978126017365,2,1,2,3,Bot,663656,,,2,0,R,R,CHC,SD,25,4
2025-10-02,669093,673548,FS,80.7,1409,-0.81,0.47,1.052397929843489,2.554879946328376,1,1,2,3,Bot,663656,,,2,0,R,R,CHC,SD,25,3
2025-10-02,669093,673548,FF,98.0,2224,-0.17,1.62,0.1887716859374406,4.082244528975571,0,1,2,3,Bot,663656,,,2,0,R,R,CHC,SD,25,2
2025-10-02,669093,673548,FF,96.4,2095,-0.03,1.58,-0.4943526671072849,2.934175923500897,0,0,2,3,Bot,663656,,,2,0,R,R,CHC,SD,25,1
2025-10-02,669093,663656,FF,97.8,2218,-0.03,1.43,0.6482832906524358,3.1873645890497877,2,1,2,3,Bot,,,,2,0,L,R,CHC,SD,24,4
2025-10-02,669093,663656,FS,81.8,1557,-0.99,0.53,-1.1011304384816394,3.4493012905583265,1,1,2,3,Bot,,,,2,0,L,R,CHC,SD,24,3
2025-10-02,669093,663656,FS,82.8,1508,-0.78,0.9,0.7919464414301346,0.4689483531204566,0,1,2,3,Bot,,,,2,0,L,R,CHC,SD,24,2
2025-10-02,669093,663656,FS,82.6,1601,-0.75,0.84,-0.8272127242577658,1.9991700678971664,0,0,2,3,Bot,,,,2,0,L,R,CHC,SD,24,1
2025-10-02,669093,664023,FS,84.0,1583,-0.82,0.91,-0.452607678813272,2.6303873922479033,0,1,1,3,Bot,,,,2,0,L,R,CHC,SD,23,2
2025-10-02,669093,664023,FF,97.5,2272,0.0,1.52,0.4654638867982342,1.8880141541785185,0,0,1,3,Bot,,,,2,0,L,R,CHC,SD,23,1
2025-10-02,669093,663538,FS,83.8,1409,-0.85,0.67,0.157777616819199,1.1601065288862746,0,1,0,3,Bot,,,,2,0,R,R,CHC,SD,22,2
2025-10-02,669093,663538,FF,97.6,2269,0.03,1.38,0.5121156944760756,2.024484693349257,0,0,0,3,Bot,,,,2,0,R,R,CHC,SD,22,1
2025-10-02,592791,665487,ST,80.5,2791,1.12,-0.11,1.1616924514954734,0.4466799551700156,0,2,2,3,Top,,,,0,2,R,R,CHC,SD,21,3
2025-10-02,592791,665487,FF,92.4,2262,-0.19,1.39,0.1422681658255477,3.647953924078256,0,1,2,3,Top,,,,0,2,R,R,CHC,SD,21,2
2025-10-02,592791,665487,FC,84.6,2643,0.61,0.13,0.2287808543966722,1.6946403879997547,0,0,2,3,Top,,,,0,2,R,R,CHC,SD,21,1
2025-10-02,592791,666023,ST,80.8,2821,1.03,-0.23,0.3204521048063098,2.0387660409027566,0,2,1,3,Top,,,,0,2,R,R,CHC,SD,20,4
2025-10-02,592791,666023,ST,80.8,2678,1.44,-0.05,0.1185266218145069,3.0311856173872207,0,2,1,3,Top,,,,0,2,R,R,CHC,SD,20,3
2025-10-02,592791,666023,FC,85.8,2606,0.49,0.5,0.5769791735659872,1.5170125606415996,0,1,1,3,Top,,,,0,2,R,R,CHC,SD,20,2
2025-10-02,592791,666023,FF,92.0,2316,-0.54,1.29,0.4377313742426794,2.825345737847669,0,0,1,3,Top,,,,0,2,R,R,CHC,SD,20,1
2025-10-02,592791,630105,CH,83.5,1491,-1.16,0.44,-0.557200682876074,2.407269181946782,2,2,0,3,Top,,,,0,2,L,R,CHC,SD,19,5
2025-10-02,592791,630105,FF,93.0,2377,-0.69,1.43,-0.5928359422546264,3.013145059030951,2,1,0,3,Top,,,,0,2,L,R,CHC,SD,19,4
2025-10-02,592791,630105,FF,91.7,2416,-0.52,1.48,0.8341024434919957,2.0341155946345135,2,0,0,3,Top,,,,0,2,L,R,CHC,SD,19,3
2025-10-02,592791,630105,FF,92.2,2359,-0.47,1.48,0.6137562534143328,1.4530461790336124,1,0,0,3,Top,,,,0,2,L,R,CHC,SD,19,2
2025-10-02,592791,630105,FF,91.5,2382,-0.56,1.47,-0.886855162030971,3.2984264297380417,0,0,0,3,Top,,,,0,2,L,R,CHC,SD,19,1
2025-10-02,669093,683737,FF,97.3,2245,-0.14,1.54,0.4765027064093668,1.7605318505551797,3,2,1,2,Bot,621020,691718,608348,2,0,L,R,CHC,SD,18,7
2025-10-02,669093,683737,FS,83.2,1356,-1.01,0.61,0.2028886715573367,0.095801167532846,2,2,1,2,Bot,621020,691718,608348,2,0,L,R,CHC,SD,18,6
2025-10-02,669093,683737,FS,83.1,1575,-0.71,0.64,0.028507661805967,2.881434666885549,2,2,1,2,Bot,621020,691718,608348,2,0,L,R,CHC,SD,18,5
2025-10-02,669093,683737,FF,97.3,2163,-0.11,1.57,0.0364017853919068,2.8580718139882872,2,1,1,2,Bot,621020,691718,608348,2,0,L,R,CHC,SD,18,4
2025-10-02,669093,683737,FS,82.4,1537,-0.92,0.67,0.7345688831380547,1.938208190219746,2,0,1,2,Bot,621020,691718,608348,2,0,L,R,CHC,SD,18,3
2025-10-02,669093,683737,FS,82.1,1580,-1.03,0.48,-0.5850669963696199,3.821250888589483,1,0,1,2,Bot,621020,691718,608348,2,0,L,R,CHC,SD,18,2
2025-10-02,669093,683737,FS,82.7,1541,-0.64,0.63,0.2712208390190765,0.8987741794500534,0,0,1,2,Bot,621020,691718,608348,2,0,L,R,CHC,SD,18,1
2025-10-02,669093,807713,FF,97.3,2171,0.01,1.51,1.4237186062830771,2.7786517658835637,0,2,0,2,Bot,621020,691718,608348,2,0,R,R,CHC,SD,17,3
2025-10-02,669093,807713,FF,97.0,2188,-0.07,1.48,0.7918339187005593,2.70330999374361,0,1,0,2,Bot,621020,691718,608348,2,0,R,R,CHC,SD,17,2
2025-10-02,669093,807713,FF,96.7,2149,0.16,1.48,0.3039198120454018,3.4353400605817987,0,0,0,2,Bot,621020,691718,608348,2,0,R,R,CHC,SD,17,1
2025-10-02,669093,621020,SL,85.8,1841,0.3,0.39,0.0811420531104342,4.256070088338481,3,2,0,2,Bot,691718,608348,673548,1,0,R,R,CHC,SD,16,7
2025-10-02,669093,621020,SL,85.2,1865,0.14,0.08,0.0907079941563225,5.0017466220799145,2,2,0,2,Bot,691718,608348,673548,1,0,R,R,CHC,SD,16,6
2025-10-02,669093,621020,FS,82.7,1466,-0.71,0.56,0.8586576311848992,-0.4847901524214242,1,2,0,2,Bot,691718,608348,673548,1,0,R,R,CHC,SD,16,5
2025-10-02,669093,621020,FS,81.2,1286,-0.79,0.37,-0.1028464724530332,2.2837400569326936,1,2,0,2,Bot,691718,608348,673548,1,0,R,R,CHC,SD,16,4
2025-10-02,669093,621020,SL,85.8,2033,0.21,0.48,0.117153978595027,3.308141993561018,1,1,0,2,Bot,691718,608348,673548,1,0,R,R,CHC,SD,16,3
2025-10-02,669093,621020,SL,86.8,2048,0.2,0.5,0.6168650553646701,4.069901276133285,0,1,0,2,Bot,691718,608348,673548,1,0,R,R,CHC,SD,16,2
2025-10-02,669093,621020,SL,85.0,1871,0.13,0.47,0.2120736758730529,2.916651401833732,0,0,0,2,Bot,691718,608348,673548,1,0,R,R,CHC,SD,16,1
2025-10-02,506433,691718,FF,93.5,2355,-0.72,1.24,0.1670838646852193,2.1104536721343052,1,0,0,2,Bot,608348,673548,663656,0,0,L,R,CHC,SD,15,2
2025-10-02,506433,691718,CU,70.2,2443,0.82,-1.08,-1.2415344377105009,0.5882854679605636,0,0,0,2,Bot,608348,673548,663656,0,0,L,R,CHC,SD,15,1
2025-10-02,506433,608348,SI,92.7,2302,-1.42,0.56,-2.4541399381804805,3.384222050550483,1,1,0,2,Bot,,673548,663656,0,0,R,R,CHC,SD,14,3
2025-10-02,506433,608348,SI,92.9,2226,-1.35,0.49,-1.24553990466947,2.8462349531866273,1,0,0,2,Bot,,673548,663656,0,0,R,R,CHC,SD,14,2
2025-10-02,506433,608348,SI,94.3,2286,-1.35,0.25,0.3437986040786449,0.9688487428564732,0,0,0,2,Bot,,673548,663656,0,0,R,R,CHC,SD,14,1
2025-10-02,506433,673548,FC,90.2,2443,0.1,0.84,-0.8090745552730567,2.326230461613645,1,0,0,2,Bot,663656,,,0,0,R,R,CHC,SD,13,2
2025-10-02,506433,673548,FC,91.0,2454,-0.03,0.78,1.1688475963306522,1.7837608852975009,0,0,0,2,Bot,663656,,,0,0,R,R,CHC,SD,13,1
2025-10-02,506433,663656,FF,92.7,2350,-0.5,1.41,-0.172968150758503,2.973831059150034,1,1,0,2,Bot,,,,0,0,L,R,CHC,SD,12,3
2025-10-02,506433,663656,CU,70.2,2572,1.14,-0.88,-1.3218468560086545,2.562339041011944,0,1,0,2,Bot,,,,0,0,L,R,CHC,SD,12,2
2025-10-02,506433,663656,CU,72.1,2585,1.03,-0.96,-0.3269203600379379,2.7940849612082133,0,0,0,2,Bot,,,,0,0,L,R,CHC,SD,12,1
2025-10-02,592791,657757,CH,82.8,1702,-1.1,0.41,-0.1987287244284248,1.1769373601334885,2,2,2,2,Top,656811,,,0,0,L,R,CHC,SD,11,6
2025-10-02,592791,657757,FF,93.8,2349,-0.55,1.45,-0.7704091433333878,2.765937288737599,2,2,2,2,Top,656811,,,0,0,L,R,CHC,SD,11,5
2025-10-02,592791,657757,CH,82.1,1736,-1.27,0.5,-0.712176621935604,1.5182120530530423,1,2,2,2,Top,656811,,,0,0,L,R,CHC,SD,11,4
2025-10-02,592791,657757,CH,83.2,1671,-1.09,0.27,0.1625291553601542,1.4329046106203642,1,1,2,2,Top,656811,,,0,0,L,R,CHC,SD,11,3
2025-10-02,592791,657757,FF,92.5,2310,-0.46,1.3,-1.4071546036751663,3.06111924328812,0,1,2,2,Top,656811,,,0,0,L,R,CHC,SD,11,2
2025-10-02,592791,657757,FF,92.0,2358,-0.46,1.34,-0.4655929924783599,2.1563015003333534,0,0,2,2,Top,656811,,,0,0,L,R,CHC,SD,11,1
2025-10-02,592791,656811,CH,83.9,1577,-0.92,0.22,-0.1965084216649266,1.7094666650605657,0,1,2,2,Top,,,,0,0,L,R,CHC,SD,10,2
2025-10-02,592791,656811,CU,78.8,2603,0.8,-0.85,-0.5140465711873379,3.0483634732591742,0,0,2,2,Top,,,,0,0,L,R,CHC,SD,10,1
2025-10-02,592791,593428,FF,93.0,2432,-0.5,1.39,-0.1610618064915915,3.0253724248980016,3,2,1,2,Top,,,,0,0,R,R,CHC,SD,9,6
2025-10-02,592791,593428,FC,85.5,2693,0.62,0.33,0.7931646581255778,1.1449152457490266,2,2,1,2,Top,,,,0,0,R,R,CHC,SD,9,5
2025-10-02,592791,593428,ST,80.9,2736,1.29,0.05,0.5890302324192815,2.136172399912243,2,1,1,2,Top,,,,0,0,R,R,CHC,SD,9,4
2025-10-02,592791,593428,FF,92.5,2340,-0.52,1.52,0.3101014745870643,4.344902512073437,1,1,1,2,Top,,,,0,0,R,R,CHC,SD,9,3
2025-10-02,592791,593428,FC,85.8,2674,0.63,0.46,0.946637323641293,1.3462819974855056,0,1,1,2,Top,,,,0,0,R,R,CHC,SD,9,2
2025-10-02,592791,593428,FF,92.5,2481,-0.49,1.51,0.333348284310677,3.636636125544283,0,0,1,2,Top,,,,0,0,R,R,CHC,SD,9,1
2025-10-02,592791,701538,FC,85.2,2555,0.49,0.8,-0.6163616412785254,1.797378327215844,2,2,0,2,Top,,,,0,0,L,R,CHC,SD,8,5
2025-10-02,592791,701538,CH,81.6,1533,-1.22,0.4,-1.6138900552778963,2.7627685835732545,1,2,0,2,Top,,,,0,0,L,R,CHC,SD,8,4
2025-10-02,592791,701538,CH,83.5,1647,-1.33,0.48,-0.3330131705446382,1.1100004562705763,1,1,0,2,Top,,,,0,0,L,R,CHC,SD,8,3
2025-10-02,592791,701538,FF,92.6,2363,-0.83,1.28,0.0418976675650285,3.972019740779808,0,1,0,2,Top,,,,0,0,L,R,CHC,SD,8,2
2025-10-02,592791,701538,FF,91.7,2386,-0.81,1.37,-0.6022350246152447,1.8671713157853864,0,0,0,2,Top,,,,0,0,L,R,CHC,SD,8,1
2025-10-02,506433,663656,FF,94.2,2467,-0.44,1.41,-0.8169754416116145,2.4020848999385485,1,1,2,1,Bot,663538,,,0,0,L,R,CHC,SD,7,3
2025-10-02,506433,663656,FF,94.2,2398,-0.58,1.52,0.2400314368773237,2.4578608125793417,1,0,2,1,Bot,663538,,,0,0,L,R,CHC,SD,7,2
2025-10-02,506433,663656,FF,94.8,2392,-0.54,1.35,-1.86847709673852,2.660229209972551,0,0,2,1,Bot,663538,,,0,0,L,R,CHC,SD,7,1
2025-10-02,506433,664023,FF,95.5,2426,-0.57,1.41,-0.2688720786409915,3.797162869964845,1,2,1,1,Bot,663538,,,0,0,L,R,CHC,SD,6,4
2025-10-02,506433,664023,SL,86.5,2749,0.43,0.5,-0.0717049810544467,1.7147248559105566,1,1,1,1,Bot,663538,,,0,0,L,R,CHC,SD,6,3
2025-10-02,506433,664023,FF,94.1,2366,-0.65,1.32,-1.8985245339086425,4.000882749542137,0,1,1,1,Bot,663538,,,0,0,L,R,CHC,SD,6,2
2025-10-02,506433,664023,FF,95.4,2453,-0.66,1.43,-0.2010841355660522,2.5238494041967607,0,0,1,1,Bot,663538,,,0,0,L,R,CHC,SD,6,1
2025-10-02,506433,663538,SL,86.6,2685,0.5,0.09,0.3627031572681036,1.3521978991784835,0,1,0,1,Bot,683737,,,0,0,R,R,CHC,SD,5,2
2025-10-02,506433,663538,SL,86.0,2746,0.59,0.16,0.9036310956972576,1.1530248358969557,0,0,0,1,Bot,683737,,,0,0,R,R,CHC,SD,5,1
2025-10-02,506433,683737,FC,91.2,2414,0.05,0.86,0.0568192465996019,2.81794037421058,0,1,0,1,Bot,,,,0,0,L,R,CHC,SD,4,2
2025-10-02,506433,683737,SI,93.1,2338,-1.05,0.6,0.7451947516156308,2.917457251757509,0,0,0,1,Bot,,,,0,0,L,R,CHC,SD,4,1
2025-10-02,592791,592518,SI,93.7,2295,-1.03,1.04,0.0065212645539404,2.649321159765087,2,2,2,1,Top,,,,0,0,R,R,CHC,SD,3,5
2025-10-02,592791,592518,ST,81.5,2886,1.16,0.08,1.352051764685347,1.771340094595642,1,2,2,1,Top,,,,0,0,R,R,CHC,SD,3,4
2025-10-02,592791,592518,FF,93.0,2369,-0.58,1.43,0.526754447048413,2.5244451228676303,1,1,2,1,Top,,,,0,0,R,R,CHC,SD,3,3
2025-10-02,592791,592518,ST,79.6,2779,1.15,-0.3,-0.096540020759527,1.2392984399945668,0,1,2,1,Top,,,,0,0,R,R,CHC,SD,3,2
2025-10-02,592791,592518,FC,85.2,2742,0.44,0.25,0.1798628741850311,1.9451850293948345,0,0,2,1,Top,,,,0,0,R,R,CHC,SD,3,1
2025-10-02,592791,650333,ST,81.3,2768,0.99,0.28,-0.0370099769043936,1.8704083803173757,2,2,1,1,Top,,,,0,0,L,R,CHC,SD,2,8
2025-10-02,592791,650333,FF,93.4,2359,-0.64,1.27,-0.0829618615866479,3.3722500850128387,2,2,1,1,Top,,,,0,0,L,R,CHC,SD,2,7
2025-10-02,592791,650333,CH,84.0,1663,-0.94,0.83,-0.2987326323043751,2.4318514941378258,2,2,1,1,Top,,,,0,0,L,R,CHC,SD,2,6
2025-10-02,592791,650333,SI,93.4,2242,-1.06,0.95,-0.656084432984545,2.9852733520360015,2,2,1,1,Top,,,,0,0,L,R,CHC,SD,2,5
2025-10-02,592791,650333,FF,93.3,2417,-0.62,1.52,-0.3131109219884121,2.8160520883369395,2,1,1,1,Top,,,,0,0,L,R,CHC,SD,2,4
2025-10-02,592791,650333,CU,79.2,2505,0.63,-0.87,-1.9447116749418345,2.4234965771903076,1,1,1,1,Top,,,,0,0,L,R,CHC,SD,2,3
2025-10-02,592791,650333,FF,93.1,2289,-0.78,1.31,-0.2941936847603204,4.437452366929304,0,1,1,1,Top,,,,0,0,L,R,CHC,SD,2,2
2025-10-02,592791,650333,FF,93.1,2425,-0.73,1.53,-0.7730163882113184,2.6335782232287404,0,0,1,1,Top,,,,0,0,L,R,CHC,SD,2,1
2025-10-02,592791,665487,ST,81.4,2870,1.1,-0.32,0.8229410117182695,0.7166347352780833,0,2,0,1,Top,,,,0,0,R,R,CHC,SD,1,3
2025-10-02,592791,665487,FC,85.2,2801,0.57,0.45,0.0407768956234542,1.5101906297674592,0,1,0,1,Top,,,,0,0,R,R,CHC,SD,1,2
2025-10-02,592791,665487,FF,92.7,2448,-0.74,1.37,0.7859399939716106,2.494453692102077,0,0,0,1,Top,,,,0,0,R,R,CHC,SD,1,1
2025-10-01,671922,693307,FF,96.7,2270,-1.03,1.42,-0.1132718752293531,2.9284313470487744,1,2,2,9,Top,672761,679529,681481,1,6,R,R,CLE,DET,76,4
2025-10-01,671922,693307,FF,96.3,2287,-0.81,1.0,-0.5601995697473794,3.2998628996691,1,1,2,9,Top,672761,679529,681481,1,6,R,R,CLE,DET,76,3
2025-10-01,671922,693307,FF,96.8,2267,-0.56,1.1,-0.5101043481250918,2.532991575891149,1,0,2,9,Top,672761,679529,681481,1,6,R,R,CLE,DET,76,2
2025-10-01,671922,693307,FF,97.5,2164,-0.73,1.14,0.9891606437143192,1.8084590638784603,0,0,2,9,Top,672761,679529,681481,1,6,R,R,CLE,DET,76,1
2025-10-01,671922,672761,FF,96.6,2297,-0.52,1.03,0.643124833902737,3.20997582454873,2,2,2,9,Top,679529,681481,,1,6,L,R,CLE,DET,75,5
2025-10-01,671922,672761,FF,97.0,2285,-0.59,1.09,-1.4326395648510637,4.257602907232455,1,2,2,9,Top,679529,681481,,1,6,L,R,CLE,DET,75,4
2025-10-01,671922,672761,FS,83.7,542,0.04,-0.21,0.0433772701661964,1.3649189287431749,1,1,2,9,Top,679529,681481,,1,6,L,R,CLE,DET,75,3
2025-10-01,671922,672761,FF,96.1,2218,-0.52,1.37,-0.6386420954439095,3.331937431297737,1,0,2,9,Top,679529,681481,,1,6,L,R,CLE,DET,75,2
2025-10-01,671922,672761,FS,85.1,532,-0.25,-0.48,0.2571093344762661,0.2863217626595862,0,0,2,9,Top,679529,681481,,1,6,L,R,CLE,DET,75,1
2025-10-01,671922,669234,FF,96.0,2296,-0.63,1.28,-0.0208432413742023,1.693861875704582,3,2,1,9,Top,679529,681481,,1,6,R,R,CLE,DET,74,7
2025-10-01,671922,669234,FF,94.8,2290,-0.65,1.32,-0.6210121788227035,2.5152702951627406,3,2,1,9,Top,679529,681481,,1,6,R,R,CLE,DET,74,6
2025-10-01,671922,669234,FF,94.8,2242,-0.78,1.26,0.7595991973528787,2.2132468156488887,3,1,1,9,Top,679529,681481,,1,6,R,R,CLE,DET,74,5
2025-10-01,671922,669234,FF,94.8,2179,-0.72,1.22,-0.3467685380852544,3.084048887250562,3,0,1,9,Top,679529,681481,,1,6,R,R,CLE,DET,74,4
2025-10-01,671922,669234,FF,94.4,2279,-0.55,1.32,-0.7636599044900277,4.076489787941381,2,0,1,9,Top,679529,681481,,1,6,R,R,CLE,DET,74,3
2025-10-01,671922,669234,FF,95.7,2301,-0.55,1.28,1.100865730964533,2.7716386767383705,1,0,1,9,Top,679529,681481,,1,6,R,R,CLE,DET,74,2
2025-10-01,671922,669234,FF,94.8,2317,-0.62,1.44,-0.1857431473539145,4.551703687424562,0,0,1,9,Top,679529,681481,,1,6,R,R,CLE,DET,74,1
2025-10-01,671922,679529,FF,96.4,2299,-0.4,1.36,-1.5633613046001529,4.22667832604886,0,2,1,9,Top,681481,,,1,6,R,R,CLE,DET,73,4
2025-10-01,671922,679529,FF,96.9,2286,-0.59,1.27,0.1263503378393542,2.800876714388542,0,2,1,9,Top,681481,,,1,6,R,R,CLE,DET,73,3
2025-10-01,671922,679529,FF,95.3,2274,-0.74,1.28,0.1106326859353504,3.643469386619887,0,1,1,9,Top,681481,,,1,6,R,R,CLE,DET,73,2
2025-10-01,671922,679529,FF,95.5,2298,-0.66,1.35,-0.1300933825109941,3.5214463579706736,0,0,1,9,Top,681481,,,1,6,R,R,CLE,DET,73,1
2025-10-01,671922,681481,FS,85.2,518,0.18,-0.42,-1.1685806531820695,2.675133268873477,3,1,1,9,Top,,,,1,6,L,R,CLE,DET,72,5
2025-10-01,671922,681481,FF,95.4,2303,-0.58,1.29,-0.2272796012762508,3.539821468230941,3,0,1,9,Top,,,,1,6,L,R,CLE,DET,72,4
2025-10-01,671922,681481,FF,95.3,2312,-0.43,1.16,-0.5183067552536658,3.729676429432814,2,0,1,9,Top,,,,1,6,L,R,CLE,DET,72,3
2025-10-01,671922,681481,FF,95.0,2267,-0.69,1.35,-0.8418306469181318,4.323816282284931,1,0,1,9,Top,,,,1,6,L,R,CLE,DET,72,2
2025-10-01,671922,681481,FF,95.1,2259,-0.91,1.49,-1.4681847815705595,3.138753412046265,0,0,1,9,Top,,,,1,6,L,R,CLE,DET,72,1
2025-10-01,671922,650402,FS,83.5,546,-0.33,-0.89,-0.8631385457791229,2.1200718213269005,0,1,0,9,Top,,,,1,6,R,R,CLE,DET,71,2
2025-10-01,671922,650402,FF,94.3,2177,-0.62,1.0,0.046965836862524,3.4626959412013707,0,0,0,9,Top,,,,1,6,R,R,CLE,DET,71,1
2025-10-01,676428,672356,SI,91.6,2122,1.26,0.12,-0.0772526093406591,1.846989882569757,0,0,2,8,Bot,,,,6,1,R,L,CLE,DET,70,1
2025-10-01,676428,666310,ST,82.0,2625,-0.82,0.3,0.0264665468696875,1.9390596646936389,2,2,2,8,Bot,,608070,682177,3,1,L,L,CLE,DET,69,7
2025-10-01,676428,666310,SI,90.4,1946,1.22,0.2,1.4182581230193665,2.284015697150405,2,2,2,8,Bot,,608070,682177,3,1,L,L,CLE,DET,69,6
2025-10-01,676428,666310,SI,92.8,2073,1.47,0.3,-1.42525318525419,0.6088978996285603,1,2,2,8,Bot,,608070,682177,3,1,L,L,CLE,DET,69,5
2025-10-01,676428,666310,ST,81.7,2656,-0.77,0.43,-2.292458165991323,0.9065778565517656,0,2,2,8,Bot,,608070,682177,3,1,L,L,CLE,DET,69,4
2025-10-01,676428,666310,ST,81.5,2665,-0.78,0.38,0.147911334791566,2.3239873499644648,0,2,2,8,Bot,,608070,682177,3,1,L,L,CLE,DET,69,3
2025-10-01,676428,666310,SI,91.1,2033,1.32,0.18,-0.3405090338636327,1.480535871193882,0,1,2,8,Bot,,608070,682177,3,1,L,L,CLE,DET,69,2
2025-10-01,676428,666310,ST,80.9,2516,-0.91,-0.18,0.5912566635111859,1.9853297980533584,0,0,2,8,Bot,,608070,682177,3,1,L,L,CLE,DET,69,1
2025-10-01,676428,700932,ST,80.9,2718,-1.14,0.05,-0.9824039374498522,2.059050254028148,0,2,1,8,Bot,608070,682177,,3,1,L,L,CLE,DET,68,3
2025-10-01,676428,700932,ST,80.6,2700,-0.84,0.35,-1.9230565830811075,1.9325923351935057,0,1,1,8,Bot,608070,682177,,3,1,L,L,CLE,DET,68,2
2025-10-01,676428,700932,SI,90.5,1945,1.68,0.5,-0.6168443383935751,2.1263543326008794,0,0,1,8,Bot,608070,682177,,3,1,L,L,CLE,DET,68,1
2025-10-01,675512,682177,FF,98.1,2273,-0.3,1.05,0.316590405448156,2.2538205094948136,0,0,1,8,Bot,,680757,,2,1,L,R,CLE,DET,66,1
2025-10-01,675512,680757,FF,98.7,2201,-0.47,1.07,0.6758581549710552,1.940798998908467,2,2,1,8,Bot,,,,2,1,L,R,CLE,DET,65,5
2025-10-01,675512,680757,FF,98.6,2218,-0.29,0.84,-1.3768815037585085,3.553798687315094,1,2,1,8,Bot,,,,2,1,L,R,CLE,DET,65,4
2025-10-01,675512,680757,FS,89.3,1619,-0.77,-0.33,0.6299924858748019,1.998158592090988,1,1,1,8,Bot,,,,2,1,L,R,CLE,DET,65,3
2025-10-01,675512,680757,FF,99.8,2273,-0.32,1.21,0.2016161623547706,2.297607540154193,1,0,1,8,Bot,,,,2,1,L,R,CLE,DET,65,2
2025-10-01,675512,680757,FF,98.7,2080,-0.55,1.22,1.3346349449877288,1.1726462707403171,0,0,1,8,Bot,,,,2,1,L,R,CLE,DET,65,1
2025-10-01,675512,677587,FF,99.9,2315,-0.57,1.05,0.2512486750426915,2.3982911606259365,0,2,1,8,Bot,,,,1,1,L,R,CLE,DET,64,3
2025-10-01,675512,677587,FS,89.2,1367,-0.52,-0.24,0.3610712970699488,1.5019479491155057,0,1,1,8,Bot,,,,1,1,L,R,CLE,DET,64,2
2025-10-01,675512,677587,SL,85.4,2455,0.82,-0.26,-0.367084063647386,1.3397376191969386,0,0,1,8,Bot,,,,1,1,L,R,CLE,DET,64,1
2025-10-01,675512,692216,FS,89.9,1545,-0.55,-0.4,0.8465348363918295,2.3509926518947366,1,2,0,8,Bot,,,,1,1,L,R,CLE,DET,63,5
2025-10-01,675512,692216,FF,98.8,2183,-0.52,1.08,-0.6241339300957672,3.030391094871148,1,2,0,8,Bot,,,,1,1,L,R,CLE,DET,63,4
2025-10-01,675512,692216,FS,90.0,1472,-0.67,-0.13,0.5775845464068567,1.1198532236071457,1,1,0,8,Bot,,,,1,1,L,R,CLE,DET,63,3
2025-10-01,675512,692216,FF,98.0,2166,-0.38,1.08,-1.2221319065081706,3.247136498945655,0,1,0,8,Bot,,,,1,1,L,R,CLE,DET,63,2
2025-10-01,675512,692216,FF,97.7,2137,-0.48,1.05,-0.7421236275201211,3.0233899394057184,0,0,0,8,Bot,,,,1,1,L,R,CLE,DET,63,1
2025-10-01,671922,678009,FS,86.4,502,0.09,-0.58,-0.2188857771527017,0.8603319837392283,1,2,2,8,Top,,656716,,1,1,L,R,CLE,DET,62,4
2025-10-01,671922,678009,FF,96.3,2238,-0.39,1.39,-0.1874807829984,3.5764981934873,1,1,2,8,Top,,656716,,1,1,L,R,CLE,DET,62,3
2025-10-01,671922,678009,FS,86.2,496,-0.3,-0.58,-1.6209148168100809,1.0126905755478854,0,1,2,8,Top,,656716,,1,1,L,R,CLE,DET,62,2
2025-10-01,671922,678009,FF,96.7,2229,-0.48,1.35,-0.0702524995544803,3.097853521660745,0,0,2,8,Top,,656716,,1,1,L,R,CLE,DET,62,1
2025-10-01,596001,595879,ST,83.7,2390,1.47,-0.12,0.66886533397458,2.2334243036327437,1,1,1,8,Top,656716,,,1,1,R,R,CLE,DET,61,3
2025-10-01,596001,595879,ST,84.3,2505,1.52,-0.04,0.1982156867254776,0.9466734986717368,0,1,1,8,Top,656716,,,1,1,R,R,CLE,DET,61,2
2025-10-01,596001,595879,ST,84.6,2388,1.29,0.2,1.753051846165748,1.3221978928621998,0,0,1,8,Top,656716,,,1,1,R,R,CLE,DET,61,1
2025-10-01,596001,656716,CH,86.4,1335,-0.61,0.09,1.844355395093754,2.348461949004339,3,2,1,8,Top,,,,1,1,L,R,CLE,DET,60,6
2025-10-01,596001,656716,FF,92.6,2184,-0.66,0.85,1.471421405736504,0.4971491457582095,2,2,1,8,Top,,,,1,1,L,R,CLE,DET,60,5
2025-10-01,596001,656716,CH,87.7,1420,-1.26,0.18,-1.3374141349378348,0.989109089531738,1,2,1,8,Top,,,,1,1,L,R,CLE,DET,60,4
2025-10-01,596001,656716,CH,87.4,1408,-0.52,0.15,-0.0824238023290832,0.7979812720150066,0,2,1,8,Top,,,,1,1,L,R,CLE,DET,60,3
2025-10-01,596001,656716,CH,87.3,1414,-0.49,0.22,0.9035626381939864,1.782342467163026,0,1,1,8,Top,,,,1,1,L,R,CLE,DET,60,2
2025-10-01,596001,656716,CH,85.1,1382,-0.42,0.29,-0.3493328971045862,3.071469246177072,0,0,1,8,Top,,,,1,1,L,R,CLE,DET,60,1
2025-10-01,596001,693307,ST,82.9,2502,1.11,0.1,0.783093349790039,2.0780938380179967,0,2,0,8,Top,,,,1,1,R,R,CLE,DET,59,3
2025-10-01,596001,693307,ST,83.4,2465,1.36,-0.11,1.429935705714391,1.6683007990401322,0,1,0,8,Top,,,,1,1,R,R,CLE,DET,59,2
2025-10-01,596001,693307,ST,80.4,2457,1.08,-0.11,0.1275162187223697,2.3401191460182176,0,0,0,8,Top,,,,1,1,R,R,CLE,DET,59,1
2025-10-01,640448,800050,FF,96.3,2311,-0.68,1.44,0.0238439226549035,2.076197811765104,1,0,2,7,Bot,,,,1,1,L,R,CLE,DET,58,2
2025-10-01,640448,800050,FS,88.8,1215,-0.76,0.34,0.4479247770299779,0.5580978827616776,0,0,2,7,Bot,,,,1,1,L,R,CLE,DET,58,1
2025-10-01,640448,672356,FF,94.7,2311,-0.81,1.28,-1.2871508016017827,2.8935514164353515,1,1,1,7,Bot,,,,1,1,R,R,CLE,DET,57,3
2025-10-01,640448,672356,FF,96.4,2268,-0.44,1.6,-0.2671780409352106,2.355060518128983,1,0,1,7,Bot,,,,1,1,R,R,CLE,DET,57,2
2025-10-01,640448,672356,FS,88.3,949,-0.8,0.69,-0.0240335389223119,1.23670305599977,0,0,1,7,Bot,,,,1,1,R,R,CLE,DET,57,1
2025-10-01,640448,666310,FF,96.1,2294,-0.43,1.52,-0.7201761189303691,2.9976337004605185,0,1,0,7,Bot,,,,1,1,L,R,CLE,DET,56,2
2025-10-01,640448,666310,FF,95.5,2258,-0.49,1.52,-0.0472038918388216,1.8566023998147616,0,0,0,7,Bot,,,,1,1,L,R,CLE,DET,56,1
2025-10-01,682120,672761,FF,95.6,2423,0.27,1.1,-0.1388857814641315,4.10600424072147,0,2,2,7,Top,681481,,650402,1,1,R,L,CLE,DET,55,7
2025-10-01,682120,672761,CU,80.7,2314,-0.84,-0.23,-0.5427462905097984,1.0908663507083816,0,2,2,7,Top,681481,,650402,1,1,R,L,CLE,DET,55,6
2025-10-01,682120,672761,CU,81.9,2371,-1.16,-0.12,-0.1547650054109995,2.646200444825934,0,2,2,7,Top,681481,,650402,1,1,R,L,CLE,DET,55,5
2025-10-01,682120,672761,FF,95.4,2460,0.39,0.86,0.2624930045001812,2.620960398483038,0,2,2,7,Top,681481,,650402,1,1,R,L,CLE,DET,55,4
2025-10-01,682120,672761,FF,95.6,2423,0.18,1.07,-0.6599114025538607,3.3263948513788444,0,2,2,7,Top,681481,,650402,1,1,R,L,CLE,DET,55,3
2025-10-01,682120,672761,FF,95.3,2374,0.42,1.2,-0.0602585289212123,2.336892349796905,0,1,2,7,Top,681481,,650402,1,1,R,L,CLE,DET,55,2
2025-10-01,682120,672761,FF,95.4,2382,0.41,0.79,0.5167194574727192,3.1944032677319933,0,0,2,7,Top,681481,,650402,1,1,R,L,CLE,DET,55,1
2025-10-01,682120,663330,CU,80.7,2256,-0.44,-0.3,0.0564494629726705,1.4063760715174642,3,2,1,7,Top,681481,,650402,1,1,R,L,CLE,DET,54,6
2025-10-01,682120,663330,CU,81.1,2404,-0.46,-0.57,-0.3351858045408707,1.450983989527444,3,1,1,7,Top,681481,,650402,1,1,R,L,CLE,DET,54,5
2025-10-01,682120,663330,CU,80.7,2445,-0.98,-0.36,-0.2451234947830093,1.3071583178482964,2,1,1,7,Top,681481,,650402,1,1,R,L,CLE,DET,54,4
2025-10-01,682120,663330,CU,81.1,2319,-0.42,-0.31,-0.1632805690498231,1.322354412458156,2,0,1,7,Top,681481,,650402,1,1,R,L,CLE,DET,54,3
2025-10-01,682120,663330,CU,80.9,2336,-0.44,-0.23,-0.7999503842966691,2.1613944484775662,1,0,1,7,Top,681481,,650402,1,1,R,L,CLE,DET,54,2
2025-10-01,682120,663330,CU,81.2,2372,-0.65,-0.13,1.110057806998593,3.7046660511935894,0,0,1,7,Top,681481,,650402,1,1,R,L,CLE,DET,54,1
2025-10-01,683769,679529,SL,87.2,2455,0.7,0.12,0.0846483510306378,3.291941092630098,2,1,0,7,Top,681481,,650402,1,1,R,R,CLE,DET,53,4
2025-10-01,683769,679529,FF,94.4,2244,-0.49,1.36,-0.4374126555581501,4.107965852938735,1,1,0,7,Top,681481,,650402,1,1,R,R,CLE,DET,53,3
2025-10-01,683769,679529,SL,88.0,2383,0.59,0.06,0.9056635490655544,2.0776423041521066,1,0,0,7,Top,681481,,650402,1,1,R,R,CLE,DET,53,2
2025-10-01,683769,679529,SL,88.9,2365,0.38,-0.06,0.4971939405024178,0.4040096240048632,0,0,0,7,Top,681481,,650402,1,1,R,R,CLE,DET,53,1
2025-10-01,683769,681481,SL,87.6,2206,0.53,-0.04,-0.8768940429315033,3.4602500792462862,3,2,0,7,Top,650402,,,1,1,L,R,CLE,DET,52,8
2025-10-01,683769,681481,CH,79.7,1523,-0.84,0.22,-1.004697127598832,3.398666548792541,2,2,0,7,Top,650402,,,1,1,L,R,CLE,DET,52,7
2025-10-01,683769,681481,SL,87.2,2360,0.39,-0.23,1.174793608135071,1.418387828517346,2,2,0,7,Top,650402,,,1,1,L,R,CLE,DET,52,6
2025-10-01,683769,681481,SL,88.0,2424,0.49,0.11,1.1333017411588628,1.7946499219998389,2,2,0,7,Top,650402,,,1,1,L,R,CLE,DET,52,5
2025-10-01,683769,681481,CH,81.0,1843,-1.35,0.32,-0.9281842029522758,1.3991114758883754,1,2,0,7,Top,650402,,,1,1,L,R,CLE,DET,52,4
2025-10-01,683769,681481,CH,81.0,1731,-1.0,0.03,-1.0142431336095092,1.640441387382619,1,1,0,7,Top,650402,,,1,1,L,R,CLE,DET,52,3
2025-10-01,683769,681481,SL,86.8,2342,0.65,0.02,1.5862181164167783,1.2796789502261392,1,0,0,7,Top,650402,,,1,1,L,R,CLE,DET,52,2
2025-10-01,683769,681481,CH,80.2,1670,-1.05,0.1,-1.3482273270965364,3.657145066131065,0,0,0,7,Top,650402,,,1,1,L,R,CLE,DET,52,1
2025-10-01,683769,650402,FF,95.0,2174,-0.53,1.39,-2.0972137639873076,3.7952474593014536,1,2,0,7,Top,,,,1,1,R,R,CLE,DET,51,4
2025-10-01,683769,650402,FF,94.1,2248,-0.27,1.53,0.4438008004623442,3.0837351292478243,1,1,0,7,Top,,,,1,1,R,R,CLE,DET,51,3
2025-10-01,683769,650402,FF,93.3,2147,-0.3,1.45,-0.2821441388254164,4.17735934548586,0,1,0,7,Top,,,,1,1,R,R,CLE,DET,51,2
2025-10-01,683769,650402,SL,86.9,2284,0.63,0.19,0.2724804683199436,1.6110242901668783,0,0,0,7,Top,,,,1,1,R,R,CLE,DET,51,1
2025-10-01,640448,700932,FS,87.0,700,-0.82,-0.32,-0.0227043913336874,1.0469506820230454,1,1,2,6,Bot,608070,,,1,1,L,R,CLE,DET,50,3
2025-10-01,640448,700932,FF,97.0,2297,-0.74,1.32,-0.5452233477119225,1.4771267224518014,0,1,2,6,Bot,608070,,,1,1,L,R,CLE,DET,50,2
2025-10-01,640448,700932,FF,96.2,2336,-0.87,1.48,-0.1597610990416955,1.808286575830981,0,0,2,6,Bot,608070,,,1,1,L,R,CLE,DET,50,1
2025-10-01,640448,608070,FS,87.5,875,-0.42,0.46,0.496949561264677,1.3238704047255498,3,1,2,6,Bot,,,,1,1,L,R,CLE,DET,49,5
2025-10-01,640448,608070,FS,88.1,902,-0.47,-0.13,0.8320806097313622,0.9053915555724186,2,1,2,6,Bot,,,,1,1,L,R,CLE,DET,49,4
2025-10-01,640448,608070,FF,96.9,2428,-0.51,1.66,-1.4437555531063089,4.586125195050858,1,1,2,6,Bot,,,,1,1,L,R,CLE,DET,49,3
2025-10-01,640448,608070,FS,87.9,903,-0.7,0.12,-0.5053354113569817,2.1366532497815336,1,0,2,6,Bot,,,,1,1,L,R,CLE,DET,49,2
2025-10-01,640448,608070,FF,98.3,2286,-0.71,1.26,-1.5631436729246684,1.898208863659717,0,0,2,6,Bot,,,,1,1,L,R,CLE,DET,49,1
2025-10-01,640448,682177,FS,88.0,908,-0.52,-0.41,0.7411793140666867,0.1721022615257306,0,2,1,6,Bot,,,,1,1,L,R,CLE,DET,48,3
2025-10-01,640448,682177,FF,97.4,2186,-0.56,1.52,-0.4264497722966704,1.938725845348758,0,1,1,6,Bot,,,,1,1,L,R,CLE,DET,48,2
2025-10-01,640448,682177,FF,96.7,2278,-0.73,1.24,-0.1205875460185399,2.618755164990856,0,0,1,6,Bot,,,,1,1,L,R,CLE,DET,48,1
2025-10-01,663947,680757,ST,81.4,2640,-0.57,0.15,-0.468327387995869,1.992543820186175,0,1,0,6,Bot,,,,1,1,L,L,CLE,DET,47,2
2025-10-01,663947,680757,SI,90.0,2102,1.81,0.74,-0.3344714805514539,1.4891842629523508,0,0,0,6,Bot,,,,1,1,L,L,CLE,DET,47,1
2025-10-01,683769,678009,SL,88.0,2314,0.6,0.0,0.2987248055671555,1.7313377450896734,1,0,2,6,Top,595879,693307,,1,1,L,R,CLE,DET,46,2
2025-10-01,683769,678009,CH,80.1,1795,-1.06,0.15,-0.2447688782286634,1.4419665868282303,0,0,2,6,Top,595879,693307,,1,1,L,R,CLE,DET,46,1
2025-10-01,683769,595879,SL,87.4,2397,0.57,0.14,0.1982105982285704,1.5189374243972904,0,1,2,6,Top,693307,,,1,1,R,R,CLE,DET,45,2
2025-10-01,683769,595879,SL,87.5,2411,0.63,0.23,0.280374038658119,1.27715009964093,0,0,2,6,Top,693307,,,1,1,R,R,CLE,DET,45,1
2025-10-01,681870,656716,FF,95.0,2642,0.93,1.52,0.034421324609135,2.988311139263566,1,2,1,6,Top,693307,,,1,1,L,L,CLE,DET,44,5
2025-10-01,681870,656716,FF,94.3,2697,0.83,1.41,0.2840560726030223,2.689405023282387,1,2,1,6,Top,693307,,,1,1,L,L,CLE,DET,44,4
2025-10-01,681870,656716,FF,93.6,2658,1.02,1.66,-0.5563327149293273,2.2411553032224925,1,1,1,6,Top,693307,,,1,1,L,L,CLE,DET,44,3
2025-10-01,681870,656716,CU,78.8,2625,-0.53,-1.03,0.3663567965736755,4.530079879684768,0,1,1,6,Top,693307,,,1,1,L,L,CLE,DET,44,2
2025-10-01,681870,656716,FF,94.5,2674,0.78,1.41,-0.3792619425159653,2.0329847494401276,0,0,1,6,Top,693307,,,1,1,L,L,CLE,DET,44,1
2025-10-01,681870,693307,FF,94.4,2620,0.96,1.5,-0.1928898781469431,1.2022427754425429,3,2,1,6,Top,,,,1,1,R,L,CLE,DET,43,6
2025-10-01,681870,693307,FF,94.7,2567,0.68,1.56,-0.1981907326192211,0.7176646685497535,2,2,1,6,Top,,,,1,1,R,L,CLE,DET,43,5
2025-10-01,681870,693307,FF,94.1,2643,0.83,1.73,-0.0930041594616379,2.876311518151035,2,1,1,6,Top,,,,1,1,R,L,CLE,DET,43,4
2025-10-01,681870,693307,FF,93.8,2533,0.82,1.89,-0.3714074622458012,4.345028755952411,1,1,1,6,Top,,,,1,1,R,L,CLE,DET,43,3
2025-10-01,681870,693307,CU,79.9,2748,-0.33,-1.27,0.6470251212919922,1.0624846845989078,0,1,1,6,Top,,,,1,1,R,L,CLE,DET,43,2
2025-10-01,681870,693307,CU,80.0,2372,-0.5,-1.06,-0.3989855079721128,2.037188007667921,0,0,1,6,Top,,,,1,1,R,L,CLE,DET,43,1
2025-10-01,681870,672761,FF,93.9,2636,0.96,1.53,0.9126291083706006,3.3557436270708583,3,2,0,6,Top,,,,1,1,R,L,CLE,DET,42,6
2025-10-01,681870,672761,FF,93.0,2649,1.01,1.29,0.3765784422227779,2.2100486475490446,3,1,0,6,Top,,,,1,1,R,L,CLE,DET,42,5
2025-10-01,681870,672761,FF,93.8,2639,0.91,1.58,0.591973569314102,4.199723383764289,2,1,0,6,Top,,,,1,1,R,L,CLE,DET,42,4
2025-10-01,681870,672761,FF,93.8,2651,1.06,1.54,-0.0280473650512965,4.00446487431172,1,1,0,6,Top,,,,1,1,R,L,CLE,DET,42,3
2025-10-01,681870,672761,FF,93.8,2620,1.02,1.58,-0.9750671768168556,1.6535442200949482,0,1,0,6,Top,,,,1,1,R,L,CLE,DET,42,2
2025-10-01,681870,672761,FF,93.3,2529,0.99,1.44,0.0685327243805639,3.0131901635569625,0,0,0,6,Top,,,,1,1,R,L,CLE,DET,42,1
2025-10-01,663947,677587,CH,84.0,1586,1.17,0.3,0.7689218774229085,2.1248839933148504,1,2,2,5,Bot,692216,,,1,1,R,L,CLE,DET,41,4
2025-10-01,663947,677587,FC,90.0,2355,-0.13,0.78,-0.576572502351583,2.656110463569142,1,1,2,5,Bot,692216,,,1,1,R,L,CLE,DET,41,3
2025-10-01,663947,677587,FC,89.9,2355,-0.39,0.54,-1.0336836799096272,1.6957098386682816,0,1,2,5,Bot,692216,,,1,1,R,L,CLE,DET,41,2
2025-10-01,663947,677587,FC,88.4,2335,-0.38,0.58,0.6178672029264254,2.212886257067185,0,0,2,5,Bot,692216,,,1,1,R,L,CLE,DET,41,1
2025-10-01,663947,692216,SI,92.8,2171,1.27,0.58,-0.427936822680385,2.654739506529446,1,2,2,5,Bot,,,,1,1,L,L,CLE,DET,40,4
2025-10-01,663947,692216,SI,92.1,2137,1.2,0.6,-0.304347391536252,2.2636736148310823,1,1,2,5,Bot,,,,1,1,L,L,CLE,DET,40,3
2025-10-01,663947,692216,SI,91.5,2056,1.32,0.76,-0.3749130750404499,0.9608051664312904,0,1,2,5,Bot,,,,1,1,L,L,CLE,DET,40,2
2025-10-01,663947,692216,SI,91.3,2095,1.22,0.69,-0.0764267634753987,2.8937253081103136,0,0,2,5,Bot,,,,1,1,L,L,CLE,DET,40,1
2025-10-01,663947,800050,FC,88.7,2413,-0.32,0.76,-0.4397293933184157,1.612102749538856,2,2,1,5,Bot,,,,1,1,L,L,CLE,DET,39,8
2025-10-01,663947,800050,SI,91.4,2069,1.37,0.66,-0.744110764482115,2.3434889130067003,2,2,1,5,Bot,,,,1,1,L,L,CLE,DET,39,7
2025-10-01,663947,800050,ST,82.6,2723,-1.36,0.18,-0.2301594429855064,2.6407075769438824,2,2,1,5,Bot,,,,1,1,L,L,CLE,DET,39,6
2025-10-01,663947,800050,SI,92.2,2222,1.35,0.74,0.3726012325746155,1.6384569732545673,2,2,1,5,Bot,,,,1,1,L,L,CLE,DET,39,5
2025-10-01,663947,800050,ST,83.1,2876,-1.31,0.14,-2.1983552914357016,0.48109050429027,1,2,1,5,Bot,,,,1,1,L,L,CLE,DET,39,4
2025-10-01,663947,800050,ST,81.6,2704,-1.67,-0.06,-2.4572990030195805,1.719080035435272,0,2,1,5,Bot,,,,1,1,L,L,CLE,DET,39,3
2025-10-01,663947,800050,SI,92.3,2181,1.17,0.67,0.2293042937608609,2.4881065977018464,0,1,1,5,Bot,,,,1,1,L,L,CLE,DET,39,2
2025-10-01,663947,800050,SI,91.4,2081,1.74,0.69,0.7587385353533558,2.4613282187542183,0,0,1,5,Bot,,,,1,1,L,L,CLE,DET,39,1
2025-10-01,663947,672356,CH,83.8,1693,1.27,0.23,-0.0834002346669628,0.9795295870574728,1,2,0,5,Bot,,,,1,1,R,L,CLE,DET,38,4
2025-10-01,663947,672356,FC,88.1,2391,-0.44,0.65,-2.086651268120862,2.2882422469426316,0,2,0,5,Bot,,,,1,1,R,L,CLE,DET,38,3
2025-10-01,663947,672356,FC,86.4,2322,-0.33,0.7,0.683725077526627,2.669024227403415,0,1,0,5,Bot,,,,1,1,R,L,CLE,DET,38,2
2025-10-01,663947,672356,FC,87.9,2406,-0.4,0.72,-1.3228897973274436,2.231631466281905,0,0,0,5,Bot,,,,1,1,R,L,CLE,DET,38,1
2025-10-01,681870,682985,FF,93.3,2544,1.01,1.73,0.6616389103237907,2.2641087836155496,0,0,2,5,Top,679529,681481,,1,1,L,L,CLE,DET,37,1
2025-10-01,676440,679529,FC,85.9,2654,0.6,0.42,-0.3777056287318942,3.89665772748468,3,0,2,5,Top,681481,,,1,1,R,R,CLE,DET,36,4
2025-10-01,676440,679529,FC,86.5,2649,0.69,-0.02,-0.2400054509375798,3.8639072995184023,2,0,2,5,Top,681481,,,1,1,R,R,CLE,DET,36,3
2025-10-01,676440,679529,FF,93.1,2323,-0.16,0.76,0.8233230344595541,4.617527010615066,1,0,2,5,Top,681481,,,1,1,R,R,CLE,DET,36,2
2025-10-01,676440,679529,FC,86.2,2692,0.53,0.25,-0.8280120042587309,4.222925614329016,0,0,2,5,Top,681481,,,1,1,R,R,CLE,DET,36,1
2025-10-01,676440,681481,FC,87.2,2739,0.71,0.22,0.0300855953669928,1.8844472120103355,1,0,2,5,Top,,,,1,1,L,R,CLE,DET,35,2
2025-10-01,676440,681481,FC,87.6,2609,0.41,0.61,-0.9472884091463124,3.375154259804229,0,0,2,5,Top,,,,1,1,L,R,CLE,DET,35,1
2025-10-01,676440,650402,SI,93.4,2122,-1.21,0.57,0.8503028006220723,2.7896921733022886,0,2,1,5,Top,,,,1,1,R,R,CLE,DET,34,3
2025-10-01,676440,650402,FC,86.9,2611,0.58,0.09,1.0497406984566895,0.8765016950815845,0,1,1,5,Top,,,,1,1,R,R,CLE,DET,34,2
2025-10-01,676440,650402,FC,86.0,2539,0.43,0.24,0.2389169943648764,2.7022721283011797,0,0,1,5,Top,,,,1,1,R,R,CLE,DET,34,1
2025-10-01,676440,678009,SI,92.7,2259,-1.13,0.48,0.141067580652475,2.223546041451285,0,1,0,5,Top,,,,1,1,L,R,CLE,DET,33,2
2025-10-01,676440,678009,FC,84.7,2512,0.79,0.04,0.6080712576786134,2.2790046383863554,0,0,0,5,Top,,,,1,1,L,R,CLE,DET,33,1
2025-10-01,663947,666310,SI,92.5,2138,1.47,0.72,-0.0886249456315202,3.0880486296761296,2,2,2,4,Bot,,,,1,1,L,L,CLE,DET,32,5
2025-10-01,663947,666310,ST,81.7,2871,-1.32,0.31,-1.0105442744996544,2.2313277226860313,1,2,2,4,Bot,,,,1,1,L,L,CLE,DET,32,4
2025-10-01,663947,666310,SI,92.3,2150,1.44,0.84,-0.7071157117718039,2.243014979564721,1,1,2,4,Bot,,,,1,1,L,L,CLE,DET,32,3
2025-10-01,663947,666310,SI,91.8,2038,1.41,0.89,0.6337629849474147,2.821341339893099,1,0,2,4,Bot,,,,1,1,L,L,CLE,DET,32,2
2025-10-01,663947,666310,ST,81.7,2763,-1.04,0.16,1.044995036863064,3.2104974623543554,0,0,2,4,Bot,,,,1,1,L,L,CLE,DET,32,1
2025-10-01,663947,700932,ST,82.7,2803,-0.76,0.18,-1.2379531849597116,1.6953164798744749,1,2,0,4,Bot,608070,,,1,1,L,L,CLE,DET,31,4
2025-10-01,663947,700932,SI,92.7,2135,1.52,0.68,-0.0539043816874478,1.9036070814723611,1,1,0,4,Bot,608070,,,1,1,L,L,CLE,DET,31,3
2025-10-01,663947,700932,SI,91.8,2067,1.25,0.66,-0.1449500701213262,2.3563066873016085,1,0,0,4,Bot,608070,,,1,1,L,L,CLE,DET,31,2
2025-10-01,663947,700932,SI,90.5,2075,1.26,0.83,0.386331256377554,3.6359220372190704,0,0,0,4,Bot,608070,,,1,1,L,L,CLE,DET,31,1
2025-10-01,663554,608070,FS,86.3,1420,-1.14,-0.13,-2.053968662043589,1.8120961150897792,3,2,0,4,Bot,,,,1,1,L,R,CLE,DET,30,9
2025-10-01,663554,608070,SL,88.9,2087,0.33,0.67,-0.6186182200328065,2.833684344478326,3,2,0,4,Bot,,,,1,1,L,R,CLE,DET,30,8
2025-10-01,663554,608070,FF,95.1,2282,-0.63,1.27,-1.261924960264058,1.1360758589575624,2,2,0,4,Bot,,,,1,1,L,R,CLE,DET,30,7
2025-10-01,663554,608070,FS,86.9,1294,-1.37,-0.03,-0.6119105727946648,1.5360052578801353,2,2,0,4,Bot,,,,1,1,L,R,CLE,DET,30,6
2025-10-01,663554,608070,FF,92.7,2208,-0.74,1.46,0.3141684202216409,3.3360933590817705,2,2,0,4,Bot,,,,1,1,L,R,CLE,DET,30,5
2025-10-01,663554,608070,SL,88.3,2081,-0.08,0.38,0.2358667419751375,2.183854254968494,2,1,0,4,Bot,,,,1,1,L,R,CLE,DET,30,4
2025-10-01,663554,608070,FS,85.8,1411,-1.21,0.4,-1.2569420945954242,2.0363010097125738,1,1,0,4,Bot,,,,1,1,L,R,CLE,DET,30,3
2025-10-01,663554,608070,SL,88.5,2043,0.21,0.48,0.5496604513622207,1.9625051807181009,1,0,0,4,Bot,,,,1,1,L,R,CLE,DET,30,2
2025-10-01,663554,608070,SL,88.1,2078,0.08,0.33,-0.9648633671599725,2.8868493099930954,0,0,0,4,Bot,,,,1,1,L,R,CLE,DET,30,1
2025-10-01,676440,595879,FF,93.8,2316,-0.15,1.15,0.3808253234381629,2.9865542960537628,0,1,2,4,Top,656716,693307,682985,0,1,R,R,CLE,DET,29,2
2025-10-01,676440,595879,FC,87.8,2667,0.6,0.3,-0.0745820262545117,1.6305086214032989,0,0,2,4,Top,656716,693307,682985,0,1,R,R,CLE,DET,29,1
2025-10-01,676440,656716,CU,79.7,2686,0.8,-1.06,-0.3590573112973251,0.7558646583384028,3,2,2,4,Top,693307,,682985,0,1,L,R,CLE,DET,28,6
2025-10-01,676440,656716,CH,80.4,1971,-0.89,1.22,-1.1089769750951488,3.5268680935935777,2,2,2,4,Top,693307,,682985,0,1,L,R,CLE,DET,28,5
2025-10-01,676440,656716,CU,78.2,2682,0.58,-0.95,0.19492842568884,1.905690796309888,2,1,2,4,Top,693307,,682985,0,1,L,R,CLE,DET,28,4
2025-10-01,676440,656716,FF,93.9,2101,-0.47,0.86,-0.3559947218348613,4.006081688600576,1,1,2,4,Top,693307,,682985,0,1,L,R,CLE,DET,28,3
2025-10-01,676440,656716,CU,78.0,2685,0.92,-0.86,-0.5257866367715854,2.446490445518801,1,0,2,4,Top,693307,,682985,0,1,L,R,CLE,DET,28,2
2025-10-01,676440,656716,CU,78.3,2633,0.72,-1.09,-1.415628474757018,0.6900356616056351,0,0,2,4,Top,693307,,682985,0,1,L,R,CLE,DET,28,1
2025-10-01,676440,693307,FC,88.3,2790,0.7,0.07,1.5888374051218852,-0.0533047936362569,3,2,2,4,Top,,,682985,0,1,R,R,CLE,DET,27,8
2025-10-01,676440,693307,FC,89.9,2875,0.67,-0.05,1.7145075871505675,1.0714728883527247,2,2,2,4,Top,,,682985,0,1,R,R,CLE,DET,27,7
2025-10-01,676440,693307,FC,87.8,2753,0.52,-0.14,0.2204378709578211,1.5275425280459158,2,2,2,4,Top,,,682985,0,1,R,R,CLE,DET,27,6
2025-10-01,676440,693307,FC,90.0,2784,0.69,0.63,0.8584277155833109,1.7331349724856917,2,2,2,4,Top,,,682985,0,1,R,R,CLE,DET,27,5
2025-10-01,676440,693307,FC,89.2,2816,0.94,0.02,1.7195075387069716,1.4723184598543022,1,2,2,4,Top,,,682985,0,1,R,R,CLE,DET,27,4
2025-10-01,676440,693307,FF,95.4,2297,0.17,0.98,0.6762879763283182,1.961967652776984,1,1,2,4,Top,,,682985,0,1,R,R,CLE,DET,27,3
2025-10-01,676440,693307,FF,95.5,2070,-0.27,0.85,0.2007915548593534,3.520375956479463,0,1,2,4,Top,,,682985,0,1,R,R,CLE,DET,27,2
2025-10-01,676440,693307,FF,96.0,2276,-0.17,1.08,0.8106939990554998,3.025195730624678,0,0,2,4,Top,,,682985,0,1,R,R,CLE,DET,27,1
2025-10-01,676440,672761,FF,93.4,2184,-0.43,1.02,0.3863656470973206,1.802410211275537,0,1,1,4,Top,,682985,,0,1,L,R,CLE,DET,26,2
2025-10-01,676440,672761,FF,93.7,2290,-0.5,1.01,-0.5471006660443947,2.6959620523837895,0,0,1,4,Top,,682985,,0,1,L,R,CLE,DET,26,1
2025-10-01,676440,682985,CH,81.7,1974,-0.68,0.85,-0.0158442796469691,2.519651950268896,3,2,1,4,Top,,,,0,1,L,R,CLE,DET,25,6
2025-10-01,676440,682985,CU,80.1,2691,0.73,-1.03,1.4268415140165531,-0.4368548229236353,2,2,1,4,Top,,,,0,1,L,R,CLE,DET,25,5
2025-10-01,676440,682985,FF,96.3,2222,-0.12,1.08,-1.051862342349496,2.9248952482322323,1,2,1,4,Top,,,,0,1,L,R,CLE,DET,25,4
2025-10-01,676440,682985,CH,81.9,2000,-0.74,1.03,-0.0186227393227542,0.7732462529075355,1,1,1,4,Top,,,,0,1,L,R,CLE,DET,25,3
2025-10-01,676440,682985,CH,81.9,1665,-0.92,0.59,-1.5578461728037598,3.026177741325725,0,1,1,4,Top,,,,0,1,L,R,CLE,DET,25,2
2025-10-01,676440,682985,CU,81.3,2585,0.83,-0.48,0.2638241433310263,1.6578779760737472,0,0,1,4,Top,,,,0,1,L,R,CLE,DET,25,1
2025-10-01,676440,679529,FC,88.7,2709,0.29,0.32,0.5165150960551449,2.4128224580602624,2,2,0,4,Top,,,,0,1,R,R,CLE,DET,24,6
2025-10-01,676440,679529,FC,88.3,2629,0.22,0.34,1.139862632771227,1.514657913161812,1,2,0,4,Top,,,,0,1,R,R,CLE,DET,24,5
2025-10-01,676440,679529,FC,89.6,2529,0.35,0.61,2.1660755590598555,1.0416043911447308,0,2,0,4,Top,,,,0,1,R,R,CLE,DET,24,4
2025-10-01,676440,679529,FC,88.3,2694,0.52,0.54,1.1284212239705709,2.109080921121537,0,2,0,4,Top,,,,0,1,R,R,CLE,DET,24,3
2025-10-01,676440,679529,SI,93.4,2091,-1.11,0.68,-0.492978602568741,2.409637049235495,0,1,0,4,Top,,,,0,1,R,R,CLE,DET,24,2
2025-10-01,676440,679529,FF,93.6,2156,-0.29,1.07,0.2340794807848776,3.2114680416037267,0,0,0,4,Top,,,,0,1,R,R,CLE,DET,24,1
2025-10-01,663554,671655,SL,89.4,2136,0.25,0.38,0.221998691628484,1.9855408497244025,0,0,2,3,Bot,,,,1,0,L,R,CLE,DET,23,1
2025-10-01,663554,680757,FF,94.3,2297,-0.82,1.42,0.6760325338446167,2.1510740302910163,1,1,1,3,Bot,,,,1,0,L,R,CLE,DET,22,3
2025-10-01,663554,680757,SL,87.6,2025,0.29,0.41,-0.2456024843502347,2.6908305781503117,1,0,1,3,Bot,,,,1,0,L,R,CLE,DET,22,2
2025-10-01,663554,680757,FF,92.2,2133,-1.33,1.31,-1.2920309839029602,2.4030369920047665,0,0,1,3,Bot,,,,1,0,L,R,CLE,DET,22,1
2025-10-01,663554,677587,FF,92.9,2153,-0.74,1.28,0.4858927691807688,2.478291162482993,1,0,0,3,Bot,,,,1,0,L,R,CLE,DET,21,2
2025-10-01,663554,677587,SL,87.4,2148,0.4,0.24,-0.808537666003655,4.119456319553946,0,0,0,3,Bot,,,,1,0,L,R,CLE,DET,21,1
2025-10-01,676440,681481,FC,86.8,2667,0.35,0.41,0.2616853513229984,1.9805234999384305,1,0,2,3,Top,,650402,,0,1,L,R,CLE,DET,20,2
2025-10-01,676440,681481,CH,82.2,2035,-0.9,1.0,0.3911743014461101,0.4796595964684156,0,0,2,3,Top,650402,,,0,1,L,R,CLE,DET,20,1
2025-10-01,676440,650402,FC,86.8,2655,0.94,0.16,-0.2547359174323644,2.5294884499541332,0,0,2,3,Top,,,,0,1,R,R,CLE,DET,19,1
2025-10-01,676440,678009,CH,80.8,1972,-1.09,1.04,-0.7173844144767259,2.30823061635234,0,1,1,3,Top,,,,0,1,L,R,CLE,DET,18,2
2025-10-01,676440,678009,SI,92.4,2189,-1.36,0.56,-0.5208646269077706,1.8768060475876096,0,0,1,3,Top,,,,0,1,L,R,CLE,DET,18,1
2025-10-01,676440,595879,ST,87.8,2581,1.19,0.32,0.95389306407784,1.8135017390645451,0,2,0,3,Top,,,,0,1,R,R,CLE,DET,17,3
2025-10-01,676440,595879,ST,87.0,2651,1.31,-0.07,1.759426798027714,2.0119287007207487,0,1,0,3,Top,,,,0,1,R,R,CLE,DET,17,2
2025-10-01,676440,595879,FC,86.1,2679,0.52,0.33,0.793029543782219,0.2681253574665625,0,0,0,3,Top,,,,0,1,R,R,CLE,DET,17,1
2025-10-01,663554,692216,FS,88.6,1508,-1.2,0.37,0.1821226971552303,1.5104555914708206,1,2,2,2,Bot,800050,,,1,0,L,R,CLE,DET,16,4
2025-10-01,663554,692216,FS,88.2,1496,-1.17,0.28,0.1573207988509353,1.1942589021034773,1,1,2,2,Bot,800050,,,1,0,L,R,CLE,DET,16,3
2025-10-01,663554,692216,FF,94.9,2203,-0.62,1.32,1.1044370908715062,3.4818666262426152,0,1,2,2,Bot,800050,,,1,0,L,R,CLE,DET,16,2
2025-10-01,663554,692216,SL,89.6,2173,0.34,0.29,0.344041705560853,2.908660544572374,0,0,2,2,Bot,800050,,,1,0,L,R,CLE,DET,16,1
2025-10-01,663554,800050,SL,89.7,2086,0.52,0.4,-1.2310229182564605,3.151103244045643,3,2,2,2,Bot,,,,1,0,L,R,CLE,DET,15,8
2025-10-01,663554,800050,FS,88.1,1371,-0.8,0.02,-0.1396925361892698,1.8956180198535024,3,2,2,2,Bot,,,,1,0,L,R,CLE,DET,15,7
2025-10-01,663554,800050,SL,89.0,2076,0.23,0.34,-1.0212483931582543,3.153433955023736,2,2,2,2,Bot,,,,1,0,L,R,CLE,DET,15,6
2025-10-01,663554,800050,FF,96.1,2230,-0.68,1.23,-1.054934675475434,4.04709767179096,1,2,2,2,Bot,,,,1,0,L,R,CLE,DET,15,5
2025-10-01,663554,800050,FS,89.6,1479,-1.44,-0.15,-0.4282813206867109,1.110763291752254,1,2,2,2,Bot,,,,1,0,L,R,CLE,DET,15,4
2025-10-01,663554,800050,FF,96.1,2279,-0.6,1.41,-1.4808354129927772,4.179741891346409,0,2,2,2,Bot,,,,1,0,L,R,CLE,DET,15,3
2025-10-01,663554,800050,FS,88.7,1452,-1.1,0.32,0.5134059053125801,1.758627141339022,0,1,2,2,Bot,,,,1,0,L,R,CLE,DET,15,2
2025-10-01,663554,800050,FS,88.7,1652,-1.29,0.1,0.4607185595565655,1.4055628314870314,0,0,2,2,Bot,,,,1,0,L,R,CLE,DET,15,1
2025-10-01,663554,672356,FS,89.2,1437,-0.81,0.13,-1.1842620246944415,3.898433198257429,1,2,1,2,Bot,,,,1,0,R,R,CLE,DET,14,4
2025-10-01,663554,672356,SL,84.8,2397,0.77,-0.25,1.4263129096706568,0.3270180690957542,0,2,1,2,Bot,,,,1,0,R,R,CLE,DET,14,3
2025-10-01,663554,672356,SI,96.3,2335,-1.06,1.0,-0.7645581552450574,1.856975245013904,0,1,1,2,Bot,,,,1,0,R,R,CLE,DET,14,2
2025-10-01,663554,672356,SI,95.7,2368,-0.81,1.17,-1.7204779622416997,3.734931064312088,0,0,1,2,Bot,,,,1,0,R,R,CLE,DET,14,1
2025-10-01,663554,666310,SL,89.9,2086,0.25,0.41,0.3343624876362799,1.667913155962833,3,2,0,2,Bot,,,,1,0,L,R,CLE,DET,13,6
2025-10-01,663554,666310,SV,84.3,2234,0.67,-0.17,1.110129484317661,1.561858817827504,2,2,0,2,Bot,,,,1,0,L,R,CLE,DET,13,5
2025-10-01,663554,666310,FS,88.3,1450,-1.12,-0.06,-1.534624383748883,1.5197163401272404,1,2,0,2,Bot,,,,1,0,L,R,CLE,DET,13,4
2025-10-01,663554,666310,FF,95.5,2284,-0.63,1.49,0.3556149207900082,4.748747531042171,0,2,0,2,Bot,,,,1,0,L,R,CLE,DET,13,3
2025-10-01,663554,666310,FF,94.1,2344,-0.69,1.75,-0.3421628618086227,2.764647698021141,0,1,0,2,Bot,,,,1,0,L,R,CLE,DET,13,2
2025-10-01,663554,666310,SL,89.3,2111,0.42,0.7,0.0918698175170603,2.886112602402532,0,0,0,2,Bot,,,,1,0,L,R,CLE,DET,13,1
2025-10-01,676440,656716,FF,93.6,2347,-0.03,1.04,-0.0929075238986751,3.4450165137173823,1,1,2,2,Top,,,,0,1,L,R,CLE,DET,12,3
2025-10-01,676440,656716,CH,81.1,1946,-0.72,1.17,-0.3176526939998515,1.9638155723943724,1,0,2,2,Top,,,,0,1,L,R,CLE,DET,12,2
2025-10-01,676440,656716,ST,83.1,2565,1.36,0.17,-0.7749277075158678,1.1157426385035434,0,0,2,2,Top,,,,0,1,L,R,CLE,DET,12,1
2025-10-01,676440,693307,FC,88.3,2712,0.74,0.13,0.1352851565232454,2.8145075510070634,1,2,1,2,Top,,,,0,1,R,R,CLE,DET,11,5
2025-10-01,676440,693307,ST,83.7,2655,1.49,-0.3,1.6711720758516326,0.630785618086247,0,2,1,2,Top,,,,0,1,R,R,CLE,DET,11,4
2025-10-01,676440,693307,FC,89.5,2651,0.58,0.0,0.8908025428992735,1.1635090991200792,0,2,1,2,Top,,,,0,1,R,R,CLE,DET,11,3
2025-10-01,676440,693307,FF,94.7,2188,-0.34,1.17,0.2145309668650831,2.917704126804063,0,1,1,2,Top,,,,0,1,R,R,CLE,DET,11,2
2025-10-01,676440,693307,ST,83.8,2575,1.26,-0.09,-0.4097637013564537,2.677259955439138,0,0,1,2,Top,,,,0,1,R,R,CLE,DET,11,1
2025-10-01,676440,672761,FF,94.5,2031,-0.65,1.02,0.300184261235057,2.7020975464862644,2,2,0,2,Top,,,,0,1,L,R,CLE,DET,10,7
2025-10-01,676440,672761,CU,79.6,2697,0.91,-0.56,0.3392801091024198,0.6818642933798587,2,2,0,2,Top,,,,0,1,L,R,CLE,DET,10,6
2025-10-01,676440,672761,CU,77.9,2557,0.73,-0.85,-0.4138395164766194,2.8643101482589435,2,2,0,2,Top,,,,0,1,L,R,CLE,DET,10,5
2025-10-01,676440,672761,FF,93.8,2039,0.04,1.0,-0.3519484365115256,4.04302155956004,1,2,0,2,Top,,,,0,1,L,R,CLE,DET,10,4
2025-10-01,676440,672761,FF,93.8,2194,0.05,1.19,0.2215192608493389,5.525141344190032,0,2,0,2,Top,,,,0,1,L,R,CLE,DET,10,3
2025-10-01,676440,672761,FF,94.1,2154,-0.23,1.12,0.7164927925317462,2.821980865546214,0,1,0,2,Top,,,,0,1,L,R,CLE,DET,10,2
2025-10-01,676440,672761,ST,82.4,2640,1.38,-0.28,0.201365392396146,1.4152005926480884,0,0,0,2,Top,,,,0,1,L,R,CLE,DET,10,1
2025-10-01,663554,700932,FS,87.9,1272,-0.78,0.15,-0.1151471609606819,2.2790746444580727,3,2,2,1,Bot,,,,1,0,L,R,CLE,DET,9,7
2025-10-01,663554,700932,FF,95.3,2266,-0.77,1.22,-0.319360576706194,3.729617444291649,2,2,2,1,Bot,,,,1,0,L,R,CLE,DET,9,6
2025-10-01,663554,700932,FF,96.1,2361,-0.62,1.33,-0.8409774948598313,1.9828698579448485,2,2,2,1,Bot,,,,1,0,L,R,CLE,DET,9,5
2025-10-01,663554,700932,FF,95.4,2310,-0.69,1.52,-0.5468311917458658,2.665650639757839,2,1,2,1,Bot,,,,1,0,L,R,CLE,DET,9,4
2025-10-01,663554,700932,FS,88.5,1590,-1.37,0.22,0.5047593804146355,1.2535825869477573,1,1,2,1,Bot,,,,1,0,L,R,CLE,DET,9,3
2025-10-01,663554,700932,FS,87.9,1386,-1.11,0.09,0.0929134243740454,2.06506862549209,1,0,2,1,Bot,,,,1,0,L,R,CLE,DET,9,2
2025-10-01,663554,700932,FF,94.9,2278,-0.77,1.25,-0.967823567997076,3.2610256185877367,0,0,2,1,Bot,,,,1,0,L,R,CLE,DET,9,1
2025-10-01,663554,608070,FS,87.8,1383,-1.04,0.25,-0.5423676065341949,1.980604568842225,2,1,1,1,Bot,,,,1,0,L,R,CLE,DET,8,4
2025-10-01,663554,608070,FS,88.8,1496,-0.93,0.4,-0.011031968659075,1.0591688375814736,1,1,1,1,Bot,,,,1,0,L,R,CLE,DET,8,3
2025-10-01,663554,608070,SL,89.4,2052,0.3,0.52,-1.62485982932838,3.308530042760044,0,1,1,1,Bot,,,,1,0,L,R,CLE,DET,8,2
2025-10-01,663554,608070,FF,94.3,2218,-0.54,1.3,-0.7304900685794149,2.9964511146413555,0,0,1,1,Bot,,,,1,0,L,R,CLE,DET,8,1
2025-10-01,663554,671655,FF,94.1,2173,-0.6,1.37,-0.3546486594321538,3.254637993569162,3,2,1,1,Bot,,,,0,0,L,R,CLE,DET,7,7
2025-10-01,663554,671655,FS,89.6,1737,-1.18,0.35,-0.1564760987717486,0.6893456745536635,2,2,1,1,Bot,,,,0,0,L,R,CLE,DET,7,6
2025-10-01,663554,671655,FS,88.7,1661,-1.08,0.14,-0.1515668723293208,1.4143175042775833,2,2,1,1,Bot,,,,0,0,L,R,CLE,DET,7,5
2025-10-01,663554,671655,FF,94.6,2295,-0.36,1.45,-0.0122917235124241,3.798667263859242,2,1,1,1,Bot,,,,0,0,L,R,CLE,DET,7,4
2025-10-01,663554,671655,FF,94.1,2329,-0.48,1.17,-0.4118115940504074,2.73394848131029,2,0,1,1,Bot,,,,0,0,L,R,CLE,DET,7,3
2025-10-01,663554,671655,FS,87.3,1431,-1.19,0.42,0.626392000716649,1.4544409592805816,1,0,1,1,Bot,,,,0,0,L,R,CLE,DET,7,2
2025-10-01,663554,671655,FF,94.8,2257,-0.5,1.42,-0.8154087068917693,3.0489527733592485,0,0,1,1,Bot,,,,0,0,L,R,CLE,DET,7,1
2025-10-01,663554,680757,FF,94.2,2314,-0.72,1.29,0.9282091570837706,2.7445817031050876,2,2,0,1,Bot,,,,0,0,L,R,CLE,DET,6,7
2025-10-01,663554,680757,SL,90.0,2010,0.41,0.45,-0.202724388805065,3.088813375765697,2,2,0,1,Bot,,,,0,0,L,R,CLE,DET,6,6
2025-10-01,663554,680757,FS,87.8,1428,-1.01,0.48,-0.8581786882571086,2.6582526159869637,2,2,0,1,Bot,,,,0,0,L,R,CLE,DET,6,5
2025-10-01,663554,680757,FF,95.2,2288,-0.67,1.42,1.2526715475425592,3.8483909701746177,1,2,0,1,Bot,,,,0,0,L,R,CLE,DET,6,4
2025-10-01,663554,680757,FF,94.2,2210,-0.56,1.43,1.2225027176433905,4.5739686359989395,0,2,0,1,Bot,,,,0,0,L,R,CLE,DET,6,3
2025-10-01,663554,680757,SL,89.5,2213,0.36,0.51,-0.2024997352857926,1.872191714735702,0,1,0,1,Bot,,,,0,0,L,R,CLE,DET,6,2
2025-10-01,663554,680757,FF,92.5,2262,-0.69,1.6,0.0810875684483769,2.233266500358019,0,0,0,1,Bot,,,,0,0,L,R,CLE,DET,6,1
2025-10-01,676440,682985,CH,80.2,1928,-0.99,1.16,-0.3742965079164286,3.605081909147665,2,2,2,1,Top,650402,678009,,0,0,L,R,CLE,DET,5,5
2025-10-01,676440,682985,FF,96.3,2322,-0.65,1.18,-0.0448596603023667,5.428712545640812,1,2,2,1,Top,650402,678009,,0,0,L,R,CLE,DET,5,4
2025-10-01,676440,682985,FF,96.9,2373,-0.21,1.19,0.1901058061089587,3.2969722674184987,1,1,2,1,Top,650402,678009,,0,0,L,R,CLE,DET,5,3
2025-10-01,676440,682985,FF,96.3,2308,-0.53,1.32,-0.5830485799787749,2.340971467840673,1,0,2,1,Top,650402,678009,,0,0,L,R,CLE,DET,5,2
2025-10-01,676440,682985,CH,82.0,2028,-1.02,1.02,-0.977747955535834,1.64298827102493,0,0,2,1,Top,650402,678009,,0,0,L,R,CLE,DET,5,1
2025-10-01,676440,679529,FC,88.0,2782,0.59,0.29,0.2026890370402278,2.9725297722077673,2,2,1,1,Top,650402,678009,,0,0,R,R,CLE,DET,4,5
2025-10-01,676440,679529,FC,89.2,2811,0.55,0.24,1.7387494566056063,1.434325466170545,1,2,1,1,Top,650402,678009,,0,0,R,R,CLE,DET,4,4
2025-10-01,676440,679529,FF,95.3,2489,-0.47,1.39,0.0692495062678903,4.408318657812036,0,2,1,1,Top,650402,678009,,0,0,R,R,CLE,DET,4,3
2025-10-01,676440,679529,FF,95.4,2518,-0.1,1.57,0.0849910233655456,3.5151892966111893,0,1,1,1,Top,650402,678009,,0,0,R,R,CLE,DET,4,2
2025-10-01,676440,679529,FC,89.2,2707,0.43,0.4,0.8170365909577446,2.2889114092307707,0,0,1,1,Top,650402,678009,,0,0,R,R,CLE,DET,4,1
2025-10-01,676440,681481,CU,79.8,2717,0.96,-0.94,-0.0974324452818817,3.046569614779664,3,2,0,1,Top,650402,678009,,0,0,L,R,CLE,DET,3,8
2025-10-01,676440,681481,FF,95.3,2287,-0.6,1.57,-1.0008644054008649,4.399793575687971,2,2,0,1,Top,650402,678009,,0,0,L,R,CLE,DET,3,7
2025-10-01,676440,681481,CH,80.9,2047,-0.87,1.35,-0.3355253731493365,2.360180035915781,2,2,0,1,Top,650402,678009,,0,0,L,R,CLE,DET,3,6
2025-10-01,676440,681481,FF,94.5,2326,-0.24,1.37,0.1727460638684163,3.420813710690772,2,2,0,1,Top,650402,678009,,0,0,L,R,CLE,DET,3,5
2025-10-01,676440,681481,CU,81.6,2764,1.09,-0.63,0.7122074656901369,1.176948607120666,1,2,0,1,Top,650402,678009,,0,0,L,R,CLE,DET,3,4
2025-10-01,676440,681481,CH,83.6,2066,-0.88,0.9,0.0231017694227126,2.2378826510571,1,1,0,1,Top,650402,678009,,0,0,L,R,CLE,DET,3,3
2025-10-01,676440,681481,CH,81.4,1997,-0.7,1.07,0.7460040659355193,1.9336268735942652,1,0,0,1,Top,650402,678009,,0,0,L,R,CLE,DET,3,2
2025-10-01,676440,681481,CU,79.3,2689,0.73,-0.68,-1.188539588675548,1.4691476858880792,0,0,0,1,Top,650402,678009,,0,0,L,R,CLE,DET,3,1
2025-10-01,676440,650402,SI,93.4,2284,-1.09,0.59,-0.71547399067347,2.797030620756921,0,1,0,1,Top,678009,,,0,0,R,R,CLE,DET,2,2
2025-10-01,676440,650402,FC,88.1,2662,0.59,0.32,0.1730880332629121,2.3262263782873815,0,0,0,1,Top,678009,,,0,0,R,R,CLE,DET,2,1
2025-10-01,676440,678009,ST,83.2,2550,1.33,0.16,-0.4353471311138268,2.461091009511529,1,1,0,1,Top,,,,0,0,L,R,CLE,DET,1,3
2025-10-01,676440,678009,SI,94.7,2201,-1.01,0.63,-0.97581748686941,3.5514969166542505,0,1,0,1,Top,,,,0,0,L,R,CLE,DET,1,2
2025-10-01,676440,678009,FC,85.5,2545,0.91,-0.21,-0.250373392651935,2.4869008698940247,0,0,0,1,Top,,,,0,0,L,R,CLE,DET,1,1
2025-10-01,670280,678882,FF,97.2,2521,-0.99,1.76,0.2499226297749557,3.356110751097689,0,2,2,9,Top,,,,3,4,R,R,NYY,BOS,72,3
2025-10-01,670280,678882,CU,79.9,2584,0.38,-0.64,1.7144448544320658,0.9354523506414204,0,1,2,9,Top,,,,3,4,R,R,NYY,BOS,72,2
2025-10-01,670280,678882,CU,78.8,2493,0.51,-0.55,0.6232077700324821,1.4049605658288868,0,0,2,9,Top,,,,3,4,R,R,NYY,BOS,72,1
2025-10-01,670280,680776,FF,98.2,2491,-1.2,1.41,0.7553275493891671,3.201327531361205,3,2,1,9,Top,,,,3,4,L,R,NYY,BOS,71,7
2025-10-01,670280,680776,FF,96.8,2460,-1.13,1.52,-0.3261549813343383,2.4393335123102338,3,2,1,9,Top,,,,3,4,L,R,NYY,BOS,71,6
2025-10-01,670280,680776,CU,79.0,2498,0.17,-0.66,0.425046888336107,1.2412798153695523,2,2,1,9,Top,,,,3,4,L,R,NYY,BOS,71,5
2025-10-01,670280,680776,FS,94.6,1727,-1.17,0.77,0.0263586665474013,1.0017494791684398,1,2,1,9,Top,,,,3,4,L,R,NYY,BOS,71,4
2025-10-01,670280,680776,FF,98.3,2463,-0.87,1.41,-1.376654518178617,3.611834147559282,0,2,1,9,Top,,,,3,4,L,R,NYY,BOS,71,3
2025-10-01,670280,680776,FF,98.0,2600,-1.1,1.46,-0.4751388535846363,2.2314894987249394,0,1,1,9,Top,,,,3,4,L,R,NYY,BOS,71,2
2025-10-01,670280,680776,CU,78.5,2627,0.41,-0.43,0.4851924687048887,1.785997037409904,0,0,1,9,Top,,,,3,4,L,R,NYY,BOS,71,1
2025-10-01,670280,677800,FF,97.3,2449,-1.24,1.3,-0.4492003864712945,3.204860682610677,3,2,0,9,Top,,,,3,4,L,R,NYY,BOS,70,6
2025-10-01,670280,677800,FF,97.8,2516,-1.29,1.19,-1.8166140326798437,2.4936260331164166,2,2,0,9,Top,,,,3,4,L,R,NYY,BOS,70,5
2025-10-01,670280,677800,FF,97.9,2419,-0.97,1.5,-0.333600659361388,2.255621193233843,2,1,0,9,Top,,,,3,4,L,R,NYY,BOS,70,4
2025-10-01,670280,677800,CU,77.4,2497,0.38,-0.25,-0.2936871364747793,3.116382225107424,2,0,0,9,Top,,,,3,4,L,R,NYY,BOS,70,3
2025-10-01,670280,677800,CU,78.4,2483,0.2,-0.11,-0.993918955926272,2.889781089081779,1,0,0,9,Top,,,,3,4,L,R,NYY,BOS,70,2
2025-10-01,670280,677800,FF,96.8,2371,-1.24,1.48,-0.9676073879476084,2.6179074126353146,0,0,0,9,Top,,,,3,4,L,R,NYY,BOS,70,1
2025-10-01,801139,663757,FF,97.2,2318,0.65,1.43,-0.097576939173622,2.826368463585764,3,2,2,8,Bot,641857,683011,669224,4,3,L,L,NYY,BOS,69,7
2025-10-01,801139,663757,FF,97.1,2295,0.29,1.53,-1.1045496330151048,2.0751916600659603,2,2,2,8,Bot,641857,683011,669224,4,3,L,L,NYY,BOS,69,6
2025-10-01,801139,663757,FF,97.2,2239,0.18,1.53,-0.0375884389723414,3.189539154517038,2,2,2,8,Bot,641857,683011,669224,4,3,L,L,NYY,BOS,69,5
2025-10-01,801139,663757,FF,97.9,2422,0.22,1.48,0.8284983666386018,1.6686373578939442,1,2,2,8,Bot,641857,683011,669224,4,3,L,L,NYY,BOS,69,4
2025-10-01,801139,663757,FF,97.1,2362,0.15,1.51,-0.0408705955208424,2.359619392975226,1,1,2,8,Bot,641857,683011,669224,4,3,L,L,NYY,BOS,69,3
2025-10-01,801139,663757,FF,95.8,2275,0.23,1.55,-0.5320967908071599,2.528581293444848,1,0,2,8,Bot,641857,683011,669224,4,3,L,L,NYY,BOS,69,2
2025-10-01,801139,663757,FF,96.4,2383,0.34,1.5,-0.4704571517003578,1.664452300684896,0,0,2,8,Bot,641857,683011,669224,4,3,L,L,NYY,BOS,69,1
2025-10-01,676477,641857,SI,94.0,2095,-1.29,1.09,1.659506667048852,2.842096718464784,3,1,2,8,Bot,683011,669224,,4,3,L,R,NYY,BOS,68,5
2025-10-01,676477,641857,SI,94.1,2061,-1.38,1.11,0.6168505632726047,4.0581782184838975,2,1,2,8,Bot,683011,669224,,4,3,L,R,NYY,BOS,68,4
2025-10-01,676477,641857,CH,83.6,2279,-1.89,-0.07,0.6092519145018522,2.034815504541601,2,0,2,8,Bot,683011,669224,,4,3,L,R,NYY,BOS,68,3
2025-10-01,676477,641857,SI,95.7,2136,-0.99,1.28,0.8949646408965066,3.5156436653765413,1,0,2,8,Bot,683011,669224,,4,3,L,R,NYY,BOS,68,2
2025-10-01,676477,641857,SI,95.4,2137,-1.03,1.55,1.6194787833721054,2.617061665985262,0,0,2,8,Bot,683011,669224,,4,3,L,R,NYY,BOS,68,1
2025-10-01,676477,683011,SL,86.2,1980,-0.21,-0.43,-0.2783573433632715,1.5797478178121036,0,2,2,8,Bot,669224,,,4,3,R,R,NYY,BOS,67,3
2025-10-01,676477,683011,SI,95.4,2096,-1.23,1.28,0.3835879783930065,2.9360608826685612,0,1,2,8,Bot,669224,,,4,3,R,R,NYY,BOS,67,2
2025-10-01,676477,683011,SL,84.7,1982,-0.16,-0.44,-0.1376479643454912,2.06225655670325,0,0,2,8,Bot,669224,,,4,3,R,R,NYY,BOS,67,1
2025-10-01,676477,669224,CH,85.2,2047,-1.84,0.38,0.3622061008542432,1.5507429248847258,3,2,2,8,Bot,665862,,,3,3,L,R,NYY,BOS,66,7
2025-10-01,676477,669224,SI,95.3,2167,-1.29,1.64,1.062212014073929,2.347182417935627,3,2,2,8,Bot,665862,,,3,3,L,R,NYY,BOS,66,6
2025-10-01,676477,669224,CH,83.4,2117,-1.73,-0.21,0.0184952935453386,1.484700630210027,3,1,2,8,Bot,665862,,,3,3,L,R,NYY,BOS,66,5
2025-10-01,676477,669224,SI,96.2,2146,-1.18,1.49,-0.4062748059705376,4.511110406182052,2,1,2,8,Bot,665862,,,3,3,L,R,NYY,BOS,66,4
2025-10-01,676477,669224,SI,95.7,2228,-1.15,1.3,1.106906768988166,2.403525466887756,2,0,2,8,Bot,665862,,,3,3,L,R,NYY,BOS,66,3
2025-10-01,676477,669224,CH,83.2,2162,-1.76,-0.01,-1.3815044374389078,2.897110305753826,1,0,2,8,Bot,665862,,,3,3,L,R,NYY,BOS,66,2
2025-10-01,676477,669224,SI,95.5,2109,-1.19,1.17,0.9959426248812542,2.0011822512190447,0,0,2,8,Bot,665862,,,3,3,L,R,NYY,BOS,66,1
2025-10-01,676477,665862,SI,96.5,2144,-1.32,1.19,1.0827834459798464,2.127493795092251,3,2,2,8,Bot,,,,3,3,L,R,NYY,BOS,65,7
2025-10-01,676477,665862,SI,95.0,2067,-1.23,1.29,0.9032343070467548,2.232665562093806,3,2,2,8,Bot,,,,3,3,L,R,NYY,BOS,65,6
2025-10-01,676477,665862,SI,93.9,1957,-1.26,1.39,0.1915420451104923,5.2793797777417515,2,2,2,8,Bot,,,,3,3,L,R,NYY,BOS,65,5
2025-10-01,676477,665862,CH,84.7,2343,-1.94,0.19,0.0414399306365382,1.9449812930160728,2,1,2,8,Bot,,,,3,3,L,R,NYY,BOS,65,4
2025-10-01,676477,665862,CH,83.6,2266,-1.75,0.0,-1.1497184235442626,2.6783181539926746,1,1,2,8,Bot,,,,3,3,L,R,NYY,BOS,65,3
2025-10-01,676477,665862,CH,84.4,2258,-1.72,-0.01,-1.1674344573282134,0.452901652068999,0,1,2,8,Bot,,,,3,3,L,R,NYY,BOS,65,2
2025-10-01,676477,665862,SI,96.2,2202,-1.52,1.44,0.6700892773684111,3.2507499514217417,0,0,2,8,Bot,,,,3,3,L,R,NYY,BOS,65,1
2025-10-01,676477,519317,SL,85.9,1990,-0.21,-0.38,0.350518941357103,1.8011449858788535,0,2,1,8,Bot,,,,3,3,R,R,NYY,BOS,64,3
2025-10-01,676477,519317,SL,84.7,2019,-0.21,-0.59,-0.1445884980350853,1.3590353775907826,0,1,1,8,Bot,,,,3,3,R,R,NYY,BOS,64,2
2025-10-01,676477,519317,SI,95.3,2104,-1.29,1.4,0.6523274316821694,3.156200289853702,0,0,1,8,Bot,,,,3,3,R,R,NYY,BOS,64,1
2025-10-01,676477,700250,CH,84.2,2207,-1.87,-0.09,-0.5409941318645843,1.5963688509541931,2,2,0,8,Bot,,,,3,3,L,R,NYY,BOS,63,6
2025-10-01,676477,700250,SL,86.3,2100,-0.24,-0.4,0.4612054713942919,0.589957407758714,1,2,0,8,Bot,,,,3,3,L,R,NYY,BOS,63,5
2025-10-01,676477,700250,SI,96.1,2173,-1.02,1.39,0.7766969393640178,3.0272938223469255,1,2,0,8,Bot,,,,3,3,L,R,NYY,BOS,63,4
2025-10-01,676477,700250,SL,85.1,2158,0.21,-0.34,-0.0264344112850695,1.3042144383081813,0,2,0,8,Bot,,,,3,3,L,R,NYY,BOS,63,3
2025-10-01,676477,700250,SI,95.3,2124,-1.05,1.48,0.1741921234975091,3.441837115139079,0,1,0,8,Bot,,,,3,3,L,R,NYY,BOS,63,2
2025-10-01,676477,700250,CH,82.5,2193,-1.38,-0.06,0.4235285709461687,1.7221890431627989,0,0,0,8,Bot,,,,3,3,L,R,NYY,BOS,63,1
2025-10-01,642207,665966,CH,86.4,2813,-1.91,-0.37,-0.0109309035470057,1.9281430128527208,2,2,2,8,Top,,,,3,3,R,R,NYY,BOS,62,6
2025-10-01,642207,665966,FF,96.5,2365,-1.37,1.56,0.6271283138666941,3.005858848480692,2,2,2,8,Top,,,,3,3,R,R,NYY,BOS,62,5
2025-10-01,642207,665966,CH,86.0,2704,-1.73,-0.52,0.1594952700932017,0.4561041250435624,1,2,2,8,Top,,,,3,3,R,R,NYY,BOS,62,4
2025-10-01,642207,665966,FF,93.6,2315,-1.18,1.27,-0.0979472922795243,2.440684573495395,1,1,2,8,Top,,,,3,3,R,R,NYY,BOS,62,3
2025-10-01,642207,665966,FF,93.4,2313,-1.32,1.35,-0.2688985540487221,3.404825499233559,1,0,2,8,Top,,,,3,3,R,R,NYY,BOS,62,2
2025-10-01,642207,665966,CH,85.9,2548,-1.84,-0.11,0.2002287788879013,1.439310358649081,0,0,2,8,Top,,,,3,3,R,R,NYY,BOS,62,1
2025-10-01,642207,663993,CH,85.4,2558,-1.79,-0.4,-1.181108752266555,2.43410975423737,2,2,0,8,Top,608324,,,3,3,L,R,NYY,BOS,61,5
2025-10-01,642207,663993,FF,95.7,2331,-1.36,1.18,-0.4217750638910345,4.1836870334097185,1,2,0,8,Top,608324,,,3,3,L,R,NYY,BOS,61,4
2025-10-01,642207,663993,FF,94.7,2284,-1.29,1.31,0.5913467204842131,2.254008781617156,1,1,0,8,Top,608324,,,3,3,L,R,NYY,BOS,61,3
2025-10-01,642207,663993,FF,94.9,2311,-1.18,1.1,0.188167302629695,3.2145481706870447,1,0,0,8,Top,608324,,,3,3,L,R,NYY,BOS,61,2
2025-10-01,642207,663993,FF,94.8,2343,-1.31,1.26,0.1239827878543691,4.160482839908257,0,0,0,8,Top,608324,,,3,3,L,R,NYY,BOS,61,1
2025-10-01,642207,608324,CH,85.2,2334,-1.66,-0.22,0.3253708910223234,2.259242053744458,3,2,0,8,Top,,,,3,3,R,R,NYY,BOS,60,8
2025-10-01,642207,608324,CH,85.0,2566,-1.44,-0.12,-0.0535180345528978,2.1437829232819214,3,2,0,8,Top,,,,3,3,R,R,NYY,BOS,60,7
2025-10-01,642207,608324,CH,84.8,2704,-1.66,-0.22,-0.8384561898463392,1.9231286026247496,3,2,0,8,Top,,,,3,3,R,R,NYY,BOS,60,6
2025-10-01,642207,608324,CH,83.9,2668,-1.81,-0.38,0.8706421820226451,2.0357215863600615,3,1,0,8,Top,,,,3,3,R,R,NYY,BOS,60,5
2025-10-01,642207,608324,FF,94.4,2402,-1.36,1.28,1.7218358755749594,2.847948675806891,2,1,0,8,Top,,,,3,3,R,R,NYY,BOS,60,4
2025-10-01,642207,608324,FF,94.1,2334,-1.32,1.47,1.48948537638742,3.1406627538946448,1,1,0,8,Top,,,,3,3,R,R,NYY,BOS,60,3
2025-10-01,642207,608324,CH,82.9,2666,-1.95,-0.48,0.4183415997420636,1.493158168104412,1,0,0,8,Top,,,,3,3,R,R,NYY,BOS,60,2
2025-10-01,642207,608324,CH,84.6,2455,-1.63,-0.29,1.1900506487064717,1.4132449137537415,0,0,0,8,Top,,,,3,3,R,R,NYY,BOS,60,1
2025-10-01,676477,641355,SL,85.1,2082,0.0,-0.33,-0.0926206676354739,2.922101384871191,1,2,2,7,Bot,,663757,,3,3,L,R,NYY,BOS,59,4
2025-10-01,676477,641355,SL,87.0,2062,-0.19,-0.09,0.1028336014287088,1.304932660075805,1,1,2,7,Bot,,663757,,3,3,L,R,NYY,BOS,59,3
2025-10-01,676477,641355,SI,96.6,2209,-1.21,1.04,0.7477552815736845,3.412371523458907,0,1,2,7,Bot,,663757,,3,3,L,R,NYY,BOS,59,2
2025-10-01,676477,641355,CH,85.8,2350,-1.63,0.06,0.0500152827841573,1.4384618732499783,0,0,2,7,Bot,,663757,,3,3,L,R,NYY,BOS,59,1
2025-10-01,676477,592450,SI,96.5,2223,-1.23,1.5,0.4863382420124413,3.256457189414279,0,2,1,7,Bot,,663757,,3,3,R,R,NYY,BOS,58,3
2025-10-01,676477,592450,SL,85.6,2042,-0.21,-0.48,0.5461191639251393,1.347943182703101,0,1,1,7,Bot,,663757,,3,3,R,R,NYY,BOS,58,2
2025-10-01,676477,592450,SL,85.7,2020,-0.15,-0.47,0.2419951360841795,2.84391289687256,0,0,1,7,Bot,,663757,,3,3,R,R,NYY,BOS,58,1
2025-10-01,676477,663757,CH,84.8,2042,-1.71,0.18,-0.1816632552564367,1.8024225279024744,1,2,1,7,Bot,,,,3,3,L,R,NYY,BOS,57,5
2025-10-01,676477,663757,SL,86.7,2047,-0.25,-0.24,0.5866685998449037,2.621680965325948,1,2,1,7,Bot,,,,3,3,L,R,NYY,BOS,57,4
2025-10-01,676477,663757,CH,82.5,2225,-1.93,-0.2,-0.1090423651551482,1.64890005504754,1,1,1,7,Bot,,,,3,3,L,R,NYY,BOS,57,3
2025-10-01,676477,663757,CH,83.7,2153,-2.03,0.12,-0.1818369240533848,2.3581682781298268,1,0,1,7,Bot,,,,3,3,L,R,NYY,BOS,57,2
2025-10-01,676477,663757,CH,82.7,2124,-1.85,0.06,-0.9660721807282292,2.002584534461572,0,0,1,7,Bot,,,,3,3,L,R,NYY,BOS,57,1
2025-10-01,676477,641857,SI,95.6,2085,-1.16,1.52,0.9290937844241912,2.938947189249022,1,2,0,7,Bot,,,,3,3,L,R,NYY,BOS,56,4
2025-10-01,676477,641857,CH,83.2,2150,-1.82,-0.29,-0.0150297500628495,1.7233389665698748,1,1,0,7,Bot,,,,3,3,L,R,NYY,BOS,56,3
2025-10-01,676477,641857,SI,94.2,2165,-1.14,1.18,0.7218457709031494,3.0007664171567616,1,0,0,7,Bot,,,,3,3,L,R,NYY,BOS,56,2
2025-10-01,676477,641857,SI,94.2,2164,-1.16,1.03,1.3005310983761966,3.133822412852683,0,0,0,7,Bot,,,,3,3,L,R,NYY,BOS,56,1
2025-10-01,518585,596115,FF,94.9,2293,-0.47,1.62,0.338873701429737,2.83773211602722,2,1,2,7,Top,807799,680776,681987,3,3,R,R,NYY,BOS,55,4
2025-10-01,518585,596115,FS,81.8,693,-1.02,0.07,1.6438336255497483,-0.3097647088360777,1,1,2,7,Top,807799,680776,681987,3,3,R,R,NYY,BOS,55,3
2025-10-01,518585,596115,FF,94.5,2410,-0.72,1.68,0.2642769531098301,2.2728798856306844,1,0,2,7,Top,807799,680776,681987,3,3,R,R,NYY,BOS,55,2
2025-10-01,518585,596115,SL,84.5,2743,0.5,0.48,1.3320507826123458,1.780679528639168,0,0,2,7,Top,807799,680776,681987,3,3,R,R,NYY,BOS,55,1
2025-10-01,518585,807799,FF,94.8,2301,-0.75,1.42,0.006176658837901,3.310296945742765,3,2,2,7,Top,680776,681987,,3,3,L,R,NYY,BOS,54,6
2025-10-01,518585,807799,FF,93.8,2250,-0.44,1.38,0.071657771354558,3.3857689007003353,3,1,2,7,Top,680776,681987,,3,3,L,R,NYY,BOS,54,5
2025-10-01,518585,807799,FF,94.7,2338,-0.33,1.56,-0.5753221785473243,2.073423692571488,3,0,2,7,Top,680776,681987,,3,3,L,R,NYY,BOS,54,4
2025-10-01,518585,807799,FF,94.0,2330,-0.77,1.36,-0.9408281007718222,3.7679873988403423,2,0,2,7,Top,680776,681987,,3,3,L,R,NYY,BOS,54,3
2025-10-01,518585,807799,SL,81.1,2798,0.86,-0.26,-1.3000910929742195,4.2403193441552895,1,0,2,7,Top,680776,681987,,3,3,L,R,NYY,BOS,54,2
2025-10-01,518585,807799,FS,81.6,844,-0.72,-0.35,0.0224745381959406,0.9661922385932468,0,0,2,7,Top,680776,681987,,3,3,L,R,NYY,BOS,54,1
2025-10-01,518585,686765,FF,93.7,2286,-0.86,1.59,-0.5371871894841754,2.2081179611407844,1,0,1,7,Top,680776,681987,,3,3,L,R,NYY,BOS,53,2
2025-10-01,518585,686765,FS,79.4,643,-0.46,-0.44,0.4699946252737949,1.2243602630890478,0,0,1,7,Top,680776,681987,,3,3,L,R,NYY,BOS,53,1
2025-10-01,518585,678882,FS,79.2,935,-0.18,-0.11,1.5059856319037968,2.127830732617983,0,1,0,7,Top,680776,681987,,3,3,R,R,NYY,BOS,52,2
2025-10-01,518585,678882,FS,78.3,909,-0.25,-0.02,1.375008810270268,2.0123156268179674,0,0,0,7,Top,680776,681987,,3,3,R,R,NYY,BOS,52,1
2025-10-01,607074,680776,FF,95.5,2382,0.92,1.41,1.7248206932107162,4.167699796305053,3,0,0,7,Top,,681987,,3,3,L,L,NYY,BOS,51,4
2025-10-01,607074,680776,SI,93.0,2106,1.38,0.59,2.285702748519154,2.8024028562493117,2,0,0,7,Top,681987,,,3,3,L,L,NYY,BOS,51,3
2025-10-01,607074,680776,SI,94.1,2144,1.34,0.15,1.825501025540214,2.930820006584513,1,0,0,7,Top,681987,,,3,3,L,L,NYY,BOS,51,2
2025-10-01,607074,680776,SL,86.3,2560,-0.45,-0.34,-0.5254545996002566,3.4140131882028086,0,0,0,7,Top,681987,,,3,3,L,L,NYY,BOS,51,1
2025-10-01,607074,681987,FF,92.7,2239,1.14,1.2,0.91918149002477,1.4001087438614297,3,0,0,7,Top,,,,3,3,R,L,NYY,BOS,50,4
2025-10-01,607074,681987,SI,92.8,2271,1.14,0.66,-0.7944305450661586,1.616993576012742,2,0,0,7,Top,,,,3,3,R,L,NYY,BOS,50,3
2025-10-01,607074,681987,SI,92.2,2281,1.17,0.63,0.5702441110291034,1.3779928519373912,1,0,0,7,Top,,,,3,3,R,L,NYY,BOS,50,2
2025-10-01,607074,681987,CH,84.7,1553,0.71,0.72,-0.7862192313838434,1.591008992823371,0,0,0,7,Top,,,,3,3,R,L,NYY,BOS,50,1
2025-10-01,677161,683011,SI,97.4,2122,-1.41,1.04,-0.5974746065022576,1.7874992916105288,3,2,2,6,Bot,669224,700250,,3,3,R,R,NYY,BOS,49,6
2025-10-01,677161,683011,FC,91.6,2471,0.26,0.88,-0.0702327830688256,2.905518420398418,3,1,2,6,Bot,669224,700250,,3,3,R,R,NYY,BOS,49,5
2025-10-01,677161,683011,FC,90.8,2461,0.07,0.47,0.3801062487851266,2.2134954016973185,3,0,2,6,Bot,669224,700250,,3,3,R,R,NYY,BOS,49,4
2025-10-01,677161,683011,FC,91.0,2509,0.34,0.73,0.9619523149820992,3.1485767031879535,2,0,2,6,Bot,669224,700250,,3,3,R,R,NYY,BOS,49,3
2025-10-01,677161,683011,ST,81.5,2672,1.09,-0.19,-1.20658065278238,2.3216947358576667,1,0,2,6,Bot,669224,700250,,3,3,R,R,NYY,BOS,49,2
2025-10-01,677161,683011,FC,92.4,2441,0.36,0.81,0.7628694188518282,0.2958846285826411,0,0,2,6,Bot,669224,700250,,3,3,R,R,NYY,BOS,49,1
2025-10-01,571927,669224,SI,95.9,2331,1.01,0.78,-0.2726633579413156,2.7027061094676856,1,0,2,6,Bot,700250,,,3,3,L,L,NYY,BOS,48,2
2025-10-01,571927,669224,SI,96.0,2190,1.17,0.68,-1.10862349667618,2.519083106182028,0,0,2,6,Bot,700250,,,3,3,L,L,NYY,BOS,48,1
2025-10-01,571927,665862,SI,96.3,2161,1.31,0.46,-0.4705052704332573,1.9394861390113696,3,2,1,6,Bot,700250,,,3,3,L,L,NYY,BOS,47,6
2025-10-01,571927,665862,CU,81.4,2213,-0.87,-0.8,1.169539240229019,3.466082801709443,2,2,1,6,Bot,700250,,,3,3,L,L,NYY,BOS,47,5
2025-10-01,571927,665862,CH,85.2,2441,1.29,0.12,-0.8956001804062232,0.2236494576080261,1,2,1,6,Bot,700250,,,3,3,L,L,NYY,BOS,47,4
2025-10-01,571927,665862,SI,96.6,2275,1.36,1.04,0.4183581466475554,3.018518749394995,1,1,1,6,Bot,700250,,,3,3,L,L,NYY,BOS,47,3
2025-10-01,571927,665862,CH,84.9,2367,1.21,0.29,1.0287882266517945,2.3613650911148896,0,1,1,6,Bot,700250,,,3,3,L,L,NYY,BOS,47,2
2025-10-01,571927,665862,CH,85.3,2536,1.35,0.3,-0.5628609877888102,1.8119160464945343,0,0,1,6,Bot,700250,,,3,3,L,L,NYY,BOS,47,1
2025-10-01,571927,519317,CH,84.9,2443,1.22,0.02,0.0092708915290322,1.6391882622807632,2,2,0,6,Bot,700250,,,3,3,R,L,NYY,BOS,46,5
2025-10-01,571927,519317,CH,85.1,2427,1.24,0.07,0.6685768829104908,2.0810988730481053,2,1,0,6,Bot,700250,,,3,3,R,L,NYY,BOS,46,4
2025-10-01,571927,519317,SI,95.8,2309,1.31,1.1,-1.1979293751590077,4.317179849447195,1,1,0,6,Bot,700250,,,3,3,R,L,NYY,BOS,46,3
2025-10-01,571927,519317,SI,93.9,2282,1.35,1.07,-0.7954136767616304,3.787496404830592,0,1,0,6,Bot,700250,,,3,3,R,L,NYY,BOS,46,2
2025-10-01,571927,519317,CH,86.0,2303,1.24,0.13,-0.2811406721040683,1.937942652268796,0,0,0,6,Bot,700250,,,3,3,R,L,NYY,BOS,46,1
2025-10-01,571927,700250,SI,96.5,2167,1.16,0.57,0.8761117485075893,3.3997324299929215,2,2,0,6,Bot,,,,3,3,L,L,NYY,BOS,45,5
2025-10-01,571927,700250,CH,85.4,2472,1.19,-0.14,-0.4812152150197417,2.4215821698396787,2,1,0,6,Bot,,,,3,3,L,L,NYY,BOS,45,4
2025-10-01,571927,700250,CH,86.5,2619,1.38,-0.22,-1.3181010663425548,0.4698196874088354,1,1,0,6,Bot,,,,3,3,L,L,NYY,BOS,45,3
2025-10-01,571927,700250,CU,81.0,2407,-1.24,-0.74,-0.4252960716750654,1.6384061471137006,0,1,0,6,Bot,,,,3,3,L,L,NYY,BOS,45,2
2025-10-01,571927,700250,SI,96.2,2175,1.13,0.91,1.005533944210485,2.42655945775566,0,0,0,6,Bot,,,,3,3,L,L,NYY,BOS,45,1
2025-10-01,607074,665966,SI,93.4,2258,1.15,0.63,0.0664142008507095,1.4989003363606848,0,0,1,6,Top,608324,,,3,3,R,L,NYY,BOS,44,1
2025-10-01,607074,663853,CH,85.4,1725,0.97,0.42,-0.0885363970882855,1.6553646579028016,2,2,0,6,Top,608324,,,3,3,R,L,NYY,BOS,43,5
2025-10-01,607074,663853,CH,86.9,1601,0.6,0.37,-1.497400472595522,0.976752584100697,1,2,0,6,Top,608324,,,3,3,R,L,NYY,BOS,43,4
2025-10-01,607074,663853,CH,86.3,1699,0.56,0.23,-0.8904586731177022,1.4849322162045748,0,2,0,6,Top,608324,,,3,3,R,L,NYY,BOS,43,3
2025-10-01,607074,663853,FF,94.8,2281,0.82,1.48,-0.3300007647589205,2.5133067207322872,0,1,0,6,Top,608324,,,3,3,R,L,NYY,BOS,43,2
2025-10-01,607074,663853,SL,86.9,2703,-0.35,-0.23,-0.5362031006804346,1.9314222886930617,0,0,0,6,Top,608324,,,3,3,R,L,NYY,BOS,43,1
2025-10-01,607074,608324,FF,94.5,2291,0.5,1.29,0.4730088790538161,4.307400059532561,3,0,0,6,Top,,,,3,3,R,L,NYY,BOS,42,4
2025-10-01,607074,608324,SI,92.3,2234,0.99,0.57,1.4386412811359044,3.000297716234494,2,0,0,6,Top,,,,3,3,R,L,NYY,BOS,42,3
2025-10-01,607074,608324,SI,91.5,2170,1.12,0.45,0.4180278289214061,1.0409064810902275,1,0,0,6,Top,,,,3,3,R,L,NYY,BOS,42,2
2025-10-01,607074,608324,FF,95.1,2307,0.77,1.38,1.0989036351852697,3.0968069138372805,0,0,0,6,Top,,,,3,3,R,L,NYY,BOS,42,1
2025-10-01,607074,596115,FF,95.2,2349,0.97,1.63,-0.1707721756935144,2.7651696714741534,2,0,0,6,Top,,,,2,3,R,L,NYY,BOS,41,3
2025-10-01,607074,596115,CH,84.7,1650,0.9,0.27,0.0820043607363814,0.3350208280911624,1,0,0,6,Top,,,,2,3,R,L,NYY,BOS,41,2
2025-10-01,607074,596115,SL,87.9,2573,0.0,0.36,-0.8289048809738201,2.0471225657109517,0,0,0,6,Top,,,,2,3,R,L,NYY,BOS,41,1
2025-10-01,571927,641355,SI,95.7,2379,1.07,0.56,-1.1217673750100978,1.6557409341599447,3,2,2,5,Bot,592450,,,3,2,L,L,NYY,BOS,40,6
2025-10-01,571927,641355,CH,84.4,2475,1.26,0.13,-0.7889284062321023,0.7626580652489947,3,1,2,5,Bot,592450,,,3,2,L,L,NYY,BOS,40,5
2025-10-01,571927,641355,SI,95.1,2368,1.37,0.72,-0.3811446836862429,2.0471491562395556,3,0,2,5,Bot,592450,,,3,2,L,L,NYY,BOS,40,4
2025-10-01,571927,641355,SI,96.0,2232,1.39,0.69,-1.5410143912333991,1.600479284816286,2,0,2,5,Bot,592450,,,3,2,L,L,NYY,BOS,40,3
2025-10-01,571927,641355,CH,85.3,2441,1.35,0.13,-1.6245654478730285,1.361528924577922,1,0,2,5,Bot,592450,,,3,2,L,L,NYY,BOS,40,2
2025-10-01,571927,641355,SI,95.6,2235,1.49,0.76,-0.6428597439130639,2.7452542180517536,0,0,2,5,Bot,592450,,,3,2,L,L,NYY,BOS,40,1
2025-10-01,686580,592450,ST,85.0,2546,0.94,0.25,0.8692497936683409,2.4379500667365943,2,2,2,5,Bot,,663757,,2,2,R,R,NYY,BOS,39,5
2025-10-01,686580,592450,CU,86.1,2799,0.01,-1.4,-0.2449160337780713,-0.7652183632834895,1,2,2,5,Bot,663757,,,2,2,R,R,NYY,BOS,39,4
2025-10-01,686580,592450,CU,87.5,2767,0.2,-1.0,0.2655058625801368,-0.513670709315301,0,2,2,5,Bot,663757,,,2,2,R,R,NYY,BOS,39,3
2025-10-01,686580,592450,FF,96.0,2478,0.09,1.55,0.0679352283610663,2.858912050270167,0,1,2,5,Bot,663757,,,2,2,R,R,NYY,BOS,39,2
2025-10-01,686580,592450,ST,85.7,2643,1.19,0.0,-0.1819889093672608,2.587333008352966,0,0,2,5,Bot,663757,,,2,2,R,R,NYY,BOS,39,1
2025-10-01,686580,663757,FF,97.0,2495,-0.21,1.46,0.266152705785301,1.1748812212156112,3,1,2,5,Bot,,,,2,2,L,R,NYY,BOS,38,5
2025-10-01,686580,663757,FC,93.1,2629,0.32,0.55,-0.8597775363467368,2.455373942905668,2,1,2,5,Bot,,,,2,2,L,R,NYY,BOS,38,4
2025-10-01,686580,663757,CU,85.9,2703,0.23,-1.34,-0.0265253893185287,-0.6833435400700374,1,1,2,5,Bot,,,,2,2,L,R,NYY,BOS,38,3
2025-10-01,686580,663757,FF,96.5,2510,-0.22,1.53,-0.1116417468100019,3.8451799522466312,0,1,2,5,Bot,,,,2,2,L,R,NYY,BOS,38,2
2025-10-01,686580,663757,CU,85.2,2780,0.3,-1.24,-0.6600052625904171,2.096479676845514,0,0,2,5,Bot,,,,2,2,L,R,NYY,BOS,38,1
2025-10-01,686580,641857,FF,97.0,2461,-0.11,1.29,0.4024345311990072,2.214702223986055,2,2,1,5,Bot,,,,2,2,L,R,NYY,BOS,37,6
2025-10-01,686580,641857,FF,97.1,2439,0.21,1.44,0.5044741881974028,4.0238915607179635,1,2,1,5,Bot,,,,2,2,L,R,NYY,BOS,37,5
2025-10-01,686580,641857,CU,87.5,2729,0.09,-1.41,0.4725463976314293,-1.7410753213395584,0,2,1,5,Bot,,,,2,2,L,R,NYY,BOS,37,4
2025-10-01,686580,641857,FF,96.7,2428,-0.01,1.53,0.210224346255008,3.154452255387334,0,2,1,5,Bot,,,,2,2,L,R,NYY,BOS,37,3
2025-10-01,686580,641857,FF,96.9,2462,0.06,1.47,0.5151281457256361,2.575070845494798,0,1,1,5,Bot,,,,2,2,L,R,NYY,BOS,37,2
2025-10-01,686580,641857,FF,96.9,2403,0.15,1.4,0.4199065318075556,3.665698986479248,0,0,1,5,Bot,,,,2,2,L,R,NYY,BOS,37,1
2025-10-01,686580,683011,ST,85.4,2608,0.91,-0.03,0.0690289520785917,1.2486707330693203,0,1,0,5,Bot,,,,2,2,R,R,NYY,BOS,36,2
2025-10-01,686580,683011,FC,92.3,2604,0.63,0.67,0.1459369548283032,2.697276388774224,0,0,0,5,Bot,,,,2,2,R,R,NYY,BOS,36,1
2025-10-01,607074,608701,SL,88.4,2704,-0.35,-0.01,0.1300718719647339,2.428921169726152,1,0,2,5,Top,,,,2,2,R,L,NYY,BOS,35,2
2025-10-01,607074,608701,SL,86.9,2554,-0.14,0.08,-1.5161497525537098,0.2136847287892735,0,0,2,5,Top,,,,2,2,R,L,NYY,BOS,35,1
2025-10-01,607074,686765,CH,85.6,1479,0.76,0.36,0.5925364061763073,1.8032915989618952,3,2,1,5,Top,,,,2,2,R,L,NYY,BOS,34,6
2025-10-01,607074,686765,FF,94.6,2278,0.59,1.54,0.6712122814763349,2.650116667944359,3,1,1,5,Top,,,,2,2,R,L,NYY,BOS,34,5
2025-10-01,607074,686765,FF,95.3,2384,0.62,1.64,0.9608232710018748,3.462215881910957,2,1,1,5,Top,,,,2,2,R,L,NYY,BOS,34,4
2025-10-01,607074,686765,FF,93.3,2275,0.93,1.39,0.2637535671362886,4.62759788663454,1,1,1,5,Top,,,,2,2,R,L,NYY,BOS,34,3
2025-10-01,607074,686765,CH,85.9,1470,0.97,0.41,0.8204549250312545,2.806707720746288,1,0,1,5,Top,,,,2,2,R,L,NYY,BOS,34,2
2025-10-01,607074,686765,SL,82.1,2628,-0.4,-0.07,-0.6841245704999188,0.9456121552544424,0,0,1,5,Top,,,,2,2,R,L,NYY,BOS,34,1
2025-10-01,607074,678882,SL,86.3,2598,-0.81,-0.06,0.7640078329007134,2.9330127517094384,0,2,0,5,Top,,,,2,2,R,L,NYY,BOS,33,3
2025-10-01,607074,678882,CH,85.9,1689,0.69,0.12,-0.0985099885600607,0.8488577505847155,0,1,0,5,Top,,,,2,2,R,L,NYY,BOS,33,2
2025-10-01,607074,678882,FF,93.1,2222,0.91,1.31,-0.2631582014691088,1.6484763167102887,0,0,0,5,Top,,,,2,2,R,L,NYY,BOS,33,1
2025-10-01,458677,669224,SL,89.0,2380,-0.47,0.38,-0.7547271605847775,1.6612493144285023,1,0,2,4,Bot,,,,2,2,L,L,NYY,BOS,32,2
2025-10-01,458677,669224,FC,93.6,2491,-0.21,1.23,0.0183000605210223,0.7144459984388025,0,0,2,4,Bot,,,,2,2,L,L,NYY,BOS,32,1
2025-10-01,458677,665862,FF,95.1,2222,0.07,1.69,0.223052255992654,3.8937665308906433,3,2,1,4,Bot,,,,2,2,L,L,NYY,BOS,31,7
2025-10-01,458677,665862,FF,95.1,2207,0.12,1.48,-0.0795966100733528,2.1061768205675353,3,2,1,4,Bot,,,,2,2,L,L,NYY,BOS,31,6
2025-10-01,458677,665862,FF,95.1,2184,0.23,1.47,0.5149972448476013,1.860441530889423,3,1,1,4,Bot,,,,2,2,L,L,NYY,BOS,31,5
2025-10-01,458677,665862,FF,94.3,2246,0.01,1.58,0.2872111342487629,3.036549216837404,3,0,1,4,Bot,,,,2,2,L,L,NYY,BOS,31,4
2025-10-01,458677,665862,FC,94.1,2406,-0.13,1.45,0.4689240709155662,1.068243806925863,2,0,1,4,Bot,,,,2,2,L,L,NYY,BOS,31,3
2025-10-01,458677,665862,SL,87.2,2529,-0.66,-0.28,-0.9942037190429118,0.3928575536309373,1,0,1,4,Bot,,,,2,2,L,L,NYY,BOS,31,2
2025-10-01,458677,665862,FC,93.3,2459,-0.33,1.29,-0.5108466698482736,0.817964644025179,0,0,1,4,Bot,,,,2,2,L,L,NYY,BOS,31,1
2025-10-01,458677,519317,FF,94.9,2204,0.09,1.49,0.4233803061398395,2.068670594844068,3,2,0,4,Bot,,,,2,2,R,L,NYY,BOS,30,6
2025-10-01,458677,519317,FC,92.5,2316,-0.25,1.08,-0.463560817926235,1.5299397932277412,3,1,0,4,Bot,,,,2,2,R,L,NYY,BOS,30,5
2025-10-01,458677,519317,SL,86.0,2331,-0.22,0.15,-1.738176883483863,2.4913895860043462,2,1,0,4,Bot,,,,2,2,R,L,NYY,BOS,30,4
2025-10-01,458677,519317,FS,86.1,844,0.52,-0.19,1.3225135436544906,3.291954981860671,1,1,0,4,Bot,,,,2,2,R,L,NYY,BOS,30,3
2025-10-01,458677,519317,FF,95.0,2278,0.56,1.75,0.0653581660770127,2.9051950023262334,1,0,0,4,Bot,,,,2,2,R,L,NYY,BOS,30,2
2025-10-01,458677,519317,SL,88.5,2300,-0.05,0.25,-0.8273197571720317,0.9249778420745968,0,0,0,4,Bot,,,,2,2,R,L,NYY,BOS,30,1
2025-10-01,607074,680776,SI,94.5,2332,1.0,0.47,0.1885154430726936,2.4615206682537645,1,0,2,4,Top,681987,,,2,2,L,L,NYY,BOS,29,2
2025-10-01,607074,680776,SI,92.6,2302,1.16,0.55,-0.4805679448706441,3.9209313827210153,0,0,2,4,Top,681987,,,2,2,L,L,NYY,BOS,29,1
2025-10-01,607074,681987,FF,94.1,2243,0.74,1.38,0.7502959601372104,2.0694680659556015,1,1,2,4,Top,,,,2,2,R,L,NYY,BOS,28,3
2025-10-01,607074,681987,CH,86.0,1667,0.95,0.2,-0.0197687289768561,0.6570207440978133,0,1,2,4,Top,,,,2,2,R,L,NYY,BOS,28,2
2025-10-01,607074,681987,CH,84.3,1493,0.76,0.16,1.0125211977687871,1.9091204106637685,0,0,2,4,Top,,,,2,2,R,L,NYY,BOS,28,1
2025-10-01,607074,665966,FF,96.3,2280,0.74,1.3,0.8559936129262155,2.518870089342983,3,2,1,4,Top,,,,2,2,R,L,NYY,BOS,27,8
2025-10-01,607074,665966,CH,86.4,1768,0.92,0.24,-0.2111408149140644,1.2716470968812574,3,2,1,4,Top,,,,2,2,R,L,NYY,BOS,27,7
2025-10-01,607074,665966,FF,95.2,2281,0.83,1.54,1.1921215597308716,3.158425174771738,3,2,1,4,Top,,,,2,2,R,L,NYY,BOS,27,6
2025-10-01,607074,665966,FF,94.5,2215,0.74,1.29,0.3385561486460593,2.0357619027447766,3,1,1,4,Top,,,,2,2,R,L,NYY,BOS,27,5
2025-10-01,607074,665966,CH,85.3,1541,0.59,0.17,0.6846853001581702,3.388995070133919,2,1,1,4,Top,,,,2,2,R,L,NYY,BOS,27,4
2025-10-01,607074,665966,FF,96.2,2433,0.59,1.34,1.8669567925339716,4.987264447699261,1,1,1,4,Top,,,,2,2,R,L,NYY,BOS,27,3
2025-10-01,607074,665966,FF,93.5,2244,0.63,1.39,-0.5042046650522991,1.991676056356645,1,0,1,4,Top,,,,2,2,R,L,NYY,BOS,27,2
2025-10-01,607074,665966,CH,85.4,1599,0.84,0.21,-0.0756378278916725,0.6962879556768393,0,0,1,4,Top,,,,2,2,R,L,NYY,BOS,27,1
2025-10-01,607074,663853,FF,93.7,2296,0.98,1.51,0.9041660787084184,3.3527094556359405,2,2,0,4,Top,,,,2,2,R,L,NYY,BOS,26,6
2025-10-01,607074,663853,FF,94.3,2403,1.01,1.26,0.1783840915325207,2.9070182293676607,2,2,0,4,Top,,,,2,2,R,L,NYY,BOS,26,5
2025-10-01,607074,663853,CH,85.8,1624,0.93,0.23,0.4591536245757992,1.3446104456153711,1,2,0,4,Top,,,,2,2,R,L,NYY,BOS,26,4
2025-10-01,607074,663853,SL,87.5,2679,-0.38,-0.12,0.5606124855637558,1.3397522458827242,0,2,0,4,Top,,,,2,2,R,L,NYY,BOS,26,3
2025-10-01,607074,663853,SL,86.3,2594,-0.12,0.19,-0.3676436467772329,1.604700177965925,0,1,0,4,Top,,,,2,2,R,L,NYY,BOS,26,2
2025-10-01,607074,663853,FF,93.5,2296,0.95,1.25,-0.3155179393445046,2.226013329881887,0,0,0,4,Top,,,,2,2,R,L,NYY,BOS,26,1
2025-10-01,458677,700250,FC,93.3,2345,-0.17,1.13,0.141249019249235,2.299074096212104,2,1,2,3,Bot,,592450,663757,2,2,L,L,NYY,BOS,25,4
2025-10-01,458677,700250,FC,92.8,2391,-0.35,1.14,-0.6893632876673492,2.1787015874739444,2,0,2,3,Bot,,592450,663757,2,2,L,L,NYY,BOS,25,3
2025-10-01,458677,700250,SL,89.5,2324,0.02,0.46,0.4290947459263174,0.9076199192251432,1,0,2,3,Bot,,592450,663757,2,2,L,L,NYY,BOS,25,2
2025-10-01,458677,700250,SL,89.5,2375,-0.05,0.34,-0.1148160925801876,0.8172484985816646,0,0,2,3,Bot,,592450,663757,2,2,L,L,NYY,BOS,25,1
2025-10-01,458677,641355,SL,86.2,2237,-0.18,0.13,-0.1871304249969151,1.365553415877625,1,2,1,3,Bot,,592450,663757,2,2,L,L,NYY,BOS,24,4
2025-10-01,458677,641355,SL,89.6,2221,-0.04,0.5,-0.2187182570312169,3.083642944160242,1,1,1,3,Bot,,592450,663757,2,2,L,L,NYY,BOS,24,3
2025-10-01,458677,641355,FF,95.7,2270,0.26,1.49,-0.706175775796861,1.8927775864646936,0,1,1,3,Bot,592450,663757,,2,2,L,L,NYY,BOS,24,2
2025-10-01,458677,641355,SL,89.1,2271,-0.15,0.4,-0.8183031964798896,2.284976736577517,0,0,1,3,Bot,592450,663757,,2,2,L,L,NYY,BOS,24,1
2025-10-01,678394,592450,SI,95.2,2090,-1.39,0.77,-0.3176839109975531,3.0280409494101552,2,0,1,3,Bot,663757,,,2,2,R,R,NYY,BOS,23,3
2025-10-01,678394,592450,FC,89.0,2544,-0.15,0.25,1.5663168432593366,-0.0853398935331788,1,0,1,3,Bot,663757,,,2,2,R,R,NYY,BOS,23,2
2025-10-01,678394,592450,FC,89.1,2495,0.01,0.31,1.2266464157054882,1.46182008709311,0,0,1,3,Bot,663757,,,2,2,R,R,NYY,BOS,23,1
2025-10-01,678394,663757,FC,87.0,2357,-0.11,0.16,-0.2780426509812778,2.262944861277167,1,0,0,3,Bot,641857,,,2,2,L,R,NYY,BOS,22,2
2025-10-01,678394,663757,SI,95.6,2088,-1.48,0.75,-0.8388943423498463,1.5406804573541404,0,0,0,3,Bot,641857,,,2,2,L,R,NYY,BOS,22,1
2025-10-01,678394,641857,CH,87.8,1967,-1.48,0.62,0.355758157348925,1.585789412160832,1,1,0,3,Bot,,,,2,2,L,R,NYY,BOS,21,3
2025-10-01,678394,641857,FF,94.0,2097,-0.66,1.2,0.4561648370775968,2.9470624762954243,1,0,0,3,Bot,,,,2,2,L,R,NYY,BOS,21,2
2025-10-01,678394,641857,SI,95.5,2169,-1.46,0.85,1.418488286780243,0.9575080920876864,0,0,0,3,Bot,,,,2,2,L,R,NYY,BOS,21,1
2025-10-01,607074,608324,CH,86.1,1715,0.89,0.14,0.5866096622916797,2.4764562667899885,1,1,1,3,Top,596115,686765,,2,2,R,L,NYY,BOS,20,3
2025-10-01,607074,608324,FF,95.9,2302,0.9,1.37,0.8141093942542694,3.1443452926287048,0,1,1,3,Top,596115,686765,,2,2,R,L,NYY,BOS,20,2
2025-10-01,607074,608324,CH,85.4,1627,0.92,0.37,-0.0937402238894978,2.32402009574812,0,0,1,3,Top,596115,686765,,2,2,R,L,NYY,BOS,20,1
2025-10-01,607074,596115,SL,87.3,2633,-0.33,-0.33,0.1221482379073496,1.9513800879785357,1,1,1,3,Top,686765,678882,680776,0,2,R,L,NYY,BOS,19,3
2025-10-01,607074,596115,FF,95.4,2413,0.83,1.48,0.5842583804971444,2.8183459186579847,1,0,1,3,Top,686765,678882,680776,0,2,R,L,NYY,BOS,19,2
2025-10-01,607074,596115,SL,87.6,2746,-0.47,-0.26,1.6361681440967413,4.37874878341216,0,0,1,3,Top,686765,678882,680776,0,2,R,L,NYY,BOS,19,1
2025-10-01,607074,608701,CH,86.7,1787,0.96,0.39,0.5777727668503595,1.4749033607819824,1,2,0,3,Top,686765,678882,680776,0,2,R,L,NYY,BOS,18,4
2025-10-01,607074,608701,CH,86.2,1818,0.69,0.38,0.1006280015738414,2.6913611568438633,1,1,0,3,Top,686765,678882,680776,0,2,R,L,NYY,BOS,18,3
2025-10-01,607074,608701,CH,86.7,1774,1.11,0.23,0.8038907900113217,0.6835484436939043,0,1,0,3,Top,686765,678882,680776,0,2,R,L,NYY,BOS,18,2
2025-10-01,607074,608701,SL,87.1,2625,-0.07,-0.33,0.349095128266509,2.980953561299545,0,0,0,3,Top,686765,678882,680776,0,2,R,L,NYY,BOS,18,1
2025-10-01,607074,686765,SL,87.3,2417,-0.13,-0.02,-0.4224722110856686,3.009567086118436,0,0,0,3,Top,678882,680776,,0,2,R,L,NYY,BOS,17,1
2025-10-01,607074,678882,FF,96.2,2276,0.77,1.45,1.104392440421047,3.438942289004629,3,2,0,3,Top,680776,,,0,2,R,L,NYY,BOS,16,6
2025-10-01,607074,678882,FF,93.8,2298,0.73,1.42,-0.061870700626143,2.5802329091113587,3,1,0,3,Top,680776,,,0,2,R,L,NYY,BOS,16,5
2025-10-01,607074,678882,CH,85.0,1637,1.08,0.4,0.276646262305686,0.8604775792048796,2,1,0,3,Top,680776,,,0,2,R,L,NYY,BOS,16,4
2025-10-01,607074,678882,CH,83.0,1413,0.97,0.36,1.6794924636579105,3.729135251665901,1,1,0,3,Top,680776,,,0,2,R,L,NYY,BOS,16,3
2025-10-01,607074,678882,FF,94.1,2347,1.05,1.65,0.7568094949794861,3.434325454645143,1,0,0,3,Top,680776,,,0,2,R,L,NYY,BOS,16,2
2025-10-01,607074,678882,SL,85.5,2569,-0.54,0.1,-0.8861064388616725,1.5033483456470789,0,0,0,3,Top,680776,,,0,2,R,L,NYY,BOS,16,1
2025-10-01,607074,680776,FF,94.2,2285,0.92,1.28,-0.793668764302378,2.614115816858311,0,1,0,3,Top,,,,0,2,L,L,NYY,BOS,15,2
2025-10-01,607074,680776,SI,91.0,2286,1.31,0.48,-0.4103290371935539,2.5098546835344315,0,0,0,3,Top,,,,0,2,L,L,NYY,BOS,15,1
2025-10-01,678394,683011,SI,94.2,2044,-1.51,0.66,-1.077569642501229,2.3090189604236677,0,0,1,2,Bot,669224,,,2,0,R,R,NYY,BOS,14,1
2025-10-01,678394,669224,SI,93.5,2023,-1.53,0.59,-0.980065077355067,2.5864587955978973,3,1,1,2,Bot,,,,2,0,L,R,NYY,BOS,13,5
2025-10-01,678394,669224,CH,87.9,1957,-1.34,0.68,1.9072073229739055,1.3365893844556245,2,1,1,2,Bot,,,,2,0,L,R,NYY,BOS,13,4
2025-10-01,678394,669224,FF,93.8,2037,-0.6,0.84,-0.89167561055827,4.021207080902124,1,1,1,2,Bot,,,,2,0,L,R,NYY,BOS,13,3
2025-10-01,678394,669224,CH,87.3,2010,-1.56,0.5,-0.0895688400527476,1.846332776021745,1,0,1,2,Bot,,,,2,0,L,R,NYY,BOS,13,2
2025-10-01,678394,669224,SI,94.7,2069,-1.5,0.49,-0.912891076726634,1.2118306290953391,0,0,1,2,Bot,,,,2,0,L,R,NYY,BOS,13,1
2025-10-01,678394,665862,CH,89.0,2005,-1.41,0.68,-0.9612700276778714,2.326223921273462,0,1,0,2,Bot,,,,2,0,L,R,NYY,BOS,12,2
2025-10-01,678394,665862,FF,94.4,2048,-0.54,1.06,0.4526890786286623,3.4220164300911815,0,0,0,2,Bot,,,,2,0,L,R,NYY,BOS,12,1
2025-10-01,607074,681987,CH,85.4,1688,0.97,0.13,0.803393449061157,1.662078867833065,0,2,2,2,Top,,,,0,2,R,L,NYY,BOS,11,3
2025-10-01,607074,681987,CH,86.2,1588,1.1,0.07,0.2572784471810148,1.0446273096426877,0,1,2,2,Top,,,,0,2,R,L,NYY,BOS,11,2
2025-10-01,607074,681987,SL,86.0,2578,-0.1,0.02,0.6166046287047893,2.586694502565253,0,0,2,2,Top,,,,0,2,R,L,NYY,BOS,11,1
2025-10-01,607074,665966,FF,92.9,2265,0.86,1.37,0.154831686542471,2.418946925001662,0,1,1,2,Top,,,,0,2,R,L,NYY,BOS,10,2
2025-10-01,607074,665966,FF,94.2,2372,0.69,1.63,0.5139022577809819,2.1128408054336276,0,0,1,2,Top,,,,0,2,R,L,NYY,BOS,10,1
2025-10-01,607074,663853,FF,93.2,2271,0.84,1.53,0.8673838741186061,2.370768034322249,0,0,0,2,Top,,,,0,2,R,L,NYY,BOS,9,1
2025-10-01,678394,519317,ST,85.8,2359,0.45,-0.36,-0.219668823187919,2.3223983470682987,1,2,2,1,Bot,,,,2,0,R,R,NYY,BOS,8,4
2025-10-01,678394,519317,FF,93.6,2065,-0.53,1.32,0.3514380107750086,3.829549331745823,1,1,2,1,Bot,,,,2,0,R,R,NYY,BOS,8,3
2025-10-01,678394,519317,SI,95.2,2135,-1.54,0.46,0.1275439826625635,2.1199650417557625,1,0,2,1,Bot,,,,2,0,R,R,NYY,BOS,8,2
2025-10-01,678394,519317,SI,95.2,2174,-1.58,0.54,-1.208138737766973,1.4320549853490627,0,0,2,1,Bot,,,,2,0,R,R,NYY,BOS,8,1
2025-10-01,678394,700250,FC,87.4,2287,0.12,0.19,0.0912045335106028,1.985601760647123,0,0,2,1,Bot,641355,,,0,0,L,R,NYY,BOS,7,1
2025-10-01,678394,641355,SI,94.4,2026,-1.56,0.38,-0.4511318683769942,2.804621609781673,1,0,2,1,Bot,,,,0,0,L,R,NYY,BOS,6,2
2025-10-01,678394,641355,SI,94.1,2167,-1.39,0.64,0.4524578287996217,1.4550494673574437,0,0,2,1,Bot,,,,0,0,L,R,NYY,BOS,6,1
2025-10-01,678394,592450,ST,84.0,2394,0.62,-0.27,0.9287112159540862,1.958198124872176,1,2,1,1,Bot,,,,0,0,R,R,NYY,BOS,5,4
2025-10-01,678394,592450,ST,84.6,2487,0.5,-0.36,1.7115361069957356,1.14982331859184,0,2,1,1,Bot,,,,0,0,R,R,NYY,BOS,5,3
2025-10-01,678394,592450,FC,87.1,2439,-0.05,0.14,-0.4443818173828504,2.554666845617843,0,1,1,1,Bot,,,,0,0,R,R,NYY,BOS,5,2
2025-10-01,678394,592450,SI,93.9,2083,-1.47,0.6,0.1596318192643167,3.1617398564139148,0,0,1,1,Bot,,,,0,0,R,R,NYY,BOS,5,1
2025-10-01,678394,663757,SI,94.5,2096,-1.74,0.38,-0.2602501690971874,2.227704783796839,0,0,0,1,Bot,,,,0,0,L,R,NYY,BOS,4,1
2025-10-01,607074,608324,FF,94.3,2251,1.0,1.28,-0.3534391660704651,2.4517939728953326,1,2,2,1,Top,,,,0,0,R,L,NYY,BOS,3,4
2025-10-01,607074,608324,SL,87.1,2546,-0.28,0.0,-0.8274176305546866,0.9143638124190804,0,2,2,1,Top,,,,0,0,R,L,NYY,BOS,3,3
2025-10-01,607074,608324,FF,93.3,2252,0.53,1.58,-0.3825444613229308,2.8424999218556444,0,1,2,1,Top,,,,0,0,R,L,NYY,BOS,3,2
2025-10-01,607074,608324,SL,86.6,2570,-0.19,0.07,-0.4692714860123335,2.549053909946247,0,0,2,1,Top,,,,0,0,R,L,NYY,BOS,3,1
2025-10-01,607074,596115,SL,87.7,2608,-0.35,-0.05,0.2260142445784036,0.9911759956205586,2,2,1,1,Top,,,,0,0,R,L,NYY,BOS,2,5
2025-10-01,607074,596115,SL,87.2,2688,-0.39,-0.08,0.7094877742473193,2.834982203646787,2,1,1,1,Top,,,,0,0,R,L,NYY,BOS,2,4
2025-10-01,607074,596115,FF,94.6,2402,0.76,1.42,0.7325415237503219,2.931218790515299,2,0,1,1,Top,,,,0,0,R,L,NYY,BOS,2,3
2025-10-01,607074,596115,FF,95.0,2311,0.69,1.46,1.3882477195241902,3.3653278248622263,1,0,1,1,Top,,,,0,0,R,L,NYY,BOS,2,2
2025-10-01,607074,596115,FF,94.7,2270,0.89,1.27,1.5392777149238046,3.081090157290787,0,0,1,1,Top,,,,0,0,R,L,NYY,BOS,2,1
2025-10-01,607074,608701,SL,86.3,2551,-0.23,-0.1,0.8263883442746233,2.457936855270425,1,2,0,1,Top,,,,0,0,R,L,NYY,BOS,1,6
2025-10-01,607074,608701,SL,86.8,2671,-0.45,-0.15,1.2246236658446996,1.4473247014520862,0,2,0,1,Top,,,,0,0,R,L,NYY,BOS,1,5
2025-10-01,607074,608701,CH,85.4,1592,0.87,0.46,1.24416524335792,1.980560531984386,0,2,0,1,Top,,,,0,0,R,L,NYY,BOS,1,4
2025-10-01,607074,608701,SL,86.2,2567,-0.29,-0.16,0.3812486121840434,1.7232532614420193,0,2,0,1,Top,,,,0,0,R,L,NYY,BOS,1,3
2025-10-01,607074,608701,SL,87.3,2434,-0.08,0.13,-0.419421793708449,1.706176449155691,0,1,0,1,Top,,,,0,0,R,L,NYY,BOS,1,2
2025-10-01,607074,608701,FF,93.1,2304,0.7,1.62,0.0068749197297248,2.5050220886103856,0,0,0,1,Top,,,,0,0,R,L,NYY,BOS,1,1
2025-10-01,808963,669720,FF,99.8,1996,-0.64,1.19,-0.9116151158206496,3.2327564535362026,0,2,2,9,Top,,,,4,8,R,R,LAD,CIN,83,3
2025-10-01,808963,669720,FF,101.4,2073,-1.09,1.08,0.2794201814392398,1.7672556307689518,0,1,2,9,Top,,,,4,8,R,R,LAD,CIN,83,2
2025-10-01,808963,669720,FF,100.5,2185,-0.75,1.11,-0.3031136653452939,2.463971342985821,0,0,2,9,Top,,,,4,8,R,R,LAD,CIN,83,1
2025-10-01,808963,666158,FO,89.3,625,-0.64,-0.63,0.4065116440764944,0.8609541041212885,1,2,1,9,Top,,,,4,8,L,R,LAD,CIN,82,4
2025-10-01,808963,666158,FO,88.4,599,-0.09,-0.24,-1.1861539294605985,2.5754775114036565,0,2,1,9,Top,,,,4,8,L,R,LAD,CIN,82,3
2025-10-01,808963,666158,FF,100.3,2109,-0.74,1.21,0.4408243776906402,2.060264757693932,0,1,1,9,Top,,,,4,8,L,R,LAD,CIN,82,2
2025-10-01,808963,666158,FF,100.5,2108,-0.87,1.15,0.0549872346395301,1.2391228628851731,0,0,1,9,Top,,,,4,8,L,R,LAD,CIN,82,1
2025-10-01,808963,668715,FO,87.8,522,-0.35,-0.5,-0.182191580166996,0.374630965177678,1,2,0,9,Top,,,,4,8,R,R,LAD,CIN,81,4
2025-10-01,808963,668715,FF,101.1,2189,-0.87,1.32,0.3245761982985461,1.6088385202079072,1,1,0,9,Top,,,,4,8,R,R,LAD,CIN,81,3
2025-10-01,808963,668715,FO,87.6,532,-0.61,-0.3,-1.0986922482966937,2.982882467720619,0,1,0,9,Top,,,,4,8,R,R,LAD,CIN,81,2
2025-10-01,808963,668715,FF,100.7,2113,-0.9,1.38,-0.7475779600867763,2.046772270611924,0,0,0,9,Top,,,,4,8,R,R,LAD,CIN,81,1
2025-10-01,695505,571771,SL,91.9,2869,0.34,-0.38,-0.2412324858680659,1.9936641703113844,1,0,2,8,Bot,,,,8,4,R,R,LAD,CIN,80,2
2025-10-01,695505,571771,SL,90.9,2859,0.42,-0.09,1.208449769205158,2.2118200422784513,0,0,2,8,Bot,,,,8,4,R,R,LAD,CIN,80,1
2025-10-01,695505,681624,FF,100.9,2577,-0.14,1.62,0.9655879887556086,2.245158271062436,2,2,1,8,Bot,,,,8,4,R,R,LAD,CIN,79,5
2025-10-01,695505,681624,SL,93.6,2683,0.44,0.11,0.2957406545058237,3.520782827663912,2,1,1,8,Bot,,,,8,4,R,R,LAD,CIN,79,4
2025-10-01,695505,681624,SL,92.0,2628,0.58,0.22,-0.5951811633524844,2.3019123111984308,2,0,1,8,Bot,,,,8,4,R,R,LAD,CIN,79,3
2025-10-01,695505,681624,FF,98.5,2505,-0.43,1.68,0.0510384548913628,3.9651858084373672,1,0,1,8,Bot,,,,8,4,R,R,LAD,CIN,79,2
2025-10-01,695505,681624,FF,98.5,2553,-0.25,1.58,0.092208570158835,4.03440500562607,0,0,1,8,Bot,,,,8,4,R,R,LAD,CIN,79,1
2025-10-01,695505,571970,FF,97.1,2387,-0.07,1.36,0.3840550081624179,2.9977061324185996,0,0,0,8,Bot,,,,8,4,L,R,LAD,CIN,78,1
2025-10-01,681911,670770,SL,87.1,2466,-0.45,0.62,-0.4849212844228731,1.684912879278578,2,2,2,8,Top,680574,682829,701398,4,8,L,L,LAD,CIN,77,7
2025-10-01,681911,670770,FF,94.1,2562,0.17,1.71,-1.1298024313885244,2.30458858114402,2,2,2,8,Top,680574,682829,701398,4,8,L,L,LAD,CIN,77,6
2025-10-01,681911,670770,FF,93.7,2553,0.3,1.81,-0.2506594347754568,2.701009391766468,2,2,2,8,Top,680574,682829,701398,4,8,L,L,LAD,CIN,77,5
2025-10-01,681911,670770,SL,86.3,2504,-0.76,0.68,0.1608536873925162,1.3512710841021234,1,2,2,8,Top,680574,682829,701398,4,8,L,L,LAD,CIN,77,4
2025-10-01,681911,670770,FF,93.9,2552,0.28,1.87,-1.4081430481915862,2.4928926695188913,0,2,2,8,Top,680574,682829,701398,4,8,L,L,LAD,CIN,77,3
2025-10-01,681911,670770,FF,93.4,2591,0.15,1.79,-0.8787147522672827,3.321471348554749,0,1,2,8,Top,680574,682829,701398,4,8,L,L,LAD,CIN,77,2
2025-10-01,681911,670770,FF,93.0,2557,0.28,1.81,-0.5576872165059825,2.7638424422648367,0,0,2,8,Top,680574,682829,701398,4,8,L,L,LAD,CIN,77,1
2025-10-01,681911,680574,FF,93.4,2558,0.27,1.82,-1.598155020392917,2.5175876450900665,3,2,2,8,Top,682829,701398,,4,8,R,L,LAD,CIN,76,6
2025-10-01,681911,680574,FF,93.2,2466,0.38,1.8,-0.5774273978790425,1.72531900615053,3,1,2,8,Top,682829,701398,,4,8,R,L,LAD,CIN,76,5
2025-10-01,681911,680574,FF,92.7,2380,0.43,1.82,-0.4518273292896166,1.6683914737639725,3,0,2,8,Top,682829,701398,,4,8,R,L,LAD,CIN,76,4
2025-10-01,681911,680574,SL,84.5,2347,-0.61,0.72,1.7877672152998136,2.5553729935123384,2,0,2,8,Top,682829,701398,,4,8,R,L,LAD,CIN,76,3
2025-10-01,681911,680574,FF,91.6,2478,0.37,1.82,0.9120261042076032,4.437632426113958,1,0,2,8,Top,682829,701398,,4,8,R,L,LAD,CIN,76,2
2025-10-01,681911,680574,FF,91.8,2405,0.52,1.81,0.0292860798640114,4.375463039158007,0,0,2,8,Top,682829,701398,,4,8,R,L,LAD,CIN,76,1
2025-10-01,681911,666181,FF,92.2,2469,0.37,1.79,0.093073316341968,4.335186941337993,1,2,1,8,Top,682829,701398,,4,8,R,L,LAD,CIN,75,5
2025-10-01,686218,666181,SL,87.8,2312,0.48,0.33,2.112548733459997,2.1263938885991336,0,2,1,8,Top,682829,701398,,4,8,L,R,LAD,CIN,75,4
2025-10-01,686218,666181,FF,96.2,2457,-1.0,1.46,-0.133136613124185,3.2908355415066533,0,2,1,8,Top,682829,701398,,4,8,L,R,LAD,CIN,75,3
2025-10-01,686218,666181,FF,95.6,2325,-0.56,1.64,0.6770078092031652,3.0438872566748016,0,1,1,8,Top,682829,701398,,4,8,L,R,LAD,CIN,75,2
2025-10-01,686218,666181,FF,95.6,2426,-1.12,1.37,-0.0860174776093471,2.625729257513058,0,0,1,8,Top,682829,701398,,4,8,L,R,LAD,CIN,75,1
2025-10-01,686218,663886,FF,95.4,2403,-0.86,1.56,0.2215218676766711,3.395991585927224,0,0,0,8,Top,682829,701398,669720,3,8,R,R,LAD,CIN,74,1
2025-10-01,686218,682829,FF,95.6,2363,-1.12,1.31,-2.098849851321968,3.635246944639105,3,2,0,8,Top,,701398,669720,3,8,L,R,LAD,CIN,73,7
2025-10-01,686218,682829,CH,85.5,1164,-1.15,-0.37,1.9975108623010325,-1.12979190384309,2,2,0,8,Top,701398,669720,,3,8,L,R,LAD,CIN,73,6
2025-10-01,686218,682829,SL,87.3,2375,0.31,0.24,1.6007099829893368,1.4651052235656543,1,2,0,8,Top,701398,669720,,3,8,L,R,LAD,CIN,73,5
2025-10-01,686218,682829,FF,95.7,2417,-0.8,1.49,-0.363220801440174,3.763264317196567,1,2,0,8,Top,701398,669720,,3,8,L,R,LAD,CIN,73,4
2025-10-01,686218,682829,FF,95.5,2416,-0.84,1.52,-0.1601492453728786,3.964410303568719,1,1,0,8,Top,701398,669720,,3,8,L,R,LAD,CIN,73,3
2025-10-01,686218,682829,FF,95.0,2510,-1.07,1.43,0.1426765214625285,2.7506215510551,1,0,0,8,Top,701398,669720,,3,8,L,R,LAD,CIN,73,2
2025-10-01,686218,682829,FF,95.3,2417,-0.81,1.52,-0.8164327417577907,2.976856992079053,0,0,0,8,Top,701398,669720,,3,8,L,R,LAD,CIN,73,1
2025-10-01,686218,701398,SL,87.5,2483,0.36,0.11,0.4984186922677702,2.592436213734083,2,2,0,8,Top,669720,666158,,2,8,R,R,LAD,CIN,72,5
2025-10-01,686218,701398,SL,86.1,2381,0.28,0.05,0.5760471161913856,2.2083254485030532,2,1,0,8,Top,669720,666158,,2,8,R,R,LAD,CIN,72,4
2025-10-01,686218,701398,FF,94.7,2378,-0.96,1.21,-0.9502092069101076,2.527811341576668,2,0,0,8,Top,669720,666158,,2,8,R,R,LAD,CIN,72,3
2025-10-01,686218,701398,SL,87.2,2439,0.23,0.17,1.0741921042099,0.578153223444569,1,0,0,8,Top,669720,666158,,2,8,R,R,LAD,CIN,72,2
2025-10-01,686218,701398,SL,86.3,2424,0.39,0.19,2.2453729500490525,1.492632514708725,0,0,0,8,Top,669720,666158,,2,8,R,R,LAD,CIN,72,1
2025-10-01,686218,669720,SL,87.7,2483,0.21,0.09,1.1808724519942049,1.8759247182498495,3,2,0,8,Top,,666158,,2,8,R,R,LAD,CIN,71,7
2025-10-01,686218,669720,FF,97.2,2538,-0.63,1.61,0.949970080053324,2.7947314003709747,3,2,0,8,Top,,666158,,2,8,R,R,LAD,CIN,71,6
2025-10-01,686218,669720,FF,96.2,2446,-0.93,1.26,-0.3971685120364649,2.186669912467487,3,1,0,8,Top,,666158,,2,8,R,R,LAD,CIN,71,5
2025-10-01,686218,669720,FF,95.1,2498,-0.86,1.48,-0.0093801591530967,2.412927475806871,3,0,0,8,Top,,666158,,2,8,R,R,LAD,CIN,71,4
2025-10-01,686218,669720,SL,87.6,2377,0.52,0.5,1.4352134426924312,2.358322783236912,2,0,0,8,Top,,666158,,2,8,R,R,LAD,CIN,71,3
2025-10-01,686218,669720,SL,87.8,2434,0.04,0.18,1.3037989938443115,1.859506693551586,1,0,0,8,Top,,666158,,2,8,R,R,LAD,CIN,71,2
2025-10-01,686218,669720,FF,95.0,2492,-0.74,1.54,1.3964236372106338,1.82607865965374,0,0,0,8,Top,,666158,,2,8,R,R,LAD,CIN,71,1
2025-10-01,686218,666158,FF,97.1,2397,-0.74,1.46,-0.6257411543056647,3.499603361502121,1,1,0,8,Top,,,,2,8,L,R,LAD,CIN,70,3
2025-10-01,686218,666158,FF,96.9,2433,-0.92,1.32,0.4425225235180359,1.9937020642197425,1,0,0,8,Top,,,,2,8,L,R,LAD,CIN,70,2
2025-10-01,686218,666158,FF,96.7,2430,-0.93,1.31,-1.9413484973679465,3.344120028610713,0,0,0,8,Top,,,,2,8,L,R,LAD,CIN,70,1
2025-10-01,695505,606192,SL,93.1,2837,0.29,0.42,0.3547207197360779,1.5027623713345553,0,1,2,7,Bot,,605141,660271,8,2,R,R,LAD,CIN,69,2
2025-10-01,695505,606192,SL,93.6,2903,0.42,0.58,0.6560001185993473,2.4309680736412953,0,0,2,7,Bot,,605141,660271,8,2,R,R,LAD,CIN,69,1
2025-10-01,695505,518692,FF,99.8,2258,-0.17,1.28,-0.1782116834330554,2.277181557607871,1,1,1,7,Bot,,605141,660271,8,2,L,R,LAD,CIN,68,3
2025-10-01,695505,518692,FF,99.1,2478,-0.13,1.62,-0.2466981267497761,3.2717035895393782,1,0,1,7,Bot,,605141,660271,8,2,L,R,LAD,CIN,68,2
2025-10-01,695505,518692,FF,100.1,2405,-0.33,1.49,-0.9177139477424068,3.650045156621187,0,0,1,7,Bot,,605141,660271,8,2,L,R,LAD,CIN,68,1
2025-10-01,663574,605141,SV,87.3,2168,0.7,-0.42,-0.5798651522183771,1.5613120415714694,3,2,1,7,Bot,660271,500743,,7,2,R,R,LAD,CIN,67,9
2025-10-01,663574,605141,SV,87.9,2249,0.87,0.11,0.2748958538000345,2.941511651731022,3,2,1,7,Bot,660271,500743,,7,2,R,R,LAD,CIN,67,8
2025-10-01,663574,605141,FF,97.3,2406,-1.07,1.11,-0.0257052386051144,1.8373457248449003,3,2,1,7,Bot,660271,500743,,7,2,R,R,LAD,CIN,67,7
2025-10-01,663574,605141,FF,97.4,2344,-0.78,1.37,-0.981007763419662,2.713160186560597,3,2,1,7,Bot,660271,500743,,7,2,R,R,LAD,CIN,67,6
2025-10-01,663574,605141,SV,88.2,2240,0.81,-0.8,0.2238608100699609,0.8256562881131662,2,2,1,7,Bot,660271,500743,,7,2,R,R,LAD,CIN,67,5
2025-10-01,663574,605141,FF,97.7,2348,-1.1,1.03,1.0765057077866946,1.9381391214601624,1,2,1,7,Bot,660271,500743,,7,2,R,R,LAD,CIN,67,4
2025-10-01,663574,605141,SV,87.5,2044,0.84,-0.79,0.6701918576947331,0.7073133078385729,0,2,1,7,Bot,660271,500743,,7,2,R,R,LAD,CIN,67,3
2025-10-01,663574,605141,FF,96.5,2291,-0.88,1.15,-1.041969054653072,3.078713389018916,0,1,1,7,Bot,660271,500743,,7,2,R,R,LAD,CIN,67,2
2025-10-01,663574,605141,SV,86.8,2413,0.1,-0.46,0.1976889017157531,1.5408215605208664,0,0,1,7,Bot,660271,500743,,7,2,R,R,LAD,CIN,67,1
2025-10-01,663574,666163,FF,95.5,2321,-0.9,1.19,-0.2307248289086382,2.4884473689861384,2,0,0,7,Bot,500743,,,7,2,L,R,LAD,CIN,65,3
2025-10-01,663574,666163,FF,95.6,2364,-1.01,1.32,-1.629146325638951,3.413723543859964,1,0,0,7,Bot,500743,,,7,2,L,R,LAD,CIN,65,2
2025-10-01,663574,666163,FF,95.4,2297,-0.78,1.23,-0.173203211910677,5.319263481023096,0,0,0,7,Bot,500743,,,7,2,L,R,LAD,CIN,65,1
2025-10-01,663574,500743,SV,86.1,2275,0.82,-0.42,-0.3364982389614104,1.9732335091264095,2,2,0,7,Bot,,,,7,2,R,R,LAD,CIN,64,6
2025-10-01,663574,500743,SV,85.8,2160,0.74,-0.87,-0.0165745313991365,2.775469452853297,2,2,0,7,Bot,,,,7,2,R,R,LAD,CIN,64,5
2025-10-01,663574,500743,FF,95.6,2382,-0.76,1.08,0.4516032366757171,2.3107115765896813,2,1,0,7,Bot,,,,7,2,R,R,LAD,CIN,64,4
2025-10-01,663574,500743,FF,95.2,2368,-0.76,1.06,0.9302041833121932,3.0411820657071083,1,1,0,7,Bot,,,,7,2,R,R,LAD,CIN,64,3
2025-10-01,663574,500743,SV,84.8,2459,1.25,-0.12,1.4964339483898512,2.5313973095128413,0,1,0,7,Bot,,,,7,2,R,R,LAD,CIN,64,2
2025-10-01,663574,500743,SV,84.6,2219,0.67,-0.28,0.8519663887957221,2.482735060069437,0,0,0,7,Bot,,,,7,2,R,R,LAD,CIN,64,1
2025-10-01,595014,668715,SI,95.4,2347,-1.51,0.43,-0.0071595801006751,1.6283948647568882,0,1,2,7,Top,670770,666181,,2,7,R,R,LAD,CIN,63,2
2025-10-01,595014,668715,SI,96.1,2295,-1.52,0.41,0.0033846298809439,2.4940109419948624,0,0,2,7,Top,670770,666181,,2,7,R,R,LAD,CIN,63,1
2025-10-01,808967,670770,FF,97.3,2167,-0.35,1.43,1.907133677409921,2.2889063821795363,3,2,2,7,Top,666181,,,2,7,L,R,LAD,CIN,62,7
2025-10-01,808967,670770,CU,78.3,2527,1.11,-1.31,-0.7634194082968966,3.423389138594694,2,2,2,7,Top,666181,,,2,7,L,R,LAD,CIN,62,6
2025-10-01,808967,670770,FS,91.2,1205,-0.59,0.2,-1.460583689640437,2.94251143530567,1,2,2,7,Top,666181,,,2,7,L,R,LAD,CIN,62,5
2025-10-01,808967,670770,FF,96.3,2274,-0.59,1.31,-0.0202807923583586,3.531321959934548,1,2,2,7,Top,666181,,,2,7,L,R,LAD,CIN,62,4
2025-10-01,808967,670770,FF,96.2,2178,-0.55,1.18,-0.3739430957782901,2.656128074474112,1,1,2,7,Top,666181,,,2,7,L,R,LAD,CIN,62,3
2025-10-01,808967,670770,FF,95.8,2256,-0.54,1.3,-0.2253526646584754,2.375240665156386,1,0,2,7,Top,666181,,,2,7,L,R,LAD,CIN,62,2
2025-10-01,808967,670770,FS,92.8,1611,-1.25,0.29,-1.594722387087498,1.6339441141843385,0,0,2,7,Top,666181,,,2,7,L,R,LAD,CIN,62,1
2025-10-01,808967,680574,CU,79.8,2981,1.13,-1.3,0.6308358311048844,1.6728376254197892,0,2,1,7,Top,666181,,,2,7,R,R,LAD,CIN,61,3
2025-10-01,808967,680574,SI,94.2,2257,-1.2,0.91,-1.413528483919975,2.0002243970186946,0,1,1,7,Top,666181,,,2,7,R,R,LAD,CIN,61,2
2025-10-01,808967,680574,CU,78.0,2800,0.94,-1.23,-0.1669859468830704,2.6836663892990167,0,0,1,7,Top,666181,,,2,7,R,R,LAD,CIN,61,1
2025-10-01,808967,666181,FF,96.4,2134,-0.62,1.28,-1.0058760918785268,2.327709545104427,3,2,1,7,Top,,,,2,7,L,R,LAD,CIN,60,7
2025-10-01,808967,666181,FS,92.7,1358,-0.82,-0.04,0.0882807163754396,1.6660319933688976,2,2,1,7,Top,,,,2,7,L,R,LAD,CIN,60,6
2025-10-01,808967,666181,FF,95.7,2252,-0.52,1.27,-1.3579890139411093,2.6611679343517984,1,2,1,7,Top,,,,2,7,L,R,LAD,CIN,60,5
2025-10-01,808967,666181,CU,77.2,2624,0.94,-1.29,-1.5050917695561354,1.89541214833777,0,2,1,7,Top,,,,2,7,L,R,LAD,CIN,60,4
2025-10-01,808967,666181,CU,78.0,2693,0.8,-1.33,-0.1840971271976591,1.6904090040410162,0,2,1,7,Top,,,,2,7,L,R,LAD,CIN,60,3
2025-10-01,808967,666181,CU,75.4,2699,0.92,-1.24,0.4948949485312199,2.7918383372232567,0,1,1,7,Top,,,,2,7,L,R,LAD,CIN,60,2
2025-10-01,808967,666181,FF,96.3,2104,-0.77,1.23,-0.8169260541211845,1.822051463648476,0,0,1,7,Top,,,,2,7,L,R,LAD,CIN,60,1
2025-10-01,808967,663886,FC,90.4,2335,0.22,0.64,0.5798343408643473,2.3055418921080504,0,0,0,7,Top,,,,2,7,R,R,LAD,CIN,59,1
2025-10-01,663574,571771,FF,97.0,2327,-0.89,1.16,-0.2196134529367766,2.7616034211917393,2,2,2,6,Bot,571970,606192,518692,7,2,R,R,LAD,CIN,58,5
2025-10-01,663574,571771,SV,86.4,2143,0.99,-0.68,1.7828694218372716,0.8163705425630807,1,2,2,6,Bot,571970,606192,518692,7,2,R,R,LAD,CIN,58,4
2025-10-01,663574,571771,SV,86.0,2072,0.97,-0.78,0.8545519729569986,-0.0037834819951285,0,2,2,6,Bot,571970,606192,518692,7,2,R,R,LAD,CIN,58,3
2025-10-01,663574,571771,SV,85.4,2181,0.87,-0.47,0.7598553812787422,1.3190573380164343,0,1,2,6,Bot,571970,606192,518692,7,2,R,R,LAD,CIN,58,2
2025-10-01,663574,571771,FF,96.1,2300,-1.17,1.07,0.5486265568945452,2.7973248074829593,0,0,2,6,Bot,571970,606192,518692,7,2,R,R,LAD,CIN,58,1
2025-10-01,663574,681624,SV,86.1,2048,0.8,-0.4,0.294819934465106,1.7768084547473832,0,2,1,6,Bot,571970,606192,518692,7,2,R,R,LAD,CIN,57,3
2025-10-01,663574,681624,SV,86.2,2136,0.8,-0.51,-0.0280873626444994,2.108019537175977,0,1,1,6,Bot,571970,606192,518692,7,2,R,R,LAD,CIN,57,2
2025-10-01,663574,681624,FF,96.5,2301,-0.93,1.12,0.3152636649905166,3.5473846219027063,0,0,1,6,Bot,571970,606192,518692,7,2,R,R,LAD,CIN,57,1
2025-10-01,663574,571970,FF,96.0,2287,-0.85,1.04,0.2931913096780476,4.079631321864934,1,0,1,6,Bot,,606192,518692,7,2,L,R,LAD,CIN,56,2
2025-10-01,663574,571970,SV,84.9,2159,0.72,-0.26,1.1828306807699869,2.057793909462185,0,0,1,6,Bot,,606192,518692,7,2,L,R,LAD,CIN,56,1
2025-10-01,607259,606192,SI,94.7,2349,-1.32,0.91,0.2079823578061042,1.8095959918560027,0,0,1,6,Bot,518692,605141,660271,5,2,R,R,LAD,CIN,55,1
2025-10-01,607259,605141,SI,94.3,2231,-1.04,1.21,-0.6515089236970557,2.73931011021567,0,1,1,6,Bot,660271,,666163,4,2,R,R,LAD,CIN,53,2
2025-10-01,607259,605141,SI,93.8,2241,-1.28,0.99,-0.8437299769913276,2.6919925680279313,0,0,1,6,Bot,660271,,666163,4,2,R,R,LAD,CIN,53,1
2025-10-01,607259,660271,CH,81.4,2188,-0.98,0.06,-0.2601099086160544,1.742792662523669,2,2,1,6,Bot,666163,,571771,3,2,L,R,LAD,CIN,52,7
2025-10-01,607259,660271,FC,88.8,2561,-0.04,0.18,0.6654449593744922,0.5931873725662404,1,2,1,6,Bot,666163,,571771,3,2,L,R,LAD,CIN,52,6
2025-10-01,607259,660271,FF,95.0,2419,-0.59,1.44,-1.256091332943693,4.339728215194613,0,2,1,6,Bot,666163,,571771,3,2,L,R,LAD,CIN,52,5
2025-10-01,607259,660271,CH,79.9,1737,-0.83,0.06,-0.5762877633031818,2.22231583370709,0,2,1,6,Bot,666163,,571771,3,2,L,R,LAD,CIN,52,4
2025-10-01,607259,660271,CH,80.7,1893,-0.74,0.27,0.0251637473295229,2.5438621959217977,0,2,1,6,Bot,666163,,571771,3,2,L,R,LAD,CIN,52,3
2025-10-01,607259,660271,FF,94.1,2367,-0.43,1.43,0.780672537166216,3.605516866459873,0,1,1,6,Bot,666163,,571771,3,2,L,R,LAD,CIN,52,2
2025-10-01,607259,660271,CH,81.0,1884,-0.76,0.52,-0.1942661633832264,3.2086602810269724,0,0,1,6,Bot,666163,,571771,3,2,L,R,LAD,CIN,52,1
2025-10-01,607259,666163,FC,90.5,2362,0.09,0.98,0.0139181343985735,2.7810955256425416,0,0,1,6,Bot,,571771,,3,2,L,R,LAD,CIN,51,1
2025-10-01,607259,500743,SI,93.5,2286,-1.34,1.07,-0.1999573280119195,2.205019477904262,1,0,0,6,Bot,571771,,,3,2,R,R,LAD,CIN,50,2
2025-10-01,607259,500743,FC,91.2,2352,0.1,1.09,1.021266195354189,2.6472784409016845,0,0,0,6,Bot,571771,,,3,2,R,R,LAD,CIN,50,1
2025-10-01,607259,571771,FC,91.1,2316,0.25,0.86,0.6476212025370407,2.510296037951046,2,1,0,6,Bot,,,,3,2,R,R,LAD,CIN,49,4
2025-10-01,607259,571771,SI,94.7,2176,-1.12,1.03,-1.7463919699493609,5.254773730443069,1,1,0,6,Bot,,,,3,2,R,R,LAD,CIN,49,3
2025-10-01,607259,571771,SI,94.6,2310,-1.13,1.08,-0.3072256189714895,3.140585239865058,1,0,0,6,Bot,,,,3,2,R,R,LAD,CIN,49,2
2025-10-01,607259,571771,CH,81.1,2169,-0.95,0.44,0.5200490731801748,3.644698850475765,0,0,0,6,Bot,,,,3,2,R,R,LAD,CIN,49,1
2025-10-01,808967,682829,CU,80.1,2963,1.17,-1.48,1.2555994891895987,1.2823758396113378,1,2,2,6,Top,669720,666158,668715,2,3,L,R,LAD,CIN,48,6
2025-10-01,808967,682829,FF,96.6,2286,-0.77,1.18,-0.1655344209705368,3.0004883970737235,1,2,2,6,Top,669720,666158,668715,2,3,L,R,LAD,CIN,48,5
2025-10-01,808967,682829,CU,79.6,2700,1.03,-1.21,0.4370623923473533,1.3792505841605216,1,2,2,6,Top,669720,666158,668715,2,3,L,R,LAD,CIN,48,4
2025-10-01,808967,682829,CU,78.9,2795,0.9,-1.4,0.2350552288831477,1.2687923955329987,1,1,2,6,Top,669720,666158,668715,2,3,L,R,LAD,CIN,48,3
2025-10-01,808967,682829,FF,96.5,2263,-0.52,1.24,1.0114815462197857,2.7395470408582216,0,1,2,6,Top,669720,666158,668715,2,3,L,R,LAD,CIN,48,2
2025-10-01,808967,682829,CU,79.0,2870,1.02,-1.3,0.2531347184207919,2.383261949186874,0,0,2,6,Top,669720,666158,668715,2,3,L,R,LAD,CIN,48,1
2025-10-01,808967,701398,CU,81.4,2825,0.98,-1.1,1.169140212136992,1.1347970049739815,1,2,1,6,Top,669720,666158,668715,2,3,R,R,LAD,CIN,47,4
2025-10-01,808967,701398,SL,86.8,2752,0.37,-0.15,0.5266875612037623,1.581410632950942,1,1,1,6,Top,669720,666158,668715,2,3,R,R,LAD,CIN,47,3
2025-10-01,808967,701398,FC,91.3,2532,0.21,0.4,0.520146372573735,1.0395423433981943,1,0,1,6,Top,669720,666158,668715,2,3,R,R,LAD,CIN,47,2
2025-10-01,808967,701398,SI,95.4,2334,-1.24,0.97,-1.3120234091903606,1.3958132096856168,0,0,1,6,Top,669720,666158,668715,2,3,R,R,LAD,CIN,47,1
2025-10-01,808967,669720,FC,91.5,2417,0.43,0.63,0.4600633813070215,2.8039889899678485,2,0,0,6,Top,666158,668715,670770,2,3,R,R,LAD,CIN,46,3
2025-10-01,808967,669720,SI,95.9,2055,-1.04,1.11,-1.0229951787805902,1.6398221106818944,1,0,0,6,Top,666158,668715,670770,2,3,R,R,LAD,CIN,46,2
2025-10-01,808967,669720,SL,85.9,2632,0.57,-0.14,-0.4974702333838602,1.5505969825037489,0,0,0,6,Top,666158,668715,670770,2,3,R,R,LAD,CIN,46,1
2025-10-01,808967,666158,CU,79.4,2764,1.02,-1.25,-0.1043103131576317,2.0917577742824056,1,0,0,6,Top,668715,670770,,2,3,L,R,LAD,CIN,45,2
2025-10-01,808967,666158,FF,96.1,2139,-0.65,1.28,-0.2077107600462424,3.9358890587879856,0,0,0,6,Top,668715,670770,,2,3,L,R,LAD,CIN,45,1
2025-10-01,808967,668715,FS,91.8,1560,-0.83,0.06,0.3363535948737264,1.610608899744908,0,2,0,6,Top,670770,,,2,3,R,R,LAD,CIN,44,3
2025-10-01,808967,668715,SI,95.5,2328,-1.34,0.78,-1.3152075582412512,2.4145349175763196,0,1,0,6,Top,670770,,,2,3,R,R,LAD,CIN,44,2
2025-10-01,808967,668715,FF,95.6,2214,-0.48,1.37,0.5553643329488887,2.7397376178086628,0,0,0,6,Top,670770,,,2,3,R,R,LAD,CIN,44,1
2025-10-01,808967,670770,CU,79.2,2890,1.18,-1.35,-0.1949657585904091,2.134968011053588,2,2,0,6,Top,,,,2,3,L,R,LAD,CIN,43,5
2025-10-01,808967,670770,CU,79.5,2870,1.24,-1.14,0.3482736928406864,1.2216956148133589,2,1,0,6,Top,,,,2,3,L,R,LAD,CIN,43,4
2025-10-01,808967,670770,FS,91.5,1326,-1.36,0.21,-1.0296833579438984,2.9891014798980655,1,1,0,6,Top,,,,2,3,L,R,LAD,CIN,43,3
2025-10-01,808967,670770,FF,95.9,2336,-0.69,1.47,-0.0970947381863712,1.8812308747825108,1,0,0,6,Top,,,,2,3,L,R,LAD,CIN,43,2
2025-10-01,808967,670770,FS,92.4,1676,-1.37,0.23,0.1416566791360149,1.0952449849101191,0,0,0,6,Top,,,,2,3,L,R,LAD,CIN,43,1
2025-10-01,666157,681624,CH,88.9,1771,1.33,0.31,0.6023171478235005,1.5533275077516646,1,1,2,5,Bot,571970,,,3,2,R,L,LAD,CIN,42,3
2025-10-01,666157,681624,FF,96.2,2202,1.27,0.77,-0.9875703281046296,3.2329009094606462,0,1,2,5,Bot,571970,,,3,2,R,L,LAD,CIN,42,2
2025-10-01,666157,681624,SI,94.4,2215,1.48,0.41,0.5545134510948158,2.3601405111185563,0,0,2,5,Bot,571970,,,3,2,R,L,LAD,CIN,42,1
2025-10-01,666157,571970,CU,81.1,2278,-0.54,-0.28,2.5828380992489013,2.78244513082998,0,0,2,5,Bot,,,,3,2,L,L,LAD,CIN,41,1
2025-10-01,666157,606192,CU,82.3,2289,-0.74,-0.11,0.4316561436802041,1.845033927954535,0,1,1,5,Bot,,,,3,2,R,L,LAD,CIN,40,2
2025-10-01,666157,606192,CU,82.1,2202,-0.66,-0.22,0.147461536096151,2.1382232611719254,0,0,1,5,Bot,,,,3,2,R,L,LAD,CIN,40,1
2025-10-01,666157,518692,SI,95.0,2272,1.52,0.26,1.089587675540067,2.89010393706822,0,1,0,5,Bot,,,,3,2,L,L,LAD,CIN,39,2
2025-10-01,666157,518692,FF,94.8,2222,1.25,0.81,-0.0507946222204822,2.8266821377620888,0,0,0,5,Bot,,,,3,2,L,L,LAD,CIN,39,1
2025-10-01,808967,680574,FF,96.8,2088,-0.51,1.22,-0.0982931223378591,2.9943817124190133,1,2,2,5,Top,,,,2,3,R,R,LAD,CIN,38,4
2025-10-01,808967,680574,CU,78.4,2749,1.18,-1.25,2.2267755792074304,1.2687477324468164,0,2,2,5,Top,,,,2,3,R,R,LAD,CIN,38,3
2025-10-01,808967,680574,FF,96.0,2342,-0.41,1.4,0.001405375510344,2.3573677924834064,0,1,2,5,Top,,,,2,3,R,R,LAD,CIN,38,2
2025-10-01,808967,680574,FF,96.1,2324,-0.44,1.35,0.4917897454039484,1.86390819351076,0,0,2,5,Top,,,,2,3,R,R,LAD,CIN,38,1
2025-10-01,808967,663647,FF,96.4,2223,-0.6,1.25,-0.1292147900663578,3.33680504571415,0,2,1,5,Top,,,,2,3,R,R,LAD,CIN,37,3
2025-10-01,808967,663647,FF,96.0,2199,-0.67,1.37,-0.8615209066186503,2.5272082155929128,0,1,1,5,Top,,,,2,3,R,R,LAD,CIN,37,2
2025-10-01,808967,663647,CU,79.8,3050,1.22,-1.16,0.6953739388897304,1.788709160064352,0,0,1,5,Top,,,,2,3,R,R,LAD,CIN,37,1
2025-10-01,808967,663886,CU,77.6,2860,1.03,-1.23,1.2092178788618968,1.6608297231824931,0,2,0,5,Top,,,,2,3,R,R,LAD,CIN,36,4
2025-10-01,808967,663886,FF,95.5,2299,-0.48,1.49,1.1966593166173007,3.0613521146708615,0,2,0,5,Top,,,,2,3,R,R,LAD,CIN,36,3
2025-10-01,808967,663886,FF,96.5,2362,-0.77,1.38,0.74412883368116,1.713744319054312,0,1,0,5,Top,,,,2,3,R,R,LAD,CIN,36,2
2025-10-01,808967,663886,FF,95.0,2229,-0.6,1.5,0.1025595693585127,2.0770918048423943,0,0,0,5,Top,,,,2,3,R,R,LAD,CIN,36,1
2025-10-01,666157,605141,CH,89.8,1895,1.32,0.38,0.6532826791796602,1.6682119393937105,2,1,2,4,Bot,666163,,500743,3,2,R,L,LAD,CIN,35,4
2025-10-01,666157,605141,CH,88.5,1881,1.38,0.42,1.2397866261329475,1.45891341491693,1,1,2,4,Bot,666163,,500743,3,2,R,L,LAD,CIN,35,3
2025-10-01,666157,605141,SI,95.7,2308,1.42,0.49,0.7543734786910501,3.089126382208832,1,0,2,4,Bot,666163,,500743,3,2,R,L,LAD,CIN,35,2
2025-10-01,666157,605141,CU,82.4,2270,-0.4,-0.55,2.1456751570689097,2.621253396179305,0,0,2,4,Bot,666163,,500743,3,2,R,L,LAD,CIN,35,1
2025-10-01,666157,660271,CU,81.9,2314,-0.57,0.02,1.3006495239791185,2.728577538717735,0,0,1,4,Bot,666163,500743,,3,2,L,L,LAD,CIN,34,1
2025-10-01,666157,666163,FF,95.1,2234,1.41,0.93,0.2806778564314063,2.5725982611765583,0,0,1,4,Bot,500743,,,3,2,L,L,LAD,CIN,33,1
2025-10-01,641793,500743,FS,82.9,758,-0.83,0.28,-0.6786198543811244,3.1326286533792747,1,2,1,4,Bot,,571771,,2,2,R,R,LAD,CIN,32,4
2025-10-01,641793,500743,SL,86.7,2324,0.34,0.55,0.583559866868782,2.2526306510765717,1,1,1,4,Bot,,571771,,2,2,R,R,LAD,CIN,32,3
2025-10-01,641793,500743,SI,91.3,2021,-1.18,1.14,-1.3352898544529732,2.8367659386517614,0,1,1,4,Bot,,571771,,2,2,R,R,LAD,CIN,32,2
2025-10-01,641793,500743,ST,78.3,2174,1.08,-0.44,-0.5753272420070199,3.024252540261855,0,0,1,4,Bot,,571771,,2,2,R,R,LAD,CIN,32,1
2025-10-01,641793,571771,FF,91.0,2053,-0.4,1.54,0.5365223900397965,3.2631836647728196,1,2,1,4,Bot,571970,,,1,2,R,R,LAD,CIN,31,4
2025-10-01,641793,571771,SI,91.3,1956,-1.24,0.89,0.6873899115816233,2.9802112723693326,1,1,1,4,Bot,571970,,,1,2,R,R,LAD,CIN,31,3
2025-10-01,641793,571771,SL,87.6,2290,0.07,0.66,0.5199818648847575,0.9642042811051116,0,1,1,4,Bot,571970,,,1,2,R,R,LAD,CIN,31,2
2025-10-01,641793,571771,SL,85.3,2245,0.16,0.61,0.2321096053158452,1.2475072976172474,0,0,1,4,Bot,571970,,,1,2,R,R,LAD,CIN,31,1
2025-10-01,641793,681624,SL,87.5,2119,0.03,0.42,-0.4590719528477214,2.123355803156192,3,2,0,4,Bot,571970,,,1,2,R,R,LAD,CIN,30,6
2025-10-01,641793,681624,FF,91.2,1933,-0.57,1.38,-0.213165722194391,3.643928301064437,3,1,0,4,Bot,571970,,,1,2,R,R,LAD,CIN,30,5
2025-10-01,641793,681624,SL,87.6,2195,-0.21,0.64,-1.0697139916258314,2.893611729711172,2,1,0,4,Bot,571970,,,1,2,R,R,LAD,CIN,30,4
2025-10-01,641793,681624,SI,91.4,1971,-1.26,1.02,0.3258947685583588,0.6536824055005632,1,1,0,4,Bot,571970,,,1,2,R,R,LAD,CIN,30,3
2025-10-01,641793,681624,SI,92.5,1996,-1.31,0.92,-0.9468833506207424,2.2331835812138214,1,0,0,4,Bot,571970,,,1,2,R,R,LAD,CIN,30,2
2025-10-01,641793,681624,SI,90.1,1885,-1.35,0.84,-1.3469124946497215,2.6086079406018254,0,0,0,4,Bot,571970,,,1,2,R,R,LAD,CIN,30,1
2025-10-01,641793,571970,FS,84.2,1249,-1.08,0.02,-0.3060927023317554,1.6745933694415949,0,1,0,4,Bot,,,,1,2,L,R,LAD,CIN,29,2
2025-10-01,641793,571970,ST,78.0,2115,0.87,-0.49,-0.7333743435430004,2.2208261611905127,0,0,0,4,Bot,,,,1,2,L,R,LAD,CIN,29,1
2025-10-01,808967,682829,CU,79.4,2997,1.22,-1.27,-0.104652940357611,1.6224252467036768,1,2,2,4,Top,,,,2,1,L,R,LAD,CIN,28,4
2025-10-01,808967,682829,CU,77.7,2885,1.04,-1.34,0.0613815113619521,2.384655951679391,1,1,2,4,Top,,,,2,1,L,R,LAD,CIN,28,3
2025-10-01,808967,682829,FF,95.4,2103,-0.59,1.22,-0.8588522900971491,3.1328346699766145,0,1,2,4,Top,,,,2,1,L,R,LAD,CIN,28,2
2025-10-01,808967,682829,FF,96.0,2267,-0.56,1.5,-0.5115160192000715,2.3590497346107235,0,0,2,4,Top,,,,2,1,L,R,LAD,CIN,28,1
2025-10-01,808967,701398,SI,94.5,2340,-1.28,0.98,-0.9885659761872668,3.4011935237407616,0,1,1,4,Top,,,,2,1,R,R,LAD,CIN,27,2
2025-10-01,808967,701398,FF,96.2,2386,-0.66,1.59,0.7973653634671733,1.6941171741496324,0,0,1,4,Top,,,,2,1,R,R,LAD,CIN,27,1
2025-10-01,808967,669720,SI,95.6,2367,-1.07,1.17,-0.1948911893758282,2.174712128906088,0,1,0,4,Top,,,,2,1,R,R,LAD,CIN,26,2
2025-10-01,808967,669720,FC,92.7,2578,0.26,0.87,0.8206336118877924,1.4203608126122078,0,0,0,4,Top,,,,2,1,R,R,LAD,CIN,26,1
2025-10-01,641793,606192,SI,93.0,1998,-1.07,1.06,-0.1067938380139398,2.772880006649559,0,1,2,3,Bot,,605141,,1,2,R,R,LAD,CIN,25,2
2025-10-01,641793,606192,FF,93.4,2107,-0.88,1.32,-0.2315198145314262,1.8060394762207108,0,0,2,3,Bot,,605141,,1,2,R,R,LAD,CIN,25,1
2025-10-01,641793,518692,SL,87.3,2319,0.2,0.95,1.174079552860611,2.7594261813440326,0,2,1,3,Bot,605141,,,1,2,L,R,LAD,CIN,24,4
2025-10-01,641793,518692,SI,92.6,1987,-1.32,0.85,-0.5038369061916357,3.2567161418231283,0,2,1,3,Bot,605141,,,1,2,L,R,LAD,CIN,24,3
2025-10-01,641793,518692,FF,92.0,1963,-0.52,1.44,-0.5484066401375682,3.308912205605737,0,1,1,3,Bot,605141,,,1,2,L,R,LAD,CIN,24,2
2025-10-01,641793,518692,FF,92.1,1947,-0.44,1.37,0.2600385928610242,2.733318247667623,0,0,1,3,Bot,605141,,,1,2,L,R,LAD,CIN,24,1
2025-10-01,641793,605141,SL,86.9,2237,0.37,0.52,-0.1542905957173729,2.4497878605806234,0,1,1,3,Bot,,,666163,0,2,R,R,LAD,CIN,23,2
2025-10-01,641793,605141,FF,93.5,2101,-0.76,1.31,0.4248574216689598,2.669294665229391,0,0,1,3,Bot,,,666163,0,2,R,R,LAD,CIN,23,1
2025-10-01,641793,660271,FS,84.8,1097,-1.37,-0.42,-0.7513599325190673,2.3937794577793445,0,0,0,3,Bot,,666163,,0,2,L,R,LAD,CIN,22,1
2025-10-01,641793,666163,FF,92.8,2119,-0.78,1.38,-0.5037893711276122,3.724174137551832,0,2,0,3,Bot,,,,0,2,L,R,LAD,CIN,21,3
2025-10-01,641793,666163,FF,91.0,2088,-0.78,1.39,0.1842372208241712,2.1998810522115684,0,1,0,3,Bot,,,,0,2,L,R,LAD,CIN,21,2
2025-10-01,641793,666163,FF,91.9,2021,-0.69,1.37,-0.7356613478382406,2.73655157379363,0,0,0,3,Bot,,,,0,2,L,R,LAD,CIN,21,1
2025-10-01,808967,666158,FF,97.3,2354,-0.73,1.39,0.19091532182877,2.1040210786100615,1,1,2,3,Top,,,,2,0,L,R,LAD,CIN,20,3
2025-10-01,808967,666158,FS,93.7,1588,-1.18,0.35,-0.282949011877716,1.0038336679229716,0,1,2,3,Top,,,,2,0,L,R,LAD,CIN,20,2
2025-10-01,808967,666158,FF,96.0,2335,-0.52,1.42,-0.4057293440288477,1.7064241871193415,0,0,2,3,Top,,,,2,0,L,R,LAD,CIN,20,1
2025-10-01,808967,668715,FF,97.2,2308,-0.63,1.26,0.1301151387163189,2.525324241841825,2,2,1,3,Top,,,,2,0,R,R,LAD,CIN,19,7
2025-10-01,808967,668715,FF,96.7,2324,-0.56,1.37,-0.4550526791107212,1.3951036052942358,1,2,1,3,Top,,,,2,0,R,R,LAD,CIN,19,6
2025-10-01,808967,668715,CU,79.5,2834,1.12,-1.19,-0.1090710545054527,2.66721705011987,1,2,1,3,Top,,,,2,0,R,R,LAD,CIN,19,5
2025-10-01,808967,668715,FF,95.9,2364,-0.73,1.23,1.0310738328404945,3.0412398110416845,1,2,1,3,Top,,,,2,0,R,R,LAD,CIN,19,4
2025-10-01,808967,668715,CU,79.2,3059,1.06,-1.18,1.2664815185234133,1.851386186731676,0,2,1,3,Top,,,,2,0,R,R,LAD,CIN,19,3
2025-10-01,808967,668715,FF,95.7,2376,-0.66,1.16,0.7011394610900498,1.667036526562274,0,1,1,3,Top,,,,2,0,R,R,LAD,CIN,19,2
2025-10-01,808967,668715,SI,94.3,2301,-0.97,1.24,-0.1913135874198944,2.3614406383013335,0,0,1,3,Top,,,,2,0,R,R,LAD,CIN,19,1
2025-10-01,808967,670770,FF,95.1,2386,-0.62,1.44,0.3090824771501735,2.5526428041653624,0,1,0,3,Top,,,,2,0,L,R,LAD,CIN,18,2
2025-10-01,808967,670770,FF,95.9,2320,-0.78,1.4,-0.8377445619418885,1.69101415030245,0,0,0,3,Top,,,,2,0,L,R,LAD,CIN,18,1
2025-10-01,641793,500743,FF,92.3,1977,-0.79,1.27,0.0879166615166654,2.6021332960678487,1,2,2,2,Bot,,681624,,0,2,R,R,LAD,CIN,17,4
2025-10-01,641793,500743,FF,92.6,1979,-0.79,1.15,0.4562566842526682,3.5976407305564453,0,2,2,2,Bot,,681624,,0,2,R,R,LAD,CIN,17,3
2025-10-01,641793,500743,SI,93.0,2069,-1.3,1.05,-0.3793369761536805,2.326112138604895,0,1,2,2,Bot,,681624,,0,2,R,R,LAD,CIN,17,2
2025-10-01,641793,500743,SI,93.3,1984,-1.27,0.95,-0.1676665032558228,1.7286489493601145,0,0,2,2,Bot,,681624,,0,2,R,R,LAD,CIN,17,1
2025-10-01,641793,571771,SI,92.3,2067,-1.31,0.9,-0.0546737639273469,1.9042133417359837,0,0,1,2,Bot,681624,,,0,2,R,R,LAD,CIN,16,1
2025-10-01,641793,681624,SI,92.3,1960,-1.14,0.96,-1.311180343853097,3.394350767109718,0,1,1,2,Bot,,,,0,2,R,R,LAD,CIN,15,2
2025-10-01,641793,681624,SL,86.3,2131,0.37,0.5,0.4537294065914984,3.3261962942016567,0,0,1,2,Bot,,,,0,2,R,R,LAD,CIN,15,1
2025-10-01,641793,571970,SL,87.7,2246,-0.18,0.78,-0.6304861122240194,2.2229521097137512,2,1,0,2,Bot,,,,0,2,L,R,LAD,CIN,14,4
2025-10-01,641793,571970,FS,85.0,1171,-1.13,-0.37,-1.4768869320712346,1.0604558311462928,1,1,0,2,Bot,,,,0,2,L,R,LAD,CIN,14,3
2025-10-01,641793,571970,SL,87.1,2220,-0.14,0.8,0.2856148509364197,2.11128759131878,1,0,0,2,Bot,,,,0,2,L,R,LAD,CIN,14,2
2025-10-01,641793,571970,FF,91.2,1974,-0.47,1.26,-0.9222305509512418,2.688838730376343,0,0,0,2,Bot,,,,0,2,L,R,LAD,CIN,14,1
2025-10-01,808967,680574,SI,95.6,2425,-1.06,1.15,-0.7551589804385644,3.115957137677257,2,2,2,2,Top,,,,2,0,R,R,LAD,CIN,13,5
2025-10-01,808967,680574,FS,92.6,1722,-1.24,0.11,-0.9513651283017286,1.193678150992135,1,2,2,2,Top,,,,2,0,R,R,LAD,CIN,13,4
2025-10-01,808967,680574,FF,95.2,2341,-0.45,1.34,0.2845061707627149,3.924183752101267,0,2,2,2,Top,,,,2,0,R,R,LAD,CIN,13,3
2025-10-01,808967,680574,SI,95.1,2453,-0.98,1.13,-0.8904397581415874,2.962549182540972,0,1,2,2,Top,,,,2,0,R,R,LAD,CIN,13,2
2025-10-01,808967,680574,CU,77.9,2759,0.98,-1.15,-0.345686620093709,2.256685983193621,0,0,2,2,Top,,,,2,0,R,R,LAD,CIN,13,1
2025-10-01,808967,663647,FF,96.4,2385,-0.75,1.33,-0.7499416184884773,2.4093771309710963,3,2,1,2,Top,,,,2,0,R,R,LAD,CIN,12,6
2025-10-01,808967,663647,FF,96.8,2396,-0.8,1.31,-0.5926156684586578,1.2268432292025913,2,2,1,2,Top,,,,2,0,R,R,LAD,CIN,12,5
2025-10-01,808967,663647,CU,78.4,2967,1.1,-1.51,0.7220598119106346,0.9445629117271848,1,2,1,2,Top,,,,2,0,R,R,LAD,CIN,12,4
2025-10-01,808967,663647,FF,95.7,2376,-0.58,1.42,-0.3780937692790185,2.0816647023758597,1,1,1,2,Top,,,,2,0,R,R,LAD,CIN,12,3
2025-10-01,808967,663647,FF,96.5,2443,-0.66,1.35,0.4217589951723748,2.647672188823433,1,0,1,2,Top,,,,2,0,R,R,LAD,CIN,12,2
2025-10-01,808967,663647,FF,95.9,2372,-0.48,1.38,0.9546516724533948,1.6828910570439486,0,0,1,2,Top,,,,2,0,R,R,LAD,CIN,12,1
2025-10-01,808967,663886,FF,96.0,2340,-0.5,1.35,0.7152768181262311,3.4695066116590736,1,2,0,2,Top,,,,2,0,R,R,LAD,CIN,11,4
2025-10-01,808967,663886,FS,92.6,1819,-1.23,0.48,1.1488941370658756,0.895738115533196,0,2,0,2,Top,,,,2,0,R,R,LAD,CIN,11,3
2025-10-01,808967,663886,FF,96.8,2538,-0.78,1.33,0.425932626109306,1.6145968511108413,0,1,0,2,Top,,,,2,0,R,R,LAD,CIN,11,2
2025-10-01,808967,663886,SI,94.5,2418,-1.14,0.97,-0.9733046183950986,2.4257246569059454,0,0,0,2,Top,,,,2,0,R,R,LAD,CIN,11,1
2025-10-01,641793,606192,SL,88.0,2179,0.17,0.59,-0.1547243772778573,2.69199139493948,1,0,2,1,Bot,,605141,,0,2,R,R,LAD,CIN,10,2
2025-10-01,641793,606192,SI,93.5,2020,-1.13,1.0,0.3582442552327953,3.474630976955472,0,0,2,1,Bot,,605141,,0,2,R,R,LAD,CIN,10,1
2025-10-01,641793,518692,SL,87.4,2067,0.49,0.56,-0.1333224522934472,2.9975683161306206,0,2,1,1,Bot,,605141,,0,2,L,R,LAD,CIN,9,4
2025-10-01,641793,518692,FF,92.8,2115,-0.63,1.39,0.2676791437583062,3.961505539613028,0,2,1,1,Bot,,605141,,0,2,L,R,LAD,CIN,9,3
2025-10-01,641793,518692,SL,86.9,2275,0.21,0.6,-0.0232325602956651,2.79697573769233,0,1,1,1,Bot,,605141,,0,2,L,R,LAD,CIN,9,2
2025-10-01,641793,518692,FF,93.2,2186,-0.85,1.24,-0.152093850043501,2.061739170093996,0,0,1,1,Bot,,605141,,0,2,L,R,LAD,CIN,9,1
2025-10-01,641793,605141,FS,84.6,1229,-0.96,-0.3,-0.3529407562338325,1.8901346705735649,0,2,1,1,Bot,,,,0,2,R,R,LAD,CIN,8,3
2025-10-01,641793,605141,ST,79.5,2275,0.79,-0.27,-0.0982306207811102,2.4595405727025983,0,1,1,1,Bot,,,,0,2,R,R,LAD,CIN,8,2
2025-10-01,641793,605141,FF,92.8,2155,-0.87,1.41,0.2745801642481097,2.639671202828545,0,0,1,1,Bot,,,,0,2,R,R,LAD,CIN,8,1
2025-10-01,641793,660271,FS,85.6,1381,-0.82,0.14,-0.4390874369685671,2.755404589122383,1,2,0,1,Bot,,,,0,2,L,R,LAD,CIN,7,4
2025-10-01,641793,660271,FS,85.4,1485,-0.97,-0.04,-0.1189551026105606,1.0926130890247174,1,1,0,1,Bot,,,,0,2,L,R,LAD,CIN,7,3
2025-10-01,641793,660271,SL,88.3,2267,0.15,1.1,-0.2462105344973256,2.7914683250036294,1,0,0,1,Bot,,,,0,2,L,R,LAD,CIN,7,2
2025-10-01,641793,660271,SI,91.8,1960,-1.14,1.03,-0.8791582790419165,2.8813346564361524,0,0,0,1,Bot,,,,0,2,L,R,LAD,CIN,7,1
2025-10-01,808967,682829,CU,78.8,2729,1.04,-1.23,-0.3510780702941123,2.2415955322699563,3,2,2,1,Top,,701398,,2,0,L,R,LAD,CIN,6,6
2025-10-01,808967,682829,FS,91.6,1588,-1.16,-0.1,-0.2089558584208279,0.4753888030621875,2,2,2,1,Top,,701398,,2,0,L,R,LAD,CIN,6,5
2025-10-01,808967,682829,CU,76.7,2842,0.94,-1.67,0.4341336273415263,0.5609019977195464,1,2,2,1,Top,,701398,,2,0,L,R,LAD,CIN,6,4
2025-10-01,808967,682829,CU,78.9,2873,1.03,-1.47,0.4637113060140788,1.0738178254827364,1,1,2,1,Top,701398,,,2,0,L,R,LAD,CIN,6,3
2025-10-01,808967,682829,FF,95.6,2123,-0.79,1.44,-1.137730962980429,3.4739851676429163,0,1,2,1,Top,701398,,,2,0,L,R,LAD,CIN,6,2
2025-10-01,808967,682829,CU,76.3,2691,1.05,-1.22,-0.5547250775897525,2.2329025821884274,0,0,2,1,Top,701398,,,2,0,L,R,LAD,CIN,6,1
2025-10-01,808967,701398,FS,92.3,1562,-0.78,0.21,0.3623344956727873,1.5376056098358766,2,2,2,1,Top,,669720,666158,0,0,R,R,LAD,CIN,5,6
2025-10-01,808967,701398,FS,93.6,1516,-1.31,0.12,-0.5948743561804781,0.7164739909530087,1,2,2,1,Top,,669720,666158,0,0,R,R,LAD,CIN,5,5
2025-10-01,808967,701398,FF,97.4,2283,-0.55,1.42,-0.2111296763297677,3.1542652195888805,1,2,2,1,Top,,669720,666158,0,0,R,R,LAD,CIN,5,4
2025-10-01,808967,701398,FS,92.9,1608,-0.72,0.17,0.3602949906381611,0.8044740968490358,0,2,2,1,Top,,669720,666158,0,0,R,R,LAD,CIN,5,3
2025-10-01,808967,701398,CU,78.4,2917,1.04,-1.36,0.0875216418704816,2.2415305993603587,0,1,2,1,Top,,669720,666158,0,0,R,R,LAD,CIN,5,2
2025-10-01,808967,701398,FC,92.1,2450,0.3,0.7,-0.4803352482023539,3.097491044526583,0,0,2,1,Top,,669720,666158,0,0,R,R,LAD,CIN,5,1
2025-10-01,808967,669720,SL,87.2,2875,0.53,0.3,0.3397961521632087,1.9453247081184528,0,1,2,1,Top,666158,,,0,0,R,R,LAD,CIN,4,2
2025-10-01,808967,669720,FF,95.1,2352,-0.67,1.39,-0.8789631146627059,2.626497355328913,0,0,2,1,Top,666158,,,0,0,R,R,LAD,CIN,4,1
2025-10-01,808967,666158,FF,96.4,2296,-0.71,1.35,0.8038485907496649,2.2636516727153047,2,2,1,1,Top,668715,,,0,0,L,R,LAD,CIN,3,6
2025-10-01,808967,666158,FS,92.3,1677,-1.48,0.49,-0.0983396798187066,0.0272336746602199,1,2,1,1,Top,668715,,,0,0,L,R,LAD,CIN,3,5
2025-10-01,808967,666158,CU,78.6,2754,0.85,-1.24,-0.2375971622824719,1.396816442061282,1,2,1,1,Top,668715,,,0,0,L,R,LAD,CIN,3,4
2025-10-01,808967,666158,FS,90.6,1442,-0.62,0.18,0.6573893382868153,0.7829379219837813,1,1,1,1,Top,668715,,,0,0,L,R,LAD,CIN,3,3
2025-10-01,808967,666158,FC,91.0,2481,0.17,0.78,-0.2287312253655696,3.194737656159976,1,0,1,1,Top,668715,,,0,0,L,R,LAD,CIN,3,2
2025-10-01,808967,666158,FF,94.8,2153,-0.64,1.42,-0.855497950976507,2.5620888446995287,0,0,1,1,Top,668715,,,0,0,L,R,LAD,CIN,3,1
2025-10-01,808967,668715,CU,77.5,2602,1.03,-1.33,-1.2586257441168829,3.410580698811942,0,0,1,1,Top,,,,0,0,R,R,LAD,CIN,2,1
2025-10-01,808967,670770,FS,91.3,1298,-0.62,0.14,-0.5843311322857399,2.9649473252901832,2,2,0,1,Top,,,,0,0,L,R,LAD,CIN,1,5
2025-10-01,808967,670770,FS,92.8,1378,-1.14,-0.01,-1.1837239728543445,1.2470003107747307,1,2,0,1,Top,,,,0,0,L,R,LAD,CIN,1,4
2025-10-01,808967,670770,FS,91.7,1393,-1.13,-0.33,-0.4116864410658889,1.515613953134113,1,1,0,1,Top,,,,0,0,L,R,LAD,CIN,1,3
2025-10-01,808967,670770,CU,77.9,2862,1.01,-1.42,0.5003125805413353,0.8751434295563856,0,1,0,1,Top,,,,0,0,L,R,LAD,CIN,1,2
2025-10-01,808967,670770,CU,76.7,2817,1.1,-1.25,-0.0671919838691792,2.356743857901616,0,0,0,1,Top,,,,0,0,L,R,LAD,CIN,1,1
2025-10-01,663158,673548,FF,100.2,2454,-0.66,1.24,0.2515855849538406,2.3696437519785816,3,2,1,9,Bot,663656,,,0,3,R,R,CHC,SD,69,8
2025-10-01,663158,673548,CH,90.9,1907,-1.49,0.52,0.4474634299924203,0.2950697169988425,2,2,1,9,Bot,663656,,,0,3,R,R,CHC,SD,69,7
2025-10-01,663158,673548,FF,99.5,2425,-0.39,1.42,1.1084419261757472,3.868876203645989,1,2,1,9,Bot,663656,,,0,3,R,R,CHC,SD,69,6
2025-10-01,663158,673548,FF,100.4,2449,-0.56,1.48,-0.4415782161722994,2.69280555996644,1,2,1,9,Bot,663656,,,0,3,R,R,CHC,SD,69,5
2025-10-01,663158,673548,SI,99.7,2524,-1.13,1.4,-0.3619105183243756,3.04552322978241,1,2,1,9,Bot,663656,,,0,3,R,R,CHC,SD,69,4
2025-10-01,663158,673548,FF,100.1,2527,-0.72,1.45,0.241526366616819,3.895604362778921,0,2,1,9,Bot,663656,,,0,3,R,R,CHC,SD,69,3
2025-10-01,663158,673548,FF,101.0,2514,-0.92,1.42,-0.1044264803931529,3.667236323650598,0,1,1,9,Bot,663656,,,0,3,R,R,CHC,SD,69,2
2025-10-01,663158,673548,FF,100.3,2479,-0.89,1.5,0.3061949828818128,2.385272690370683,0,0,1,9,Bot,663656,,,0,3,R,R,CHC,SD,69,1
2025-10-01,663158,663656,FF,99.1,2532,-0.39,1.49,-0.2295149195080411,2.547583231993001,1,1,1,9,Bot,,,,0,3,L,R,CHC,SD,68,3
2025-10-01,663158,663656,CH,90.7,1859,-1.33,0.59,-0.7465222068779698,2.906915481180774,1,0,1,9,Bot,,,,0,3,L,R,CHC,SD,68,2
2025-10-01,663158,663656,CH,90.1,1749,-1.37,0.53,0.8524915603114618,0.5451922091534311,0,0,1,9,Bot,,,,0,3,L,R,CHC,SD,68,1
2025-10-01,663158,664023,FF,98.9,2526,-0.67,1.24,-0.416424796891898,2.610810065479397,2,1,0,9,Bot,,,,0,3,L,R,CHC,SD,67,4
2025-10-01,663158,664023,FF,99.8,2523,-0.65,1.27,-0.0284797352549494,2.3831572528308698,2,0,0,9,Bot,,,,0,3,L,R,CHC,SD,67,3
2025-10-01,663158,664023,FF,99.4,2477,-0.67,1.28,0.1320450401205084,1.4728404999373237,1,0,0,9,Bot,,,,0,3,L,R,CHC,SD,67,2
2025-10-01,663158,664023,FF,98.6,2404,-0.52,1.26,0.929919877513528,2.013167193427744,0,0,0,9,Bot,,,,0,3,L,R,CHC,SD,67,1
2025-10-01,647336,665487,FF,96.3,2396,-1.29,0.94,0.1095690509477036,2.291353182907481,0,0,2,9,Top,,,,3,0,R,R,CHC,SD,66,1
2025-10-01,647336,666023,SI,95.1,2411,-1.41,0.84,-0.649888801213609,2.6245080850794236,2,2,1,9,Top,,,,3,0,R,R,CHC,SD,65,5
2025-10-01,647336,666023,SV,81.2,3037,0.82,-1.28,2.131599329961232,-0.9666121743845522,1,2,1,9,Top,,,,3,0,R,R,CHC,SD,65,4
2025-10-01,647336,666023,SV,83.1,3070,0.69,-0.84,1.5393650227007898,1.8931072025433984,0,2,1,9,Top,,,,3,0,R,R,CHC,SD,65,3
2025-10-01,647336,666023,SV,80.0,2968,0.84,-1.06,-0.8883916195965207,2.6855539436434173,0,1,1,9,Top,,,,3,0,R,R,CHC,SD,65,2
2025-10-01,647336,666023,FF,95.5,2624,-0.62,1.19,0.2111373040458734,1.8134523408872296,0,0,1,9,Top,,,,3,0,R,R,CHC,SD,65,1
2025-10-01,573124,630105,SI,91.3,2122,1.45,0.76,-0.1634000432946911,1.9974516252483472,2,0,0,9,Top,,,,3,0,L,L,CHC,SD,64,3
2025-10-01,573124,630105,SI,91.0,2130,1.29,0.82,0.914866435282882,3.375614778561382,1,0,0,9,Top,,,,3,0,L,L,CHC,SD,64,2
2025-10-01,573124,630105,SI,91.3,1997,1.43,0.59,1.3677713633505342,2.1295195365275843,0,0,0,9,Top,,,,3,0,L,L,CHC,SD,64,1
2025-10-01,663158,663538,FF,98.5,2316,-0.34,1.26,0.544288942609939,3.0755862583974234,1,1,2,8,Bot,683737,,,0,3,R,R,CHC,SD,63,3
2025-10-01,663158,663538,SI,97.4,2269,-1.17,1.06,-0.2081208280332505,0.7607812105430244,0,1,2,8,Bot,683737,,,0,3,R,R,CHC,SD,63,2
2025-10-01,663158,663538,SI,97.2,2434,-1.32,1.29,-0.6795313911200813,3.136674886681309,0,0,2,8,Bot,683737,,,0,3,R,R,CHC,SD,63,1
2025-10-01,695243,683737,SL,88.7,2526,1.03,0.07,2.1857035656079096,1.3387665200210304,1,0,2,8,Bot,,,,0,3,L,R,CHC,SD,62,2
2025-10-01,695243,683737,FF,102.5,2561,-0.61,1.44,1.4008239646492977,2.356558823520383,0,0,2,8,Bot,,,,0,3,L,R,CHC,SD,62,1
2025-10-01,695243,694208,SL,89.6,2517,1.01,0.02,0.9402960307309248,2.7093267267736043,1,2,1,8,Bot,,,,0,3,L,R,CHC,SD,61,4
2025-10-01,695243,694208,FF,102.6,2529,-0.68,1.47,0.2556408543422257,3.7646007423000465,1,1,1,8,Bot,,,,0,3,L,R,CHC,SD,61,3
2025-10-01,695243,694208,SL,88.0,2366,0.47,-0.44,-0.7408079406070633,3.413002285784201,1,0,1,8,Bot,,,,0,3,L,R,CHC,SD,61,2
2025-10-01,695243,694208,SL,87.8,2382,0.54,-0.25,0.2684140949896316,0.1510704015343296,0,0,1,8,Bot,,,,0,3,L,R,CHC,SD,61,1
2025-10-01,695243,621020,FF,103.3,2534,-0.66,1.31,0.2695074722435208,3.2724257543384243,2,2,0,8,Bot,,,,0,3,R,R,CHC,SD,60,6
2025-10-01,695243,621020,SL,90.1,2501,0.99,0.17,0.6138721989608993,2.217101457256743,2,2,0,8,Bot,,,,0,3,R,R,CHC,SD,60,5
2025-10-01,695243,621020,SL,89.1,2412,1.09,0.09,-1.0754603697969114,4.138057840448141,1,2,0,8,Bot,,,,0,3,R,R,CHC,SD,60,4
2025-10-01,695243,621020,FF,103.2,2410,-0.52,1.35,0.1060041687574364,3.364225428535397,1,1,0,8,Bot,,,,0,3,R,R,CHC,SD,60,3
2025-10-01,695243,621020,SL,89.4,2626,0.73,-0.38,-0.1584680907414439,2.376038644951043,1,0,0,8,Bot,,,,0,3,R,R,CHC,SD,60,2
2025-10-01,695243,621020,SL,87.4,2519,0.52,-0.33,-1.8825056389996075,3.3834283815740926,0,0,0,8,Bot,,,,0,3,R,R,CHC,SD,60,1
2025-10-01,573124,669369,ST,78.9,2828,-1.37,-0.26,-0.4560671277012715,1.830289324091615,1,2,2,8,Top,,,,3,0,R,L,CHC,SD,59,4
2025-10-01,573124,669369,ST,77.4,2818,-1.34,0.29,0.4890116351800306,3.009650328533148,1,1,2,8,Top,,,,3,0,R,L,CHC,SD,59,3
2025-10-01,573124,669369,ST,77.3,2706,-1.19,-0.05,-0.0459659859070259,2.882395752186268,1,0,2,8,Top,,,,3,0,R,L,CHC,SD,59,2
2025-10-01,573124,669369,ST,76.3,2700,-1.35,0.14,0.1109196056479326,3.8463809250603487,0,0,2,8,Top,,,,3,0,R,L,CHC,SD,59,1
2025-10-01,573124,656811,ST,78.5,2764,-1.45,-0.13,-0.6362471791103914,2.3873121395373857,2,2,1,8,Top,,,,3,0,L,L,CHC,SD,58,6
2025-10-01,573124,656811,ST,77.5,2807,-1.2,-0.01,0.7561417859516568,3.087575731917157,2,2,1,8,Top,,,,3,0,L,L,CHC,SD,58,5
2025-10-01,573124,656811,SI,92.1,2026,1.47,0.81,-0.2878554145225309,2.099537726714809,2,1,1,8,Top,,,,3,0,L,L,CHC,SD,58,4
2025-10-01,573124,656811,ST,76.1,2563,-1.37,0.03,0.8706362133044174,3.9172673821147743,1,1,1,8,Top,,,,3,0,L,L,CHC,SD,58,3
2025-10-01,573124,656811,SI,91.4,2081,1.48,0.66,0.32463009847536,2.5091130970551028,1,0,1,8,Top,,,,3,0,L,L,CHC,SD,58,2
2025-10-01,573124,656811,SI,90.7,2012,1.31,0.68,1.080336174062639,3.1383735054236572,0,0,1,8,Top,,,,3,0,L,L,CHC,SD,58,1
2025-10-01,607067,593428,FF,95.6,2199,-0.85,0.87,0.7040667046323069,2.801657006277489,0,1,0,8,Top,,,,3,0,R,R,CHC,SD,57,2
2025-10-01,607067,593428,FF,95.2,2222,-0.69,1.23,0.872710471013274,1.929009380766258,0,0,0,8,Top,,,,3,0,R,R,CHC,SD,57,1
2025-10-01,695243,691718,SL,90.5,2455,0.77,-0.14,0.4548842478319035,3.1285815236830192,3,2,2,7,Bot,,,,0,3,L,R,CHC,SD,56,6
2025-10-01,695243,691718,SL,89.3,2419,0.79,-0.17,-0.0277778675031945,2.5252003619510086,3,1,2,7,Bot,,,,0,3,L,R,CHC,SD,56,5
2025-10-01,695243,691718,FF,102.7,2467,-0.54,1.19,-0.7693575711500228,4.646761222945961,2,1,2,7,Bot,,,,0,3,L,R,CHC,SD,56,4
2025-10-01,695243,691718,FF,102.9,2402,-0.44,1.45,1.1435939409449016,1.732989826594247,1,1,2,7,Bot,,,,0,3,L,R,CHC,SD,56,3
2025-10-01,695243,691718,FF,103.2,2354,-0.64,1.2,-0.3397812098253255,3.205138076766219,1,0,2,7,Bot,,,,0,3,L,R,CHC,SD,56,2
2025-10-01,695243,691718,SL,88.6,2335,0.75,-0.01,-1.5951462086663324,2.014922281838681,0,0,2,7,Bot,,,,0,3,L,R,CHC,SD,56,1
2025-10-01,695243,608348,FF,104.5,2407,-0.61,1.35,0.7020968153962498,1.714704162866879,0,2,1,7,Bot,,,,0,3,R,R,CHC,SD,55,3
2025-10-01,695243,608348,FF,102.8,2453,-0.55,1.32,-0.5958637934226495,3.516153682527689,0,1,1,7,Bot,,,,0,3,R,R,CHC,SD,55,2
2025-10-01,695243,608348,SL,89.6,2417,0.46,-0.1,-0.775609921025342,2.785599954598639,0,0,1,7,Bot,,,,0,3,R,R,CHC,SD,55,1
2025-10-01,695243,673548,FF,102.7,2509,-0.5,1.24,-0.6662263927995656,3.3248281380773874,3,2,0,7,Bot,,,,0,3,R,R,CHC,SD,54,6
2025-10-01,695243,673548,FF,102.1,2537,-0.5,1.34,-0.4569528081929819,3.789312845727837,2,2,0,7,Bot,,,,0,3,R,R,CHC,SD,54,5
2025-10-01,695243,673548,SL,89.8,2612,0.91,-0.2,0.1195589402337908,0.9139123278622736,1,2,0,7,Bot,,,,0,3,R,R,CHC,SD,54,4
2025-10-01,695243,673548,SL,89.4,2616,1.17,-0.17,1.2428488751457831,2.291129621258191,0,2,0,7,Bot,,,,0,3,R,R,CHC,SD,54,3
2025-10-01,695243,673548,SL,88.7,2539,0.52,-0.24,1.282346589861138,1.695596628497249,0,1,0,7,Bot,,,,0,3,R,R,CHC,SD,54,2
2025-10-01,695243,673548,SL,87.8,2589,1.14,-0.13,0.5183052198911954,2.121390949308722,0,0,0,7,Bot,,,,0,3,R,R,CHC,SD,54,1
2025-10-01,607067,701538,FC,89.5,2207,-0.02,0.72,0.8368821080939799,2.3566090450892045,1,1,2,7,Top,650333,,,3,0,L,R,CHC,SD,53,3
2025-10-01,607067,701538,FF,94.6,2237,-0.4,1.15,2.007572829431401,3.1966513719828034,0,1,2,7,Top,650333,,,3,0,L,R,CHC,SD,53,2
2025-10-01,607067,701538,FC,90.1,2320,0.3,0.7,1.180608228609736,2.6246377587191945,0,0,2,7,Top,650333,,,3,0,L,R,CHC,SD,53,1
2025-10-01,607067,592518,ST,84.0,2476,1.24,0.33,1.0961793297417408,1.9248215293010356,1,2,1,7,Top,650333,,,3,0,R,R,CHC,SD,52,4
2025-10-01,607067,592518,FC,89.1,2118,0.02,0.53,-0.0432236352496588,2.184976185735948,1,1,1,7,Top,650333,,,3,0,R,R,CHC,SD,52,3
2025-10-01,607067,592518,FF,96.3,2116,-0.67,1.27,1.2843709521910212,1.8824277160701277,0,1,1,7,Top,650333,,,3,0,R,R,CHC,SD,52,2
2025-10-01,607067,592518,FF,96.1,2119,-0.67,1.24,0.3133855782902802,2.2609572815402914,0,0,1,7,Top,650333,,,3,0,R,R,CHC,SD,52,1
2025-10-01,607067,650333,FC,90.0,2138,-0.19,0.84,1.1604485111176108,1.8549982903885565,0,1,1,7,Top,,,,3,0,L,R,CHC,SD,51,2
2025-10-01,607067,650333,FF,94.7,2095,-0.69,1.16,-0.3315014913233841,2.6676970214693876,0,0,1,7,Top,,,,3,0,L,R,CHC,SD,51,1
2025-10-01,607067,665487,ST,82.2,2427,0.7,0.08,-0.2082611871207772,2.921157954103102,1,0,0,7,Top,,,,3,0,R,R,CHC,SD,50,2
2025-10-01,607067,665487,SI,93.3,1980,-1.24,0.57,-1.828488600419807,3.4254970970669456,0,0,0,7,Top,,,,3,0,R,R,CHC,SD,50,1
2025-10-01,670970,663656,SI,97.0,2329,1.07,0.58,0.1477155821389386,3.2401902334743986,3,2,2,6,Bot,,,,0,3,L,L,CHC,SD,49,7
2025-10-01,670970,663656,SI,97.6,2192,0.94,0.55,1.0685082257577734,3.07336732702612,2,2,2,6,Bot,,,,0,3,L,L,CHC,SD,49,6
2025-10-01,670970,663656,SI,96.6,2504,0.95,0.79,-0.3337427094375054,3.4557219106466923,2,2,2,6,Bot,,,,0,3,L,L,CHC,SD,49,5
2025-10-01,670970,663656,SL,87.5,2791,-0.26,0.28,-1.1584324528175092,2.879305174282782,1,2,2,6,Bot,,,,0,3,L,L,CHC,SD,49,4
2025-10-01,670970,663656,SI,97.2,2361,1.32,0.71,-0.2930014592103565,2.2881283809023225,1,1,2,6,Bot,,,,0,3,L,L,CHC,SD,49,3
2025-10-01,670970,663656,SI,97.7,2394,1.46,0.76,-0.6123011378571721,3.1839103310484265,0,1,2,6,Bot,,,,0,3,L,L,CHC,SD,49,2
2025-10-01,670970,663656,SI,97.8,2238,1.11,0.59,-0.3892043643020164,3.096025359055161,0,0,2,6,Bot,,,,0,3,L,L,CHC,SD,49,1
2025-10-01,670970,664023,SI,97.5,2367,1.25,0.72,0.259362955473241,2.434476276157991,3,1,1,6,Bot,,,,0,3,R,L,CHC,SD,48,5
2025-10-01,670970,664023,SI,97.1,2402,1.37,0.65,-0.7950791804554551,2.8810745339820247,2,1,1,6,Bot,,,,0,3,R,L,CHC,SD,48,4
2025-10-01,670970,664023,SI,97.2,2333,1.38,0.74,-0.0989864114963552,2.04101617960785,2,0,1,6,Bot,,,,0,3,R,L,CHC,SD,48,3
2025-10-01,670970,664023,CH,90.7,1061,1.06,-0.12,-0.4785782723854022,-0.063289839214899,1,0,1,6,Bot,,,,0,3,R,L,CHC,SD,48,2
2025-10-01,670970,664023,SI,98.2,2319,1.21,0.83,0.2325845262558032,1.3948463780872935,0,0,1,6,Bot,,,,0,3,R,L,CHC,SD,48,1
2025-10-01,670970,663538,SI,96.7,2345,1.34,0.86,0.0526772968113031,1.8035319259653717,2,1,0,6,Bot,,,,0,3,R,L,CHC,SD,47,4
2025-10-01,670970,663538,SI,97.8,2378,1.23,0.69,-1.1965768872801454,2.6649177126011385,1,1,0,6,Bot,,,,0,3,R,L,CHC,SD,47,3
2025-10-01,670970,663538,SI,95.9,2381,1.12,0.9,-0.7598808679949751,3.4636966030851033,0,1,0,6,Bot,,,,0,3,R,L,CHC,SD,47,2
2025-10-01,670970,663538,SL,86.9,2751,-0.48,0.04,0.6505734875281699,2.076603100248548,0,0,0,6,Bot,,,,0,3,R,L,CHC,SD,47,1
2025-10-01,607067,666023,SI,92.9,2060,-1.04,0.71,0.3150456046023369,1.904924728024024,1,0,2,6,Top,656811,593428,,3,0,R,R,CHC,SD,46,2
2025-10-01,607067,666023,FF,94.8,2150,-0.7,1.16,0.3232577621615476,1.406001601446213,0,0,2,6,Top,656811,593428,,3,0,R,R,CHC,SD,46,1
2025-10-01,573204,630105,FF,92.9,2284,0.46,1.52,0.0557289655296995,3.4747928339979905,0,1,1,6,Top,656811,593428,,3,0,L,L,CHC,SD,45,2
2025-10-01,573204,630105,SL,87.6,2257,-0.41,0.39,0.416060018744548,2.9252068656429127,0,0,1,6,Top,656811,593428,,3,0,L,L,CHC,SD,45,1
2025-10-01,573204,669369,CU,77.3,2631,-0.54,-1.21,0.6397060077795346,3.303884743492632,0,2,0,6,Top,656811,593428,,3,0,R,L,CHC,SD,44,3
2025-10-01,573204,669369,FF,93.0,2413,0.53,1.7,0.7381298147710204,1.9540310321339116,0,1,0,6,Top,656811,593428,,3,0,R,L,CHC,SD,44,2
2025-10-01,573204,669369,FF,92.8,2346,0.41,1.81,0.7416317045076843,2.817941775449781,0,0,0,6,Top,656811,593428,,3,0,R,L,CHC,SD,44,1
2025-10-01,573204,656811,FF,94.9,2424,0.32,1.7,0.0608456857960031,0.7834040916780398,3,2,0,6,Top,593428,,,3,0,L,L,CHC,SD,43,8
2025-10-01,573204,656811,FF,94.1,2288,0.35,1.53,0.8774346872620754,3.2026339685698915,3,2,0,6,Top,593428,,,3,0,L,L,CHC,SD,43,7
2025-10-01,573204,656811,CU,78.4,2638,-0.21,-1.09,0.0648411906628898,0.7534016293466532,2,2,0,6,Top,593428,,,3,0,L,L,CHC,SD,43,6
2025-10-01,573204,656811,SL,88.2,2437,-0.44,0.34,-1.7002482203312956,2.2745504209611376,1,2,0,6,Top,593428,,,3,0,L,L,CHC,SD,43,5
2025-10-01,573204,656811,CU,78.6,2642,-0.22,-0.97,-0.8698562998082626,1.622974735881372,0,2,0,6,Top,593428,,,3,0,L,L,CHC,SD,43,4
2025-10-01,573204,656811,FF,94.0,2341,0.4,1.65,0.0688248064539097,2.504302053558233,0,2,0,6,Top,593428,,,3,0,L,L,CHC,SD,43,3
2025-10-01,573204,656811,CU,77.9,2696,-0.32,-1.2,-0.0757680713668919,1.8631645559522445,0,1,0,6,Top,593428,,,3,0,L,L,CHC,SD,43,2
2025-10-01,573204,656811,FF,94.3,2377,0.36,1.64,-0.5524247622119431,2.521273080386776,0,0,0,6,Top,593428,,,3,0,L,L,CHC,SD,43,1
2025-10-01,573204,593428,FF,93.2,2226,0.5,1.59,0.3895754222776324,2.6865773974602103,0,0,0,6,Top,,,,3,0,R,L,CHC,SD,42,1
2025-10-01,670970,683737,SI,99.0,2405,1.05,0.75,0.6057630828124789,2.8938647090032923,2,2,2,5,Bot,,,,0,3,L,L,CHC,SD,41,6
2025-10-01,670970,683737,SL,88.5,2846,-0.43,-0.02,-0.1672562418003659,3.7827648946649735,1,2,2,5,Bot,,,,0,3,L,L,CHC,SD,41,5
2025-10-01,670970,683737,SI,98.5,2422,1.28,0.71,0.3146405350237951,3.5818849650036455,1,2,2,5,Bot,,,,0,3,L,L,CHC,SD,41,4
2025-10-01,670970,683737,SI,99.2,2499,1.41,0.79,0.4396079437847144,1.939597245423598,1,1,2,5,Bot,,,,0,3,L,L,CHC,SD,41,3
2025-10-01,670970,683737,SI,98.4,2492,1.48,0.6,0.0650722585061804,2.0559652531835075,1,0,2,5,Bot,,,,0,3,L,L,CHC,SD,41,2
2025-10-01,670970,683737,SI,98.7,2455,1.17,0.56,0.1577244328695561,1.3419006576521046,0,0,2,5,Bot,,,,0,3,L,L,CHC,SD,41,1
2025-10-01,670970,807713,SL,87.9,2868,-0.41,-0.05,-0.6265201461055995,1.969428174272572,1,0,1,5,Bot,,,,0,3,R,L,CHC,SD,40,2
2025-10-01,670970,807713,SL,88.4,2909,-0.39,-0.01,1.301761714026972,2.8375873758562595,0,0,1,5,Bot,,,,0,3,R,L,CHC,SD,40,1
2025-10-01,670970,621020,CH,90.9,1312,1.04,0.16,0.3475768508158943,2.189659626684359,1,2,0,5,Bot,,,,0,3,R,L,CHC,SD,39,5
2025-10-01,670970,621020,SI,98.2,2294,1.39,0.73,-0.8711955240188973,2.676395177570173,1,2,0,5,Bot,,,,0,3,R,L,CHC,SD,39,4
2025-10-01,670970,621020,CH,91.4,1231,0.96,0.33,0.4208866088724542,0.1845408286049656,0,2,0,5,Bot,,,,0,3,R,L,CHC,SD,39,3
2025-10-01,670970,621020,SI,98.0,2573,1.33,0.94,-0.6480512063292645,3.4395136238183053,0,1,0,5,Bot,,,,0,3,R,L,CHC,SD,39,2
2025-10-01,670970,621020,SI,98.3,2554,1.3,1.01,0.2241290304749215,3.2511057298579065,0,0,0,5,Bot,,,,0,3,R,L,CHC,SD,39,1
2025-10-01,684007,701538,FF,90.9,2373,0.97,1.37,-0.4459349910016853,2.933040406678737,0,2,2,5,Top,,,,3,0,L,L,CHC,SD,38,5
2025-10-01,684007,701538,ST,81.5,2522,-0.76,0.35,0.2489994880015903,3.0034932548239244,0,2,2,5,Top,,,,3,0,L,L,CHC,SD,38,4
2025-10-01,684007,701538,FS,84.8,1458,1.0,0.33,-0.2384046994401387,1.2091162975011698,0,2,2,5,Top,,,,3,0,L,L,CHC,SD,38,3
2025-10-01,684007,701538,FF,92.4,2441,0.99,1.52,-0.3927716551874169,1.9627339963365236,0,1,2,5,Top,,,,3,0,L,L,CHC,SD,38,2
2025-10-01,684007,701538,ST,80.2,2391,-0.99,0.03,0.1808121907682091,2.7022677719450905,0,0,2,5,Top,,,,3,0,L,L,CHC,SD,38,1
2025-10-01,684007,592518,FS,84.2,1255,1.09,0.42,0.0601859400724531,2.449517351480346,0,0,2,5,Top,,665487,,1,0,R,L,CHC,SD,37,1
2025-10-01,684007,650333,FF,91.1,2373,1.07,1.51,0.6173960377941032,3.5243614296918473,0,1,1,5,Top,665487,,,1,0,L,L,CHC,SD,36,2
2025-10-01,684007,650333,FF,92.0,2397,0.88,1.32,-0.4368220848723245,2.7007462440958308,0,0,1,5,Top,665487,,,1,0,L,L,CHC,SD,36,1
2025-10-01,684007,665487,ST,81.5,2495,-1.08,-0.24,-0.4618147353578037,1.2791034132386891,3,2,1,5,Top,,,,1,0,R,L,CHC,SD,35,7
2025-10-01,684007,665487,FS,84.7,1323,1.17,0.49,-0.4243500378017226,0.9207420036123372,2,2,1,5,Top,,,,1,0,R,L,CHC,SD,35,6
2025-10-01,684007,665487,FF,92.2,2480,0.92,1.49,-0.8213506844434184,2.8159192452498,2,2,1,5,Top,,,,1,0,R,L,CHC,SD,35,5
2025-10-01,684007,665487,ST,81.0,2382,-1.09,0.31,-0.2640429847928918,2.736698603124016,2,1,1,5,Top,,,,1,0,R,L,CHC,SD,35,4
2025-10-01,684007,665487,FS,84.3,1174,1.03,0.69,0.0293559806201848,2.3519948546421396,2,0,1,5,Top,,,,1,0,R,L,CHC,SD,35,3
2025-10-01,684007,665487,ST,79.5,2413,-1.19,-0.04,0.9141782431018716,4.046795982550985,1,0,1,5,Top,,,,1,0,R,L,CHC,SD,35,2
2025-10-01,684007,665487,FS,84.4,1293,1.1,0.22,1.754735897091407,3.085734239816172,0,0,1,5,Top,,,,1,0,R,L,CHC,SD,35,1
2025-10-01,684007,666023,FS,84.2,1314,1.04,0.44,0.2582998812996707,0.4395021170183288,0,2,0,5,Top,,,,1,0,R,L,CHC,SD,34,3
2025-10-01,684007,666023,FF,90.3,2447,0.84,1.6,-0.3971489613522905,3.777370809766847,0,1,0,5,Top,,,,1,0,R,L,CHC,SD,34,2
2025-10-01,684007,666023,ST,80.1,2433,-1.28,-0.01,0.33101463624606,2.7971424443697233,0,0,0,5,Top,,,,1,0,R,L,CHC,SD,34,1
2025-10-01,670970,691718,SI,98.4,2466,1.22,0.82,0.7800831522779139,1.589470042833244,1,2,2,4,Bot,608348,673548,,0,1,L,L,CHC,SD,33,4
2025-10-01,670970,691718,SL,88.0,2915,-0.54,-0.05,-1.8911195780919507,2.02449242766342,0,2,2,4,Bot,608348,673548,,0,1,L,L,CHC,SD,33,3
2025-10-01,670970,691718,SI,98.2,2453,1.3,0.79,0.6280256173266505,2.3668447827665657,0,1,2,4,Bot,608348,673548,,0,1,L,L,CHC,SD,33,2
2025-10-01,670970,691718,SI,97.4,2437,1.16,0.95,1.3407128562394763,3.616185905656639,0,0,2,4,Bot,608348,673548,,0,1,L,L,CHC,SD,33,1
2025-10-01,656302,673548,SL,91.6,2826,-0.14,0.25,0.0245662550215438,2.47253144476094,1,1,2,4,Bot,,,,0,1,R,R,CHC,SD,31,3
2025-10-01,656302,673548,SL,90.2,2879,0.17,0.27,0.2986582739116648,1.0086739141811705,1,0,2,4,Bot,,,,0,1,R,R,CHC,SD,31,2
2025-10-01,656302,673548,KC,82.4,2740,0.28,-1.09,1.406346574974009,2.0073914421389105,0,0,2,4,Bot,,,,0,1,R,R,CHC,SD,31,1
2025-10-01,656302,663656,FF,99.7,2667,-0.69,1.55,-0.4031882610444135,3.376162435347428,3,2,1,4,Bot,,,,0,1,L,R,CHC,SD,30,6
2025-10-01,656302,663656,SL,91.4,2883,-0.03,0.22,0.7635930146898393,1.5944056516839682,3,1,1,4,Bot,,,,0,1,L,R,CHC,SD,30,5
2025-10-01,656302,663656,SL,90.3,2886,-0.07,0.39,0.1888615247369111,0.529852428134562,2,1,1,4,Bot,,,,0,1,L,R,CHC,SD,30,4
2025-10-01,656302,663656,FF,99.7,2684,-0.36,1.58,0.0713149573689349,4.5852770826390135,1,1,1,4,Bot,,,,0,1,L,R,CHC,SD,30,3
2025-10-01,656302,663656,FF,99.6,2627,-0.46,1.53,-0.8926320354784454,3.7912222016675736,0,1,1,4,Bot,,,,0,1,L,R,CHC,SD,30,2
2025-10-01,656302,663656,KC,83.1,2778,-0.02,-1.26,-0.32876690172702,2.8527000600224857,0,0,1,4,Bot,,,,0,1,L,R,CHC,SD,30,1
2025-10-01,656302,664023,SL,90.9,2903,0.06,0.36,-0.4232191290202806,1.1169068989304027,3,2,0,4,Bot,,,,0,1,L,R,CHC,SD,29,7
2025-10-01,656302,664023,FF,97.7,2508,0.2,1.54,0.3867389846276957,2.556953740378707,3,2,0,4,Bot,,,,0,1,L,R,CHC,SD,29,6
2025-10-01,656302,664023,SL,91.1,2682,0.09,0.34,0.3513124278228938,3.258066047693323,3,1,0,4,Bot,,,,0,1,L,R,CHC,SD,29,5
2025-10-01,656302,664023,SL,89.3,2889,0.12,0.09,1.1018934011126111,0.8575221731102496,2,1,0,4,Bot,,,,0,1,L,R,CHC,SD,29,4
2025-10-01,656302,664023,SL,89.3,2689,0.06,0.25,0.6162162599535127,1.8210347926500363,2,0,0,4,Bot,,,,0,1,L,R,CHC,SD,29,3
2025-10-01,656302,664023,KC,80.4,2724,0.23,-1.15,1.1149191556135751,1.2776397879889174,1,0,0,4,Bot,,,,0,1,L,R,CHC,SD,29,2
2025-10-01,656302,664023,FF,96.3,2490,0.09,1.53,-0.7207439207980064,4.6203346086750665,0,0,0,4,Bot,,,,0,1,L,R,CHC,SD,29,1
2025-10-01,684007,630105,FF,92.6,2500,0.9,1.52,-0.2786268557096529,2.5691994622413006,0,1,2,4,Top,656811,701538,,1,0,L,L,CHC,SD,28,2
2025-10-01,684007,630105,FF,92.5,2499,0.7,1.45,-0.5687420262642459,3.325112345185768,0,0,2,4,Top,656811,701538,,1,0,L,L,CHC,SD,28,1
2025-10-01,684007,578428,SI,89.9,1753,1.25,0.83,-0.2624558392044955,1.7127686573187866,1,1,1,4,Top,656811,701538,,1,0,R,L,CHC,SD,27,3
2025-10-01,684007,578428,FF,91.6,2470,1.05,1.57,-0.0950224559090253,3.378406194617093,1,0,1,4,Top,656811,701538,,1,0,R,L,CHC,SD,27,2
2025-10-01,684007,578428,FF,92.1,2527,1.07,1.54,0.276318210794666,4.648753074100108,0,0,1,4,Top,656811,701538,,1,0,R,L,CHC,SD,27,1
2025-10-01,684007,656811,ST,84.0,2478,-0.39,0.21,0.3329285794809957,2.187146531385223,3,2,1,4,Top,701538,,,1,0,L,L,CHC,SD,26,7
2025-10-01,684007,656811,FF,92.9,2436,0.84,1.51,-0.4966415103483148,3.747209800738456,3,2,1,4,Top,701538,,,1,0,L,L,CHC,SD,26,6
2025-10-01,684007,656811,FF,92.4,2444,0.95,1.42,0.1582837990763982,1.6864164793460397,3,1,1,4,Top,701538,,,1,0,L,L,CHC,SD,26,5
2025-10-01,684007,656811,ST,81.5,2532,-1.05,-0.03,1.349238742564545,3.474854854450692,2,1,1,4,Top,701538,,,1,0,L,L,CHC,SD,26,4
2025-10-01,684007,656811,FF,91.4,2429,1.04,1.49,-0.2036598518788124,3.2605432176625473,2,0,1,4,Top,701538,,,1,0,L,L,CHC,SD,26,3
2025-10-01,684007,656811,FF,92.6,2389,0.8,1.52,-1.832046363078375,2.496325949421158,1,0,1,4,Top,701538,,,1,0,L,L,CHC,SD,26,2
2025-10-01,684007,656811,FF,92.2,2413,1.16,1.45,1.773273558752065,4.623479387822307,0,0,1,4,Top,701538,,,1,0,L,L,CHC,SD,26,1
2025-10-01,684007,593428,ST,82.2,2343,-0.96,0.09,-1.1749898848779066,2.161533641541994,3,2,0,4,Top,701538,,,1,0,R,L,CHC,SD,25,7
2025-10-01,684007,593428,FF,92.7,2455,0.93,1.47,0.1011950564391015,2.5392972548099735,3,2,0,4,Top,701538,,,1,0,R,L,CHC,SD,25,6
2025-10-01,684007,593428,FS,83.7,1196,1.1,0.27,1.839321430038122,3.672155307264763,2,2,0,4,Top,701538,,,1,0,R,L,CHC,SD,25,5
2025-10-01,684007,593428,FF,92.9,2432,0.95,1.57,-0.1129049582696689,2.69306743360266,2,1,0,4,Top,701538,,,1,0,R,L,CHC,SD,25,4
2025-10-01,684007,593428,FF,92.5,2377,1.03,1.61,-0.7503391763720371,3.191987644819984,2,0,0,4,Top,701538,,,1,0,R,L,CHC,SD,25,3
2025-10-01,684007,593428,FF,92.8,2420,0.99,1.54,-1.5713416898951265,1.7915815195499325,1,0,0,4,Top,701538,,,1,0,R,L,CHC,SD,25,2
2025-10-01,684007,593428,FF,92.8,2468,1.0,1.52,-0.6493901582527288,1.2801011738219883,0,0,0,4,Top,701538,,,1,0,R,L,CHC,SD,25,1
2025-10-01,684007,701538,FF,93.6,2554,0.95,1.72,-1.318286718789172,2.145006445645942,3,2,0,4,Top,,,,1,0,L,L,CHC,SD,24,8
2025-10-01,684007,701538,ST,82.4,2452,-1.14,0.04,1.0718316113903437,3.393632750960042,3,2,0,4,Top,,,,1,0,L,L,CHC,SD,24,7
2025-10-01,684007,701538,FF,92.7,2474,0.87,1.27,-0.3113603524625349,2.3544440712151946,3,2,0,4,Top,,,,1,0,L,L,CHC,SD,24,6
2025-10-01,684007,701538,FF,92.0,2493,0.91,1.31,-0.5672627333102506,1.0522990310220504,2,2,0,4,Top,,,,1,0,L,L,CHC,SD,24,5
2025-10-01,684007,701538,ST,82.4,2588,-1.35,-0.16,-0.9984568129176928,1.1952164638353675,1,2,0,4,Top,,,,1,0,L,L,CHC,SD,24,4
2025-10-01,684007,701538,FF,91.5,2458,0.85,1.44,0.548218344956248,3.0367294010789228,1,1,0,4,Top,,,,1,0,L,L,CHC,SD,24,3
2025-10-01,684007,701538,ST,82.4,2449,-1.15,-0.14,-0.6630460935031581,1.6921963558588993,1,0,0,4,Top,,,,1,0,L,L,CHC,SD,24,2
2025-10-01,684007,701538,ST,80.1,2480,-1.2,-0.19,-1.214365489185779,1.0091076490776865,0,0,0,4,Top,,,,1,0,L,L,CHC,SD,24,1
2025-10-01,656302,663538,FF,97.5,2555,-0.31,1.63,-0.2652674347571997,3.3756120438853428,1,1,2,3,Bot,,621020,,0,1,R,R,CHC,SD,23,3
2025-10-01,656302,663538,SL,91.0,2753,0.09,0.26,-0.4867010312736403,2.2664994496720077,1,0,2,3,Bot,,621020,,0,1,R,R,CHC,SD,23,2
2025-10-01,656302,663538,SL,89.4,2636,-0.2,0.28,0.1278089829342762,0.8512645047750982,0,0,2,3,Bot,,621020,,0,1,R,R,CHC,SD,23,1
2025-10-01,656302,683737,FF,98.4,2516,-0.27,1.52,0.3594570496365517,3.182959492365337,3,2,1,3,Bot,,621020,,0,1,L,R,CHC,SD,22,7
2025-10-01,656302,683737,SL,90.1,2696,0.12,0.3,0.5522195468271341,1.5760905286518183,2,2,1,3,Bot,,621020,,0,1,L,R,CHC,SD,22,6
2025-10-01,656302,683737,SL,91.3,2855,0.11,0.5,0.9027120143002386,2.043496986180845,2,2,1,3,Bot,,621020,,0,1,L,R,CHC,SD,22,5
2025-10-01,656302,683737,SL,91.2,2727,0.32,0.38,0.3877153491149494,1.4142423924581355,2,1,1,3,Bot,,621020,,0,1,L,R,CHC,SD,22,4
2025-10-01,656302,683737,FF,96.9,2519,-0.25,1.52,1.365617361383102,1.531588660016563,1,1,1,3,Bot,,621020,,0,1,L,R,CHC,SD,22,3
2025-10-01,656302,683737,FF,98.2,2598,-0.18,1.38,0.1434023976374777,2.6880886678248186,1,0,1,3,Bot,,621020,,0,1,L,R,CHC,SD,22,2
2025-10-01,656302,683737,KC,82.7,2710,0.03,-1.16,0.143984223461783,0.3936700904798078,0,0,1,3,Bot,621020,,,0,1,L,R,CHC,SD,22,1
2025-10-01,656302,807713,FF,96.4,2513,-0.04,1.56,0.7549216069632189,2.34605102034105,1,2,0,3,Bot,621020,,,0,1,R,R,CHC,SD,21,7
2025-10-01,656302,807713,FF,96.9,2508,-0.13,1.72,-0.1355723229242692,4.908976890470898,0,2,0,3,Bot,621020,,,0,1,R,R,CHC,SD,21,6
2025-10-01,656302,807713,ST,84.9,2911,0.57,-1.0,0.5520478180667941,0.781024990565522,0,2,0,3,Bot,621020,,,0,1,R,R,CHC,SD,21,5
2025-10-01,656302,807713,KC,82.1,2712,-0.08,-1.12,-0.5639625934879607,1.6174395199976508,0,2,0,3,Bot,621020,,,0,1,R,R,CHC,SD,21,4
2025-10-01,656302,807713,FF,98.0,2697,-0.63,1.52,0.1618721812823853,2.6475369159553104,0,2,0,3,Bot,621020,,,0,1,R,R,CHC,SD,21,3
2025-10-01,656302,807713,FF,97.1,2612,-0.33,1.54,-0.086510800058734,1.783678911487757,0,1,0,3,Bot,621020,,,0,1,R,R,CHC,SD,21,2
2025-10-01,656302,807713,SI,95.5,2533,-0.76,1.41,-0.7465894144591964,2.8601479202473676,0,0,0,3,Bot,621020,,,0,1,R,R,CHC,SD,21,1
2025-10-01,656302,621020,SL,89.0,2897,0.23,0.17,0.8442757160370165,2.34077796030454,0,1,0,3,Bot,,,,0,1,R,R,CHC,SD,20,2
2025-10-01,656302,621020,SL,87.8,2764,-0.1,0.49,-0.5374352230524087,2.718774392978147,0,0,0,3,Bot,,,,0,1,R,R,CHC,SD,20,1
2025-10-01,684007,592518,FF,92.2,2549,1.17,1.44,0.2291952902576557,3.0317828981775214,0,1,2,3,Top,,,666023,1,0,R,L,CHC,SD,19,2
2025-10-01,684007,592518,FS,84.6,1366,1.14,0.2,0.6046514236079112,1.7092534924640683,0,0,2,3,Top,,,666023,1,0,R,L,CHC,SD,19,1
2025-10-01,684007,650333,FS,84.1,1174,0.85,0.41,-0.2260234689604787,1.4044513099557268,1,2,1,3,Top,,666023,,1,0,L,L,CHC,SD,18,4
2025-10-01,684007,650333,FF,92.0,2434,1.12,1.34,0.0907250679706481,1.8492327740864327,1,1,1,3,Top,,666023,,1,0,L,L,CHC,SD,18,3
2025-10-01,684007,650333,FF,91.9,2417,0.91,1.52,-0.2134595898336587,3.2226738016382086,1,0,1,3,Top,,666023,,1,0,L,L,CHC,SD,18,2
2025-10-01,684007,650333,FF,92.2,2451,0.79,1.58,0.2578609184204282,4.0555402376504714,0,0,1,3,Top,,666023,,1,0,L,L,CHC,SD,18,1
2025-10-01,684007,665487,FF,92.1,2455,1.06,1.47,-0.4216906142230545,2.0092030699845207,0,0,0,3,Top,,666023,,1,0,R,L,CHC,SD,17,1
2025-10-01,684007,666023,FS,85.3,1258,1.1,0.37,-0.1708501841017902,2.3965838541584032,1,2,0,3,Top,,,,1,0,R,L,CHC,SD,16,4
2025-10-01,684007,666023,FF,91.8,2431,0.97,1.52,-0.2057459980332661,4.143024808341616,0,2,0,3,Top,,,,1,0,R,L,CHC,SD,16,3
2025-10-01,684007,666023,FS,84.7,1151,0.96,0.22,-0.7057873354318909,1.7654664980732813,0,1,0,3,Top,,,,1,0,R,L,CHC,SD,16,2
2025-10-01,684007,666023,FF,91.5,2421,1.1,1.49,-0.2300208819477285,3.108885769445135,0,0,0,3,Top,,,,1,0,R,L,CHC,SD,16,1
2025-10-01,656302,691718,SL,91.5,2841,-0.1,0.34,1.100412369796489,1.0245235654255194,3,2,2,2,Bot,,,,0,1,L,R,CHC,SD,15,8
2025-10-01,656302,691718,FF,98.6,2408,-0.37,1.44,0.4878472136214665,2.984479137711366,3,2,2,2,Bot,,,,0,1,L,R,CHC,SD,15,7
2025-10-01,656302,691718,FF,99.3,2661,-0.55,1.54,0.5030805782499272,2.679965711578259,3,2,2,2,Bot,,,,0,1,L,R,CHC,SD,15,6
2025-10-01,656302,691718,FF,99.0,2690,-0.34,1.47,-0.7201275475184405,1.2876103392594516,2,2,2,2,Bot,,,,0,1,L,R,CHC,SD,15,5
2025-10-01,656302,691718,FF,98.8,2699,-0.45,1.56,0.3288152643591679,3.396420426697561,2,1,2,2,Bot,,,,0,1,L,R,CHC,SD,15,4
2025-10-01,656302,691718,KC,83.1,2801,0.2,-1.34,1.3426303171840013,1.180950979126242,1,1,2,2,Bot,,,,0,1,L,R,CHC,SD,15,3
2025-10-01,656302,691718,FF,98.9,2767,-0.36,1.47,0.4560256502139053,3.2936282570492623,1,0,2,2,Bot,,,,0,1,L,R,CHC,SD,15,2
2025-10-01,656302,691718,FF,98.5,2561,-0.46,1.39,0.2302499548316711,3.8778615968096646,0,0,2,2,Bot,,,,0,1,L,R,CHC,SD,15,1
2025-10-01,656302,608348,FF,99.7,2574,-0.6,1.52,-0.4774470832347907,3.8563429332845938,2,2,1,2,Bot,,,,0,1,R,R,CHC,SD,14,5
2025-10-01,656302,608348,SL,91.2,2808,-0.2,0.39,-0.2671352749463837,0.8801687891607184,2,1,1,2,Bot,,,,0,1,R,R,CHC,SD,14,4
2025-10-01,656302,608348,SL,92.1,2873,-0.11,0.35,1.3168679718929823,1.4729604786438917,1,1,1,2,Bot,,,,0,1,R,R,CHC,SD,14,3
2025-10-01,656302,608348,FF,98.2,2676,-0.17,1.5,-0.1092575026007094,2.556744930478591,1,0,1,2,Bot,,,,0,1,R,R,CHC,SD,14,2
2025-10-01,656302,608348,FF,99.5,2621,-0.46,1.53,0.1994221855238168,1.2864473961705003,0,0,1,2,Bot,,,,0,1,R,R,CHC,SD,14,1
2025-10-01,656302,673548,SL,91.8,2827,-0.03,0.36,0.0189286025538338,1.4517584235164978,3,2,0,2,Bot,,,,0,1,R,R,CHC,SD,13,7
2025-10-01,656302,673548,SL,90.7,2788,0.16,0.47,1.277269246987332,1.422832935678015,2,2,0,2,Bot,,,,0,1,R,R,CHC,SD,13,6
2025-10-01,656302,673548,FF,99.1,2692,-0.38,1.56,0.4115821297817182,2.9694206718914713,2,2,0,2,Bot,,,,0,1,R,R,CHC,SD,13,5
2025-10-01,656302,673548,SL,90.7,2856,0.06,0.34,1.3622592663556514,1.606098874207685,1,2,0,2,Bot,,,,0,1,R,R,CHC,SD,13,4
2025-10-01,656302,673548,FF,99.2,2585,-0.39,1.65,0.3519529238605985,2.393172580526536,1,1,0,2,Bot,,,,0,1,R,R,CHC,SD,13,3
2025-10-01,656302,673548,SL,89.5,2768,0.07,0.43,1.0165710139965514,2.2524138649055843,1,0,0,2,Bot,,,,0,1,R,R,CHC,SD,13,2
2025-10-01,656302,673548,SL,88.4,2743,0.22,0.21,-0.1320122834957177,3.849240708803314,0,0,0,2,Bot,,,,0,1,R,R,CHC,SD,13,1
2025-10-01,684007,630105,FS,84.5,1320,1.04,0.4,-0.5211715897829283,1.0733502858089916,2,2,2,2,Top,,,,1,0,L,L,CHC,SD,12,6
2025-10-01,684007,630105,ST,83.3,2550,-0.88,0.4,0.105664153559366,3.340649144819791,2,2,2,2,Top,,,,1,0,L,L,CHC,SD,12,5
2025-10-01,684007,630105,FF,92.1,2431,0.58,1.43,0.2554759904923392,3.2478623906770387,2,1,2,2,Top,,,,1,0,L,L,CHC,SD,12,4
2025-10-01,684007,630105,FF,92.3,2342,0.54,1.35,0.2600682627289435,3.494984673592289,1,1,2,2,Top,,,,1,0,L,L,CHC,SD,12,3
2025-10-01,684007,630105,FF,92.4,2458,0.6,1.39,-0.804950234433281,2.3332585830987576,1,0,2,2,Top,,,,1,0,L,L,CHC,SD,12,2
2025-10-01,684007,630105,FF,92.4,2463,0.86,1.49,-1.1555982198177706,2.7679977628203503,0,0,2,2,Top,,,,1,0,L,L,CHC,SD,12,1
2025-10-01,684007,657757,FF,93.0,2444,0.73,1.67,-0.0719945921024621,3.6688729466241137,0,0,1,2,Top,,,,1,0,L,L,CHC,SD,11,1
2025-10-01,684007,656811,FF,92.1,2358,0.94,1.31,1.0763681271248005,3.0483024595202073,2,1,0,2,Top,,,,1,0,L,L,CHC,SD,10,4
2025-10-01,684007,656811,FF,92.3,2446,0.99,1.49,0.5968732365292707,3.612238785794986,2,0,0,2,Top,,,,1,0,L,L,CHC,SD,10,3
2025-10-01,684007,656811,FF,92.2,2474,0.86,1.45,-1.0100592324687705,2.666698401187636,1,0,0,2,Top,,,,1,0,L,L,CHC,SD,10,2
2025-10-01,684007,656811,ST,82.0,2430,-1.01,0.3,-0.7292870947607248,3.1207465951566684,0,0,0,2,Top,,,,1,0,L,L,CHC,SD,10,1
2025-10-01,656302,663656,FF,97.4,2686,-0.49,1.43,-0.4087714980255006,2.3079145092242115,0,1,2,1,Bot,663538,,,0,1,L,R,CHC,SD,9,2
2025-10-01,656302,663656,FF,98.2,2762,-0.21,1.59,-0.4506700500391628,2.5352699985770055,0,0,2,1,Bot,663538,,,0,1,L,R,CHC,SD,9,1
2025-10-01,656302,664023,FF,97.5,2573,-0.4,1.42,-0.2224331292958641,3.1115037717598333,2,2,1,1,Bot,663538,,,0,1,L,R,CHC,SD,8,5
2025-10-01,656302,664023,SL,89.6,2830,0.02,0.4,0.0571439524745736,0.940745440718791,1,2,1,1,Bot,663538,,,0,1,L,R,CHC,SD,8,4
2025-10-01,656302,664023,FF,95.9,2554,-0.44,1.56,-0.2244387870101344,3.1247687979431484,1,1,1,1,Bot,663538,,,0,1,L,R,CHC,SD,8,3
2025-10-01,656302,664023,FF,96.3,2573,-0.36,1.45,-1.1865794890013304,4.225578511907214,0,1,1,1,Bot,663538,,,0,1,L,R,CHC,SD,8,2
2025-10-01,656302,664023,FF,96.7,2570,-0.42,1.6,-0.2032002743904022,2.4046239517078307,0,0,1,1,Bot,663538,,,0,1,L,R,CHC,SD,8,1
2025-10-01,656302,663538,SI,97.4,2454,-0.81,1.05,-0.3385826121302213,1.8510303590606048,1,1,1,1,Bot,,,,0,1,R,R,CHC,SD,7,3
2025-10-01,656302,663538,SL,88.7,2768,0.28,0.12,0.7910522464349449,1.2193552429005483,0,1,1,1,Bot,,,,0,1,R,R,CHC,SD,7,2
2025-10-01,656302,663538,SL,89.6,2618,0.11,0.22,-0.0385754903988483,1.537796083614099,0,0,1,1,Bot,,,,0,1,R,R,CHC,SD,7,1
2025-10-01,656302,683737,FF,98.9,2623,-0.14,1.61,0.9292430347613296,2.676475586462226,0,2,0,1,Bot,,,,0,1,L,R,CHC,SD,6,4
2025-10-01,656302,683737,KC,83.3,2697,0.19,-1.16,0.5101306996334151,1.888481910745262,0,2,0,1,Bot,,,,0,1,L,R,CHC,SD,6,3
2025-10-01,656302,683737,FF,98.6,2548,-0.58,1.53,-0.127400288787236,1.828590846636733,0,1,0,1,Bot,,,,0,1,L,R,CHC,SD,6,2
2025-10-01,656302,683737,FF,98.1,2529,-0.44,1.56,-0.0243274218975486,2.7398113391323413,0,0,0,1,Bot,,,,0,1,L,R,CHC,SD,6,1
2025-10-01,552640,593428,SL,90.3,2567,0.34,0.13,0.1734148148957444,2.1068182816411563,1,1,2,1,Top,,,650333,1,0,R,R,CHC,SD,5,3
2025-10-01,552640,593428,SI,94.3,2208,-1.15,0.75,-0.786387195988727,2.762376057564808,1,0,2,1,Top,,,650333,1,0,R,R,CHC,SD,5,2
2025-10-01,552640,593428,SL,90.6,2564,0.37,0.13,0.4300311994732437,1.4346131005925384,0,0,2,1,Top,,,650333,1,0,R,R,CHC,SD,5,1
2025-10-01,552640,701538,SL,89.8,2599,0.46,0.41,-0.1666199297987574,1.4659557001402788,2,2,1,1,Top,,650333,665487,0,0,L,R,CHC,SD,4,6
2025-10-01,552640,701538,FF,94.5,2463,-0.22,1.18,-0.9748988879360132,4.866320031348523,1,2,1,1,Top,650333,665487,,0,0,L,R,CHC,SD,4,5
2025-10-01,552640,701538,SL,91.5,2590,0.29,0.32,0.5644512842664089,2.164133206541143,1,2,1,1,Top,650333,665487,,0,0,L,R,CHC,SD,4,4
2025-10-01,552640,701538,SL,90.0,2744,0.43,0.49,0.2160086007764339,0.527140980497703,0,2,1,1,Top,650333,665487,,0,0,L,R,CHC,SD,4,3
2025-10-01,552640,701538,FF,94.8,2558,-0.16,1.24,-0.0696219299344678,3.653894617186421,0,1,1,1,Top,650333,665487,,0,0,L,R,CHC,SD,4,2
2025-10-01,552640,701538,SL,90.1,2632,0.59,0.25,0.468070806202938,1.7739637431250803,0,0,1,1,Top,650333,665487,,0,0,L,R,CHC,SD,4,1
2025-10-01,552640,592518,SL,89.9,2599,0.6,0.16,0.9153715848575228,2.3057428077100157,2,2,0,1,Top,650333,665487,,0,0,R,R,CHC,SD,3,5
2025-10-01,552640,592518,SI,94.8,2335,-1.13,0.89,-0.8188562832562996,1.5074649698694278,2,1,0,1,Top,650333,665487,,0,0,R,R,CHC,SD,3,4
2025-10-01,552640,592518,SI,95.8,2324,-1.23,0.94,-0.33383869281867,1.1779153188333256,1,1,0,1,Top,650333,665487,,0,0,R,R,CHC,SD,3,3
2025-10-01,552640,592518,SI,95.6,2368,-1.47,0.74,-1.2147422459052102,1.2187170870268813,0,1,0,1,Top,650333,665487,,0,0,R,R,CHC,SD,3,2
2025-10-01,552640,592518,SI,95.0,2400,-1.43,0.66,-0.1054089127103288,1.9932498850840024,0,0,0,1,Top,650333,665487,,0,0,R,R,CHC,SD,3,1
2025-10-01,552640,650333,SL,90.7,2687,0.6,0.06,0.2949453752297967,1.0082948814868171,0,2,0,1,Top,665487,,,0,0,L,R,CHC,SD,2,3
2025-10-01,552640,650333,SI,95.4,2383,-1.11,0.74,0.0430669276910153,1.4739103689935429,0,1,0,1,Top,665487,,,0,0,L,R,CHC,SD,2,2
2025-10-01,552640,650333,SI,94.3,2407,-1.21,0.81,0.003996463414235,3.0849997402965106,0,0,0,1,Top,665487,,,0,0,L,R,CHC,SD,2,1
2025-10-01,552640,665487,SI,94.9,2401,-1.26,0.85,-0.8615343455838389,2.426667536181485,1,1,0,1,Top,,,,0,0,R,R,CHC,SD,1,3
2025-10-01,552640,665487,SL,89.9,2753,0.51,0.45,0.869674272425307,3.02955394692036,0,1,0,1,Top,,,,0,0,R,R,CHC,SD,1,2
2025-10-01,552640,665487,SL,91.2,2606,0.21,0.44,-0.3376256936701393,1.3391803234223778,0,0,0,1,Top,,,,0,0,R,R,CHC,SD,1,1
